text,pos,category,meaning_vi,meaning_en,source,note
apology,noun,greetings,lời xin lỗi,,cefrj,
congratulate,verb,greetings,chúc mừng,,cefrj,
excuse,verb,greetings,tha lỗi,,cefrj,
farewell,noun,greetings,lời chia tay,,cefrj,
gee,interjection,greetings,trời ơi!,,cefrj,
goodness,interjection,greetings,trời ơi!,,cefrj,
greeting,noun,greetings,lời chào,,cefrj,
handshake,noun,greetings,cái bắt tay,,cefrj,
pardon,verb,greetings,tha thứ; xin lỗi?,,cefrj,
welcome,adjective,greetings,được chào đón,,cefrj,
aborigine,noun,people,thổ dân (Úc),,cefrj,
acquaintance,noun,people,người quen,,cefrj,
bald,adjective,people,hói,,cefrj,
buddy,noun,people,bạn thân,,cefrj,
celebrity,noun,people,người nổi tiếng,,cefrj,
companion,noun,people,bạn đồng hành,,cefrj,
creator,noun,people,người sáng tạo,,cefrj,
curly,adjective,people,xoăn,,cefrj,
dude,noun,people,anh chàng (thân mật),,cefrj,
Englishman,noun,people,người Anh (nam),,cefrj,
enthusiast,noun,people,người đam mê,,cefrj,
fellow,noun,people,"bạn, đồng nghiệp; anh chàng",,cefrj,
folk,noun,people,người (dân gian),,cefrj,
gay,adjective,people,đồng tính,,cefrj,
gentleman,noun,people,quý ông,,cefrj,
human,noun,people,con người,,cefrj,
idol,noun,people,thần tượng,,cefrj,
inhabitant,noun,people,cư dân,,cefrj,
innovator,noun,people,người đổi mới,,cefrj,
latecomer,noun,people,người đến muộn,,cefrj,
liar,noun,people,kẻ nói dối,,cefrj,
male,adjective,people,thuộc nam giới,,cefrj,
middle-aged,adjective,people,trung niên,,cefrj,
newcomer,noun,people,người mới đến,,cefrj,
nickname,noun,people,biệt danh,,cefrj,
pale,adjective,people,nhợt nhạt,,cefrj,
participant,noun,people,người tham gia,,cefrj,
relationship,noun,people,mối quan hệ,,cefrj,
resident,adjective,people,cư trú,,cefrj,
runaway,noun,people,người bỏ trốn,,cefrj,
sex,noun,people,giới tính,,cefrj,
single,noun,people,người độc thân; vé một chiều,,cefrj,
smoker,noun,people,người hút thuốc,,cefrj,
supporter,noun,people,người ủng hộ,,cefrj,
survivor,noun,people,người sống sót,,cefrj,
teen,noun,people,thiếu niên,,cefrj,
underage,adjective,people,chưa đủ tuổi,,cefrj,
adopt,verb,family,nhận nuôi; áp dụng,,cefrj,
babysit,verb,family,trông trẻ,,cefrj,
date,verb,family,hẹn hò; ghi ngày,,cefrj,
dating,noun,family,việc hẹn hò,,cefrj,
diaper,noun,family,tã lót,,cefrj,
divorced,adjective,family,đã ly hôn,,cefrj,
engaged,adjective,family,đã đính hôn; bận,,cefrj,
groom,noun,family,chú rể,,cefrj,
honeymoon,noun,family,tuần trăng mật,,cefrj,
kiss,verb,family,hôn,,cefrj,
marriage,noun,family,hôn nhân,,cefrj,
nephew,noun,family,cháu trai (con của anh chị em),,cefrj,
newborn,adjective,family,mới sinh,,cefrj,
niece,noun,family,cháu gái (con của anh chị em),,cefrj,
parental,adjective,family,thuộc cha mẹ,,cefrj,
relative,noun,family,họ hàng,,cefrj,
separation,noun,family,sự chia ly,,cefrj,
twin,noun,family,anh chị em sinh đôi,,cefrj,
ache,noun,body-health,cơn đau nhức,,cefrj,
allergic,adjective,body-health,bị dị ứng,,cefrj,
ambulance,noun,body-health,xe cứu thương,,cefrj,
aspirin,noun,body-health,thuốc aspirin,,cefrj,
backache,noun,body-health,chứng đau lưng,,cefrj,
bandage,noun,body-health,băng gạc,,cefrj,
beard,noun,body-health,râu,,cefrj,
bleed,verb,body-health,chảy máu,,cefrj,
blind,adjective,body-health,mù,,cefrj,
breast,noun,body-health,ngực; vú,,cefrj,
breath,noun,body-health,hơi thở,,cefrj,
breathless,adjective,body-health,hụt hơi,,cefrj,
cancer,noun,body-health,bệnh ung thư,,cefrj,
capsule,noun,body-health,viên nang,,cefrj,
cell,noun,body-health,tế bào; phòng giam,,cefrj,
choke,verb,body-health,nghẹn,,cefrj,
clinic,noun,body-health,phòng khám,,cefrj,
cough,verb,body-health,ho,,cefrj,
counseling,noun,body-health,sự tư vấn tâm lý,,cefrj,
cure,noun,body-health,cách chữa trị,,cefrj,
cut,noun,body-health,vết cắt,,cefrj,
deaf,adjective,body-health,điếc,,cefrj,
deficiency,noun,body-health,sự thiếu hụt,,cefrj,
depression,noun,body-health,bệnh trầm cảm,,cefrj,
disability,noun,body-health,khuyết tật,,cefrj,
disabled,adjective,body-health,bị khuyết tật,,cefrj,
discomfort,noun,body-health,sự khó chịu,,cefrj,
disease,noun,body-health,bệnh,,cefrj,
doc,noun,body-health,bác sĩ (thân mật),,cefrj,
earache,noun,body-health,đau tai,,cefrj,
elbow,noun,body-health,khuỷu tay,,cefrj,
exhausted,adjective,body-health,kiệt sức,,cefrj,
eyesight,noun,body-health,thị lực,,cefrj,
finger,noun,body-health,ngón tay,,cefrj,
fitness,noun,body-health,"sự khoẻ mạnh, thể lực",,cefrj,
flu,noun,body-health,cúm,,cefrj,
foot,noun,body-health,bàn chân,,cefrj,
forehead,noun,body-health,trán,,cefrj,
gall,noun,body-health,mật; sự trơ tráo,,cefrj,
heal,verb,body-health,chữa lành,,cefrj,
healing,adjective,body-health,có tác dụng chữa lành,,cefrj,
hearing,noun,body-health,thính giác; phiên điều trần,,cefrj,
heart attack,noun,body-health,cơn đau tim,,cefrj,
heel,noun,body-health,gót chân,,cefrj,
hip,noun,body-health,hông,,cefrj,
HIV,noun,body-health,HIV,,cefrj,
hurt,adjective,body-health,bị thương; tổn thương,,cefrj,
illness,noun,body-health,bệnh tật,,cefrj,
infection,noun,body-health,sự nhiễm trùng,,cefrj,
inhale,verb,body-health,hít vào,,cefrj,
inject,verb,body-health,tiêm,,cefrj,
injury,noun,body-health,chấn thương,,cefrj,
limp,verb,body-health,đi khập khiễng,,cefrj,
liver,noun,body-health,gan,,cefrj,
lung,noun,body-health,phổi,,cefrj,
meditate,verb,body-health,thiền,,cefrj,
meditation,noun,body-health,sự thiền định,,cefrj,
mental,adjective,body-health,thuộc tinh thần,,cefrj,
muscle,noun,body-health,cơ bắp,,cefrj,
nail,noun,body-health,móng tay; cái đinh,,cefrj,
naked,adjective,body-health,trần truồng,,cefrj,
nurse,verb,body-health,chăm sóc (người bệnh),,cefrj,
operation,noun,body-health,ca phẫu thuật; sự vận hành,,cefrj,
organ,noun,body-health,cơ quan (cơ thể); đàn organ,,cefrj,
pain,noun,body-health,cơn đau,,cefrj,
painful,adjective,body-health,đau đớn,,cefrj,
palm,noun,body-health,lòng bàn tay; cây cọ,,cefrj,
paralyze,verb,body-health,làm tê liệt,,cefrj,
pharmacy,noun,body-health,hiệu thuốc,,cefrj,
poison,noun,body-health,chất độc,,cefrj,
poisonous,adjective,body-health,có độc,,cefrj,
pregnant,adjective,body-health,có thai,,cefrj,
prescription,noun,body-health,đơn thuốc,,cefrj,
psychological,adjective,body-health,thuộc tâm lý,,cefrj,
recover,verb,body-health,hồi phục,,cefrj,
recovery,noun,body-health,sự hồi phục,,cefrj,
remedy,noun,body-health,phương thuốc,,cefrj,
shiver,verb,body-health,run rẩy,,cefrj,
sickness,noun,body-health,"bệnh, sự ốm",,cefrj,
skeleton,noun,body-health,bộ xương,,cefrj,
skin,noun,body-health,da,,cefrj,
smell,verb,body-health,ngửi; có mùi,,cefrj,
sneeze,noun,body-health,cái hắt hơi,,cefrj,
sore,adjective,body-health,đau nhức,,cefrj,
strain,noun,body-health,sự căng thẳng; sự căng cơ,,cefrj,
subconscious,adjective,body-health,thuộc tiềm thức,,cefrj,
suffer,verb,body-health,"chịu đựng, đau khổ",,cefrj,
surgery,noun,body-health,ca phẫu thuật,,cefrj,
sweat,noun,body-health,mồ hôi,,cefrj,
swell,verb,body-health,sưng lên,,cefrj,
swollen,adjective,body-health,sưng phồng,,cefrj,
symptom,noun,body-health,triệu chứng,,cefrj,
syndrome,noun,body-health,hội chứng,,cefrj,
tablet,noun,body-health,viên thuốc; máy tính bảng,,cefrj,
thumb,noun,body-health,ngón tay cái,,cefrj,
tire,verb,body-health,làm mệt,,cefrj,
tiring,adjective,body-health,mệt mỏi (gây mệt),,cefrj,
tongue,noun,body-health,lưỡi,,cefrj,
treatment,noun,body-health,sự điều trị,,cefrj,
tremble,verb,body-health,run rẩy,,cefrj,
unfit,adjective,body-health,"không khoẻ, không phù hợp",,cefrj,
unwell,adjective,body-health,không khoẻ,,cefrj,
vein,noun,body-health,tĩnh mạch,,cefrj,
virus,noun,body-health,vi rút,,cefrj,
vision,noun,body-health,thị lực; tầm nhìn,,cefrj,
ward,noun,body-health,khu (bệnh viện),,cefrj,
wound,noun,body-health,vết thương,,cefrj,
wrist,noun,body-health,cổ tay,,cefrj,
admiration,noun,feelings,sự ngưỡng mộ,,cefrj,
adorable,adjective,feelings,đáng yêu,,cefrj,
affection,noun,feelings,"tình cảm, sự yêu mến",,cefrj,
aggressive,adjective,feelings,hung hăng,,cefrj,
alarm,verb,feelings,"làm hoảng sợ, báo động",,cefrj,
amazed,adjective,feelings,kinh ngạc,,cefrj,
amazing,adjective,feelings,"tuyệt vời, đáng kinh ngạc",,cefrj,
ambitious,adjective,feelings,tham vọng,,cefrj,
amusing,adjective,feelings,"vui, buồn cười",,cefrj,
anger,noun,feelings,sự tức giận,,cefrj,
animated,adjective,feelings,sôi nổi; hoạt hình,,cefrj,
annoyance,noun,feelings,sự khó chịu,,cefrj,
annoyed,adjective,feelings,bực mình,,cefrj,
anxiety,noun,feelings,sự lo âu,,cefrj,
appreciation,noun,feelings,"sự cảm kích, đánh giá cao",,cefrj,
ashamed,adjective,feelings,xấu hổ,,cefrj,
awesome,adjective,feelings,tuyệt vời,,cefrj,
awkward,adjective,feelings,"vụng về, ngượng ngùng",,cefrj,
beloved,adjective,feelings,yêu quý,,cefrj,
blush,noun,feelings,sự đỏ mặt,,cefrj,
boast,verb,feelings,khoe khoang,,cefrj,
bore,verb,feelings,làm chán,,cefrj,
boredom,noun,feelings,sự buồn chán,,cefrj,
bother,noun,feelings,sự phiền phức,,cefrj,
calm,adjective,feelings,bình tĩnh,,cefrj,
calmness,noun,feelings,sự bình tĩnh,,cefrj,
care,verb,feelings,"quan tâm, chăm sóc",,cefrj,
charm,noun,feelings,sự quyến rũ,,cefrj,
cheerful,adjective,feelings,vui vẻ,,cefrj,
cherish,verb,feelings,"trân trọng, yêu thương",,cefrj,
chuckle,noun,feelings,tiếng cười khúc khích,,cefrj,
comfort,noun,feelings,"sự thoải mái, an ủi",,cefrj,
concerned,adjective,feelings,lo lắng; có liên quan,,cefrj,
confidence,noun,feelings,sự tự tin,,cefrj,
courage,noun,feelings,sự can đảm,,cefrj,
courageous,adjective,feelings,can đảm,,cefrj,
cruel,adjective,feelings,tàn nhẫn,,cefrj,
crush,noun,feelings,sự say nắng (cảm nắng ai),,cefrj,
curiosity,noun,feelings,sự tò mò,,cefrj,
curious,adjective,feelings,tò mò,,cefrj,
daze,noun,feelings,sự choáng váng,,cefrj,
dazzle,noun,feelings,sự chói loá,,cefrj,
delight,noun,feelings,niềm vui sướng,,cefrj,
delighted,adjective,feelings,vui mừng,,cefrj,
delightful,adjective,feelings,"thú vị, dễ chịu",,cefrj,
depressed,adjective,feelings,"chán nản, trầm cảm",,cefrj,
depressing,adjective,feelings,gây chán nản,,cefrj,
desire,noun,feelings,mong muốn,,cefrj,
despair,noun,feelings,sự tuyệt vọng,,cefrj,
desperate,adjective,feelings,tuyệt vọng,,cefrj,
determination,noun,feelings,sự quyết tâm,,cefrj,
devotion,noun,feelings,sự tận tâm,,cefrj,
diligence,noun,feelings,sự siêng năng,,cefrj,
diligent,adjective,feelings,siêng năng,,cefrj,
disappoint,verb,feelings,làm thất vọng,,cefrj,
disappointment,noun,feelings,sự thất vọng,,cefrj,
disgusting,adjective,feelings,ghê tởm,,cefrj,
dislike,verb,feelings,không thích,,cefrj,
dull,adjective,feelings,buồn tẻ; xỉn màu,,cefrj,
eager,adjective,feelings,háo hức,,cefrj,
eagerness,noun,feelings,sự háo hức,,cefrj,
earnest,adjective,feelings,"nghiêm túc, tha thiết",,cefrj,
easygoing,adjective,feelings,dễ tính,,cefrj,
ecstasy,noun,feelings,trạng thái ngây ngất,,cefrj,
embarrass,verb,feelings,làm xấu hổ,,cefrj,
embarrassed,adjective,feelings,ngượng ngùng,,cefrj,
embarrassment,noun,feelings,sự ngượng ngùng,,cefrj,
emotion,noun,feelings,cảm xúc,,cefrj,
emotional,adjective,feelings,thuộc cảm xúc; xúc động,,cefrj,
encouragement,noun,feelings,sự khích lệ,,cefrj,
encouraging,adjective,feelings,đáng khích lệ,,cefrj,
enjoyable,adjective,feelings,thú vị,,cefrj,
enjoyment,noun,feelings,sự thích thú,,cefrj,
enthusiasm,noun,feelings,sự nhiệt tình,,cefrj,
enthusiastic,adjective,feelings,nhiệt tình,,cefrj,
excitement,noun,feelings,sự phấn khích,,cefrj,
faithful,adjective,feelings,chung thuỷ,,cefrj,
fancy,noun,feelings,"sự thích, ý thích; thích, muốn",,cefrj,
fascinate,verb,feelings,làm say mê,,cefrj,
fond,adjective,feelings,"thích, yêu mến",,cefrj,
fondness,noun,feelings,sự yêu thích,,cefrj,
foolish,adjective,feelings,ngốc nghếch,,cefrj,
forgive,verb,feelings,tha thứ,,cefrj,
fortunate,adjective,feelings,may mắn,,cefrj,
friendliness,noun,feelings,sự thân thiện,,cefrj,
fright,noun,feelings,sự hoảng sợ,,cefrj,
frustrated,adjective,feelings,"nản lòng, bực bội",,cefrj,
frustration,noun,feelings,sự nản lòng,,cefrj,
fuss,noun,feelings,sự ầm ĩ,,cefrj,
generous,adjective,feelings,hào phóng,,cefrj,
gifted,adjective,feelings,có năng khiếu,,cefrj,
giggle,noun,feelings,tiếng cười khúc khích,,cefrj,
gorgeous,adjective,feelings,lộng lẫy,,cefrj,
gratitude,noun,feelings,lòng biết ơn,,cefrj,
guilt,noun,feelings,cảm giác tội lỗi,,cefrj,
guilty,adjective,feelings,có tội,,cefrj,
hard-working,adjective,feelings,chăm chỉ,,cefrj,
hate,noun,feelings,sự căm ghét,,cefrj,
hatred,noun,feelings,lòng thù hận,,cefrj,
hearted,adjective,feelings,có tấm lòng (… -hearted),,cefrj,
hearty,adjective,feelings,nồng nhiệt; thịnh soạn,,cefrj,
helpless,adjective,feelings,bất lực,,cefrj,
hesitate,verb,feelings,do dự,,cefrj,
honest,adjective,feelings,trung thực,,cefrj,
honesty,noun,feelings,sự trung thực,,cefrj,
hope,verb,feelings,hy vọng,,cefrj,
hopeful,adjective,feelings,đầy hy vọng,,cefrj,
hopeless,adjective,feelings,vô vọng,,cefrj,
horrify,verb,feelings,làm kinh hoàng,,cefrj,
humor,noun,feelings,sự hài hước,,cefrj,
humorous,adjective,feelings,hài hước,,cefrj,
impression,noun,feelings,ấn tượng,,cefrj,
impressive,adjective,feelings,ấn tượng,,cefrj,
innermost,adjective,feelings,sâu thẳm nhất,,cefrj,
innocent,adjective,feelings,vô tội; ngây thơ,,cefrj,
insane,adjective,feelings,điên rồ,,cefrj,
inspire,verb,feelings,truyền cảm hứng,,cefrj,
interest,verb,feelings,làm thích thú,,cefrj,
irritate,verb,feelings,làm khó chịu,,cefrj,
jealous,adjective,feelings,ghen tị,,cefrj,
kindness,noun,feelings,lòng tốt,,cefrj,
laugh,noun,feelings,tiếng cười,,cefrj,
laughter,noun,feelings,tiếng cười,,cefrj,
loyal,adjective,feelings,trung thành,,cefrj,
loyalty,noun,feelings,lòng trung thành,,cefrj,
mischief,noun,feelings,trò tinh nghịch,,cefrj,
miserable,adjective,feelings,khổ sở,,cefrj,
misery,noun,feelings,sự khốn khổ,,cefrj,
motivation,noun,feelings,động lực,,cefrj,
mourn,verb,feelings,thương tiếc,,cefrj,
nervousness,noun,feelings,sự lo lắng,,cefrj,
overjoyed,adjective,feelings,vui mừng khôn xiết,,cefrj,
overwhelm,verb,feelings,áp đảo; làm choáng ngợp,,cefrj,
passion,noun,feelings,niềm đam mê,,cefrj,
patience,noun,feelings,sự kiên nhẫn,,cefrj,
patient,adjective,feelings,kiên nhẫn,,cefrj,
please,verb,feelings,làm hài lòng,,cefrj,
possessive,adjective,feelings,chiếm hữu; sở hữu cách,,cefrj,
preference,noun,feelings,sự ưa thích,,cefrj,
procrastination,noun,feelings,sự trì hoãn,,cefrj,
proud,adjective,feelings,tự hào,,cefrj,
rage,noun,feelings,cơn thịnh nộ,,cefrj,
relaxing,adjective,feelings,thư giãn,,cefrj,
remembrance,noun,feelings,sự tưởng nhớ,,cefrj,
respect,noun,feelings,sự tôn trọng,,cefrj,
sadness,noun,feelings,nỗi buồn,,cefrj,
satisfaction,noun,feelings,sự hài lòng,,cefrj,
satisfied,adjective,feelings,hài lòng,,cefrj,
scare,verb,feelings,làm sợ hãi,,cefrj,
scared,adjective,feelings,sợ hãi,,cefrj,
scary,adjective,feelings,đáng sợ,,cefrj,
scold,verb,feelings,mắng,,cefrj,
scream,verb,feelings,hét lên,,cefrj,
selfish,adjective,feelings,ích kỷ,,cefrj,
sensation,noun,feelings,cảm giác; sự náo động,,cefrj,
shame,noun,feelings,sự xấu hổ; điều đáng tiếc,,cefrj,
shameful,adjective,feelings,đáng xấu hổ,,cefrj,
shocked,adjective,feelings,bị sốc,,cefrj,
shocking,adjective,feelings,gây sốc,,cefrj,
sigh,noun,feelings,tiếng thở dài,,cefrj,
smile,verb,feelings,mỉm cười,,cefrj,
soothe,verb,feelings,làm dịu,,cefrj,
sorrow,noun,feelings,nỗi buồn,,cefrj,
stressed,adjective,feelings,căng thẳng,,cefrj,
stressful,adjective,feelings,gây căng thẳng,,cefrj,
stubborn,adjective,feelings,bướng bỉnh,,cefrj,
stun,verb,feelings,làm choáng váng,,cefrj,
stupid,adjective,feelings,ngu ngốc,,cefrj,
supportive,adjective,feelings,"hay giúp đỡ, ủng hộ",,cefrj,
surprise,verb,feelings,làm ngạc nhiên,,cefrj,
suspicion,noun,feelings,sự nghi ngờ,,cefrj,
sympathy,noun,feelings,sự cảm thông,,cefrj,
talented,adjective,feelings,tài năng,,cefrj,
talkative,adjective,feelings,nói nhiều,,cefrj,
tease,noun,feelings,sự trêu chọc,,cefrj,
temper,noun,feelings,tính khí,,cefrj,
tempt,verb,feelings,cám dỗ,,cefrj,
tense,adjective,feelings,căng thẳng,,cefrj,
tension,noun,feelings,sự căng thẳng,,cefrj,
terrific,adjective,feelings,tuyệt vời,,cefrj,
terrified,adjective,feelings,kinh hãi,,cefrj,
terror,noun,feelings,nỗi kinh hoàng,,cefrj,
thankful,adjective,feelings,biết ơn,,cefrj,
trouble,verb,feelings,làm phiền,,cefrj,
trustworthy,adjective,feelings,đáng tin cậy,,cefrj,
unafraid,adjective,feelings,không sợ,,cefrj,
unfortunate,adjective,feelings,không may,,cefrj,
unfriendly,adjective,feelings,không thân thiện,,cefrj,
uninterested,adjective,feelings,không quan tâm,,cefrj,
uninteresting,adjective,feelings,không thú vị,,cefrj,
unlucky,adjective,feelings,không may mắn,,cefrj,
uplifted,adjective,feelings,phấn chấn,,cefrj,
urge,noun,feelings,sự thôi thúc,,cefrj,
vain,adjective,feelings,kiêu ngạo; vô ích,,cefrj,
warmth,noun,feelings,sự ấm áp,,cefrj,
willingness,noun,feelings,sự sẵn lòng,,cefrj,
wonder,noun,feelings,sự ngạc nhiên; kỳ quan,,cefrj,
alcohol,noun,food,"rượu, cồn",,cefrj,
alcoholic,adjective,food,có cồn,,cefrj,
appetite,noun,food,sự thèm ăn,,cefrj,
bacon,noun,food,thịt xông khói,,cefrj,
barbecue,verb,food,nướng (BBQ),,cefrj,
bitter,adjective,food,đắng; cay đắng,,cefrj,
blend,verb,food,trộn lẫn,,cefrj,
broccoli,noun,food,bông cải xanh,,cefrj,
cabbage,noun,food,bắp cải,,cefrj,
canned,adjective,food,đóng hộp,,cefrj,
canteen,noun,food,căng tin,,cefrj,
carton,noun,food,hộp các-tông,,cefrj,
chewing gum,noun,food,kẹo cao su,,cefrj,
courgette,noun,food,bí ngòi,,cefrj,
cucumber,noun,food,dưa chuột,,cefrj,
drunk,adjective,food,say rượu,,cefrj,
feast,noun,food,bữa tiệc lớn,,cefrj,
filling,noun,food,nhân (bánh); vật trám răng,,cefrj,
flavor,noun,food,hương vị,,cefrj,
frozen,adjective,food,đông lạnh,,cefrj,
fry,verb,food,"chiên, rán",,cefrj,
frying pan,noun,food,chảo rán,,cefrj,
ginger,noun,food,gừng,,cefrj,
gravy,noun,food,nước sốt thịt,,cefrj,
grill,noun,food,vỉ nướng,,cefrj,
hunger,noun,food,cơn đói,,cefrj,
ingredient,noun,food,nguyên liệu,,cefrj,
juicy,adjective,food,mọng nước,,cefrj,
lettuce,noun,food,rau xà lách,,cefrj,
loaf,noun,food,ổ bánh mì,,cefrj,
mash,verb,food,nghiền,,cefrj,
mixing bowl,noun,food,tô trộn bột,,cefrj,
mustard,noun,food,mù tạt,,cefrj,
nutrient,noun,food,chất dinh dưỡng,,cefrj,
nutrition,noun,food,dinh dưỡng,,cefrj,
nutritious,adjective,food,bổ dưỡng,,cefrj,
oily,adjective,food,nhiều dầu,,cefrj,
organic,adjective,food,hữu cơ,,cefrj,
peanut,noun,food,"lạc, đậu phộng",,cefrj,
pie,noun,food,bánh nướng,,cefrj,
pineapple,noun,food,quả dứa,,cefrj,
popcorn,noun,food,bỏng ngô,,cefrj,
pork,noun,food,thịt lợn,,cefrj,
pub,noun,food,quán rượu,,cefrj,
raspberry,noun,food,quả mâm xôi,,cefrj,
ration,noun,food,khẩu phần,,cefrj,
refreshments,noun,food,"đồ ăn nhẹ, giải khát",,cefrj,
ripe,adjective,food,chín (quả),,cefrj,
rotten,adjective,food,"thối, hỏng",,cefrj,
saucepan,noun,food,cái xoong,,cefrj,
saucer,noun,food,đĩa lót tách,,cefrj,
seaweed,noun,food,rong biển,,cefrj,
shrimp,noun,food,tôm,,cefrj,
sour,adjective,food,chua,,cefrj,
spice,noun,food,gia vị,,cefrj,
spicy,adjective,food,cay,,cefrj,
spinach,noun,food,rau chân vịt,,cefrj,
stir,verb,food,khuấy,,cefrj,
straw,noun,food,ống hút; rơm,,cefrj,
strawberry,noun,food,quả dâu tây,,cefrj,
stuffed,adjective,food,no căng; nhồi,,cefrj,
takeaway,noun,food,đồ ăn mang đi,,cefrj,
taste,noun,food,vị; khiếu thẩm mỹ; nếm; có vị,,cefrj,
tasteless,adjective,food,vô vị,,cefrj,
tasty,adjective,food,ngon,,cefrj,
thirst,verb,food,khát,,cefrj,
tin,noun,food,hộp thiếc,,cefrj,
treat,noun,food,"món quà, sự đãi",,cefrj,
tuna,noun,food,cá ngừ,,cefrj,
vegetarian,adjective,food,ăn chay; người ăn chay,,cefrj,
accessory,noun,clothing,phụ kiện,,cefrj,
boot,noun,clothing,giày bốt; cốp xe,,cefrj,
bow,noun,clothing,cái nơ; cúi chào,,cefrj,
bracelet,noun,clothing,vòng tay,,cefrj,
casual,adjective,clothing,"bình thường, thường ngày",,cefrj,
collar,noun,clothing,cổ áo,,cefrj,
cotton,noun,clothing,vải bông,,cefrj,
fashionable,adjective,clothing,hợp thời trang,,cefrj,
fasten,verb,clothing,"buộc, thắt (dây an toàn)",,cefrj,
fit,verb,clothing,vừa (kích cỡ),,cefrj,
fur,noun,clothing,lông thú,,cefrj,
garment,noun,clothing,quần áo,,cefrj,
gown,noun,clothing,áo choàng,,cefrj,
handkerchief,noun,clothing,khăn tay,,cefrj,
helmet,noun,clothing,mũ bảo hiểm,,cefrj,
jewel,noun,clothing,"đồ trang sức, đá quý",,cefrj,
jumper,noun,clothing,áo len,,cefrj,
model,verb,clothing,làm người mẫu; mô phỏng,,cefrj,
necklace,noun,clothing,vòng cổ,,cefrj,
pullover,noun,clothing,áo len chui đầu,,cefrj,
purse,noun,clothing,ví (nữ),,cefrj,
sandal,noun,clothing,dép xăng-đan,,cefrj,
silk,noun,clothing,lụa,,cefrj,
sleeve,noun,clothing,tay áo,,cefrj,
stripe,noun,clothing,sọc,,cefrj,
stylish,adjective,clothing,sành điệu,,cefrj,
sweatshirt,noun,clothing,áo nỉ,,cefrj,
tracksuit,noun,clothing,bộ đồ thể thao,,cefrj,
trim,noun,clothing,sự cắt tỉa,,cefrj,
underpants,noun,clothing,quần lót nam,,cefrj,
undress,verb,clothing,cởi quần áo,,cefrj,
well-dressed,adjective,clothing,ăn mặc đẹp,,cefrj,
worn,adjective,clothing,"cũ, sờn",,cefrj,
wrap,noun,clothing,khăn choàng; bánh cuộn,,cefrj,
wristwatch,noun,clothing,đồng hồ đeo tay,,cefrj,
air conditioning,noun,daily-life,điều hoà không khí,,cefrj,
barrel,noun,daily-life,cái thùng,,cefrj,
basement,noun,daily-life,tầng hầm,,cefrj,
basin,noun,daily-life,chậu rửa,,cefrj,
bathe,verb,daily-life,tắm,,cefrj,
bedside,noun,daily-life,cạnh giường,,cefrj,
bin,noun,daily-life,thùng rác,,cefrj,
brick,noun,daily-life,gạch,,cefrj,
cabin,noun,daily-life,nhà gỗ nhỏ; cabin,,cefrj,
candle,noun,daily-life,cây nến,,cefrj,
carpet,noun,daily-life,tấm thảm,,cefrj,
central heating,noun,daily-life,hệ thống sưởi trung tâm,,cefrj,
chest of drawers,noun,daily-life,tủ ngăn kéo,,cefrj,
curtain,noun,daily-life,rèm cửa,,cefrj,
cushion,noun,daily-life,"cái gối tựa, đệm",,cefrj,
dirt,noun,daily-life,bụi bẩn,,cefrj,
dishwasher,noun,daily-life,máy rửa bát,,cefrj,
doze,noun,daily-life,giấc ngủ ngắn,,cefrj,
dump,noun,daily-life,"bãi rác; vứt bỏ, đổ",,cefrj,
dustbin,noun,daily-life,thùng rác,,cefrj,
dusty,adjective,daily-life,bụi bặm,,cefrj,
duvet,noun,daily-life,chăn lông vũ,,cefrj,
electricity,noun,daily-life,điện,,cefrj,
equipment,noun,daily-life,thiết bị,,cefrj,
facility,noun,daily-life,cơ sở vật chất,,cefrj,
first floor,noun,daily-life,tầng một (Anh: tầng trên trệt),,cefrj,
first-floor,adjective,daily-life,ở tầng một,,cefrj,
freezer,noun,daily-life,tủ đông,,cefrj,
furnish,verb,daily-life,trang bị đồ đạc,,cefrj,
ground floor,noun,daily-life,tầng trệt,,cefrj,
hairdryer,noun,daily-life,máy sấy tóc,,cefrj,
hammer,noun,daily-life,cái búa,,cefrj,
hatch,noun,daily-life,cửa sập,,cefrj,
heat,verb,daily-life,làm nóng,,cefrj,
heater,noun,daily-life,máy sưởi,,cefrj,
household,noun,daily-life,hộ gia đình,,cefrj,
housework,noun,daily-life,việc nhà,,cefrj,
hut,noun,daily-life,túp lều,,cefrj,
iron,noun,daily-life,bàn là; sắt; là (ủi) quần áo,,cefrj,
ironing,noun,daily-life,việc là quần áo,,cefrj,
jar,noun,daily-life,cái lọ,,cefrj,
jug,noun,daily-life,cái bình,,cefrj,
kettle,noun,daily-life,ấm đun nước,,cefrj,
ladder,noun,daily-life,cái thang,,cefrj,
landlord,noun,daily-life,chủ nhà (cho thuê),,cefrj,
lift,noun,daily-life,thang máy; đi nhờ xe,,cefrj,
light,verb,daily-life,"thắp sáng, châm lửa",,cefrj,
lighter,noun,daily-life,bật lửa,,cefrj,
lock,verb,daily-life,khoá,,cefrj,
mess,noun,daily-life,sự bừa bộn,,cefrj,
messy,adjective,daily-life,bừa bộn,,cefrj,
nap,noun,daily-life,giấc ngủ ngắn,,cefrj,
needle,noun,daily-life,cây kim,,cefrj,
pillow,noun,daily-life,cái gối,,cefrj,
pipe,noun,daily-life,ống; tẩu thuốc,,cefrj,
plug,noun,daily-life,phích cắm,,cefrj,
pot,noun,daily-life,"cái nồi, chậu",,cefrj,
pump,noun,daily-life,cái bơm,,cefrj,
razor,noun,daily-life,dao cạo,,cefrj,
refuse,noun,daily-life,rác thải,,cefrj,
remote control,noun,daily-life,điều khiển từ xa,,cefrj,
rest,noun,daily-life,sự nghỉ ngơi; phần còn lại,,cefrj,
room,verb,daily-life,ở chung phòng,,cefrj,
routine,noun,daily-life,thói quen hằng ngày,,cefrj,
rubbish,noun,daily-life,rác,,cefrj,
shave,verb,daily-life,cạo râu,,cefrj,
sheet,noun,daily-life,"tấm (giấy, ga trải giường)",,cefrj,
shelter,noun,daily-life,nơi trú ẩn,,cefrj,
sleep,noun,daily-life,giấc ngủ,,cefrj,
soil,verb,daily-life,làm bẩn,,cefrj,
sponge,noun,daily-life,miếng bọt biển,,cefrj,
storage,noun,daily-life,sự lưu trữ; kho,,cefrj,
switch,noun,daily-life,công tắc,,cefrj,
tank,noun,daily-life,bể chứa; xe tăng,,cefrj,
tile,noun,daily-life,viên gạch lát,,cefrj,
tissue,noun,daily-life,khăn giấy; mô (cơ thể),,cefrj,
toothpaste,noun,daily-life,kem đánh răng,,cefrj,
trash,noun,daily-life,rác,,cefrj,
untidy,adjective,daily-life,bừa bộn,,cefrj,
upstairs,noun,daily-life,tầng trên,,cefrj,
wake,verb,daily-life,thức dậy,,cefrj,
wardrobe,noun,daily-life,tủ quần áo,,cefrj,
warm,verb,daily-life,làm ấm,,cefrj,
washbowl,noun,daily-life,chậu rửa mặt,,cefrj,
waste,noun,daily-life,rác thải; sự lãng phí,,cefrj,
county,noun,places,"hạt, quận (đơn vị hành chính)",,cefrj,
district,noun,places,"quận, khu vực",,cefrj,
exit,noun,places,lối ra,,cefrj,
fire station,noun,places,trạm cứu hoả,,cefrj,
fountain,noun,places,đài phun nước,,cefrj,
haunt,noun,places,nơi lui tới thường xuyên,,cefrj,
haven,noun,places,nơi trú ẩn,,cefrj,
monument,noun,places,đài tưởng niệm,,cefrj,
neighborhood,noun,places,"khu phố, vùng lân cận",,cefrj,
region,noun,places,"vùng, khu vực",,cefrj,
regional,adjective,places,thuộc khu vực,,cefrj,
residential,adjective,places,thuộc khu dân cư,,cefrj,
ruin,noun,places,"tàn tích, đống đổ nát",,cefrj,
skyscraper,noun,places,nhà chọc trời,,cefrj,
aboard,adverb,transportation,"trên tàu, trên máy bay",,cefrj,
airline,noun,transportation,hãng hàng không,,cefrj,
arrival,noun,transportation,sự đến nơi,,cefrj,
attraction,noun,transportation,sự hấp dẫn; điểm tham quan,,cefrj,
avenue,noun,transportation,đại lộ,,cefrj,
backpack,noun,transportation,ba lô,,cefrj,
backpacker,noun,transportation,khách du lịch ba lô,,cefrj,
backpacking,noun,transportation,du lịch bụi,,cefrj,
baggage,noun,transportation,hành lý,,cefrj,
board,verb,transportation,"lên (tàu, xe, máy bay)",,cefrj,
book,verb,transportation,"đặt (vé, phòng)",,cefrj,
booking,noun,transportation,việc đặt chỗ,,cefrj,
campsite,noun,transportation,khu cắm trại,,cefrj,
carriage,noun,transportation,toa xe; xe ngựa,,cefrj,
chariot,noun,transportation,xe ngựa chiến,,cefrj,
check-in counter,noun,transportation,quầy làm thủ tục (check-in),,cefrj,
check-in desk,noun,transportation,bàn làm thủ tục (check-in),,cefrj,
coast,verb,transportation,"lướt, đi theo đà",,cefrj,
crash,noun,transportation,"vụ va chạm, tai nạn; đâm, va chạm; (máy) treo",,cefrj,
crossing,noun,transportation,chỗ băng qua đường,,cefrj,
crossroads,noun,transportation,ngã tư,,cefrj,
customs,noun,transportation,hải quan,,cefrj,
delay,verb,transportation,trì hoãn,,cefrj,
depart,verb,transportation,khởi hành,,cefrj,
departure,noun,transportation,sự khởi hành,,cefrj,
destination,noun,transportation,điểm đến,,cefrj,
engine,noun,transportation,động cơ,,cefrj,
exploration,noun,transportation,sự thám hiểm,,cefrj,
ferry,noun,transportation,phà,,cefrj,
fuel,noun,transportation,nhiên liệu,,cefrj,
guide,noun,transportation,hướng dẫn viên; sách hướng dẫn,,cefrj,
harbor,noun,transportation,bến cảng,,cefrj,
hostel,noun,transportation,"nhà nghỉ, ký túc xá",,cefrj,
lodge,noun,transportation,"nhà nghỉ (trên núi, trong rừng)",,cefrj,
lorry,noun,transportation,xe tải,,cefrj,
luggage,noun,transportation,hành lý,,cefrj,
motor,noun,transportation,động cơ (máy),,cefrj,
motorcycle,noun,transportation,xe máy,,cefrj,
packing,noun,transportation,việc đóng gói,,cefrj,
parking,noun,transportation,việc đỗ xe,,cefrj,
passport,noun,transportation,hộ chiếu,,cefrj,
platform,noun,transportation,sân ga; nền tảng,,cefrj,
port,noun,transportation,cảng,,cefrj,
public transport,noun,transportation,giao thông công cộng,,cefrj,
rail,noun,transportation,đường ray; tay vịn,,cefrj,
railroad,noun,transportation,đường sắt (Anh-Mỹ),,cefrj,
railway,noun,transportation,đường sắt,,cefrj,
reception,noun,transportation,quầy lễ tân; tiệc chiêu đãi,,cefrj,
reservation,noun,transportation,sự đặt chỗ,,cefrj,
reserve,verb,transportation,đặt trước,,cefrj,
resort,noun,transportation,khu nghỉ dưỡng,,cefrj,
roadside,noun,transportation,lề đường,,cefrj,
runway,noun,transportation,đường băng,,cefrj,
safari,noun,transportation,chuyến đi săn ngắm động vật,,cefrj,
sidewalk,noun,transportation,vỉa hè,,cefrj,
signpost,noun,transportation,biển chỉ đường,,cefrj,
speed,verb,transportation,chạy quá tốc độ,,cefrj,
stay,noun,transportation,thời gian lưu lại,,cefrj,
submarine,noun,transportation,tàu ngầm,,cefrj,
takeoff,noun,transportation,sự cất cánh,,cefrj,
terminal,noun,transportation,"nhà ga, bến cuối",,cefrj,
tour,verb,transportation,đi tham quan,,cefrj,
tourism,noun,transportation,du lịch (ngành),,cefrj,
traffic jam,noun,transportation,tắc đường,,cefrj,
trail,noun,transportation,đường mòn,,cefrj,
transport,noun,transportation,phương tiện vận tải,,cefrj,
transportation,noun,transportation,giao thông vận tải,,cefrj,
turbulence,noun,transportation,nhiễu động,,cefrj,
turning,noun,transportation,chỗ rẽ,,cefrj,
unpack,verb,transportation,dỡ đồ,,cefrj,
van,noun,transportation,xe tải nhỏ,,cefrj,
vehicle,noun,transportation,"phương tiện, xe cộ",,cefrj,
vessel,noun,transportation,tàu thuỷ; bình chứa,,cefrj,
visa,noun,transportation,thị thực,,cefrj,
voyage,noun,transportation,chuyến đi biển,,cefrj,
wagon,noun,transportation,toa xe,,cefrj,
windscreen,noun,transportation,kính chắn gió,,cefrj,
afford,verb,shopping,có đủ khả năng (chi trả),,cefrj,
allowance,noun,shopping,"tiền trợ cấp, tiền tiêu vặt",,cefrj,
antique,noun,shopping,đồ cổ,,cefrj,
bakery,noun,shopping,tiệm bánh,,cefrj,
bank account,noun,shopping,tài khoản ngân hàng,,cefrj,
bill,verb,shopping,"gửi hoá đơn, tính tiền",,cefrj,
buyer,noun,shopping,người mua,,cefrj,
cashpoint,noun,shopping,máy rút tiền ATM,,cefrj,
charge,noun,shopping,phí; trách nhiệm; tính phí; sạc (pin),,cefrj,
checkout,noun,shopping,quầy thanh toán,,cefrj,
commercial,adjective,shopping,thuộc thương mại,,cefrj,
consumer,noun,shopping,người tiêu dùng,,cefrj,
consumption,noun,shopping,sự tiêu thụ,,cefrj,
currency,noun,shopping,tiền tệ,,cefrj,
dealer,noun,shopping,người buôn bán,,cefrj,
debt,noun,shopping,khoản nợ,,cefrj,
deliver,verb,shopping,giao hàng,,cefrj,
delivery,noun,shopping,sự giao hàng,,cefrj,
demand,noun,shopping,nhu cầu; sự đòi hỏi,,cefrj,
deposit,noun,shopping,tiền đặt cọc,,cefrj,
discount,noun,shopping,sự giảm giá,,cefrj,
duty-free,adjective,shopping,miễn thuế,,cefrj,
exchange,verb,shopping,trao đổi; đổi (tiền),,cefrj,
exchange rate,noun,shopping,tỷ giá hối đoái,,cefrj,
expense,noun,shopping,chi phí,,cefrj,
finance,verb,shopping,tài trợ,,cefrj,
financial,adjective,shopping,thuộc tài chính,,cefrj,
fine,noun,shopping,tiền phạt,,cefrj,
fund,noun,shopping,quỹ; tài trợ,,cefrj,
goods,noun,shopping,hàng hoá,,cefrj,
grant,noun,shopping,khoản trợ cấp,,cefrj,
guarantee,noun,shopping,"sự bảo đảm, bảo hành",,cefrj,
income,noun,shopping,thu nhập,,cefrj,
insurance,noun,shopping,bảo hiểm,,cefrj,
invest,verb,shopping,đầu tư,,cefrj,
luxury,noun,shopping,sự xa xỉ,,cefrj,
market,verb,shopping,"tiếp thị, quảng bá",,cefrj,
owe,verb,shopping,nợ,,cefrj,
own,verb,shopping,sở hữu,,cefrj,
penniless,adjective,shopping,không một xu dính túi,,cefrj,
penny,noun,shopping,đồng xu penny,,cefrj,
pocket money,noun,shopping,tiền tiêu vặt,,cefrj,
possess,verb,shopping,sở hữu,,cefrj,
possession,noun,shopping,"tài sản, sự sở hữu",,cefrj,
pound,noun,shopping,bảng Anh; pao,,cefrj,
property,noun,shopping,"tài sản, bất động sản",,cefrj,
queue,noun,shopping,hàng người xếp hàng,,cefrj,
refund,noun,shopping,tiền hoàn lại,,cefrj,
repay,verb,shopping,trả lại (tiền),,cefrj,
retail,noun,shopping,bán lẻ,,cefrj,
second-hand,adjective,shopping,đồ cũ; (mua) lại đồ cũ,,cefrj,
self-service,adjective,shopping,tự phục vụ,,cefrj,
service,noun,shopping,dịch vụ,,cefrj,
ship,verb,shopping,vận chuyển,,cefrj,
shop,verb,shopping,mua sắm,,cefrj,
shopper,noun,shopping,người mua sắm,,cefrj,
souvenir,noun,shopping,quà lưu niệm,,cefrj,
stall,noun,shopping,quầy hàng,,cefrj,
supply,noun,shopping,nguồn cung cấp,,cefrj,
tax,noun,shopping,thuế,,cefrj,
teller,noun,shopping,giao dịch viên ngân hàng,,cefrj,
valuable,adjective,shopping,có giá trị,,cefrj,
warranty,noun,shopping,giấy bảo hành,,cefrj,
waste,verb,shopping,lãng phí,,cefrj,
wasteful,adjective,shopping,lãng phí,,cefrj,
worth,adjective,shopping,đáng giá,,cefrj,
wrap,verb,shopping,"gói, bọc",,cefrj,
wrapping,noun,shopping,giấy gói,,cefrj,
academic,adjective,school,thuộc học thuật,,cefrj,
academy,noun,school,học viện,,cefrj,
admission,noun,school,"sự nhận vào, tuyển sinh; vé vào cửa",,cefrj,
analysis,noun,school,sự phân tích,,cefrj,
analyze,verb,school,phân tích,,cefrj,
angle,noun,school,góc; góc độ,,cefrj,
arithmetic,noun,school,số học,,cefrj,
assignment,noun,school,"bài tập, nhiệm vụ được giao",,cefrj,
attend,verb,school,"tham dự, theo học",,cefrj,
biology,noun,school,sinh học,,cefrj,
calculate,verb,school,tính toán,,cefrj,
calculation,noun,school,phép tính,,cefrj,
calculator,noun,school,máy tính bỏ túi,,cefrj,
chemistry,noun,school,hoá học,,cefrj,
concentration,noun,school,sự tập trung,,cefrj,
correction,noun,school,sự sửa chữa (lỗi),,cefrj,
curriculum,noun,school,chương trình học,,cefrj,
diagram,noun,school,biểu đồ,,cefrj,
diameter,noun,school,đường kính,,cefrj,
economics,noun,school,kinh tế học,,cefrj,
educate,verb,school,giáo dục,,cefrj,
encyclopedia,noun,school,bách khoa toàn thư,,cefrj,
examination,noun,school,kỳ thi; sự kiểm tra,,cefrj,
examiner,noun,school,giám khảo,,cefrj,
finding,noun,school,phát hiện,,cefrj,
flunk,verb,school,thi trượt (Anh-Mỹ),,cefrj,
formula,noun,school,công thức,,cefrj,
freshman,noun,school,sinh viên năm nhất,,cefrj,
geographical,adjective,school,thuộc địa lý,,cefrj,
geography,noun,school,địa lý,,cefrj,
geology,noun,school,địa chất học,,cefrj,
graduate,noun,school,người tốt nghiệp,,cefrj,
graduation,noun,school,lễ tốt nghiệp,,cefrj,
graph,noun,school,đồ thị,,cefrj,
guidance,noun,school,sự hướng dẫn,,cefrj,
historical,adjective,school,thuộc lịch sử,,cefrj,
ink,noun,school,mực,,cefrj,
institute,noun,school,viện,,cefrj,
instruction,noun,school,"sự hướng dẫn, chỉ dẫn",,cefrj,
instructor,noun,school,người hướng dẫn,,cefrj,
intermediate,adjective,school,trung cấp,,cefrj,
lab,noun,school,phòng thí nghiệm (viết tắt),,cefrj,
laboratory,noun,school,phòng thí nghiệm,,cefrj,
lecture,noun,school,bài giảng,,cefrj,
mathematics,noun,school,toán học,,cefrj,
memorize,verb,school,"ghi nhớ, học thuộc",,cefrj,
noticeboard,noun,school,bảng thông báo,,cefrj,
oral,noun,school,kỳ thi vấn đáp,,cefrj,
philosopher,noun,school,triết gia,,cefrj,
philosophy,noun,school,triết học,,cefrj,
physics,noun,school,vật lý,,cefrj,
preschool,adjective,school,thuộc mầm non,,cefrj,
primary school,noun,school,trường tiểu học,,cefrj,
professor,noun,school,giáo sư,,cefrj,
pupil,noun,school,học sinh,,cefrj,
register,noun,school,sổ đăng ký,,cefrj,
researcher,noun,school,nhà nghiên cứu,,cefrj,
revise,verb,school,ôn tập; sửa lại,,cefrj,
revision,noun,school,sự ôn tập; bản sửa đổi,,cefrj,
scholar,noun,school,học giả,,cefrj,
scholarship,noun,school,học bổng,,cefrj,
schoolmate,noun,school,bạn cùng trường,,cefrj,
schoolteacher,noun,school,giáo viên,,cefrj,
secondary school,noun,school,trường trung học,,cefrj,
sophomore,noun,school,sinh viên năm hai,,cefrj,
sphere,noun,school,hình cầu; lĩnh vực,,cefrj,
sticker,noun,school,nhãn dán,,cefrj,
teaching,noun,school,việc giảng dạy,,cefrj,
term,noun,school,học kỳ; thuật ngữ,,cefrj,
theory,noun,school,lý thuyết,,cefrj,
accountant,noun,work,kế toán viên,,cefrj,
actress,noun,work,nữ diễn viên,,cefrj,
adviser,noun,work,cố vấn,,cefrj,
agenda,noun,work,chương trình nghị sự,,cefrj,
agriculture,noun,work,nông nghiệp,,cefrj,
application,noun,work,đơn xin; ứng dụng,,cefrj,
appoint,verb,work,bổ nhiệm,,cefrj,
architect,noun,work,kiến trúc sư,,cefrj,
assign,verb,work,"giao (nhiệm vụ), phân công",,cefrj,
assistant,noun,work,trợ lý,,cefrj,
babysitter,noun,work,người trông trẻ,,cefrj,
baker,noun,work,thợ làm bánh,,cefrj,
barman,noun,work,người pha chế (nam),,cefrj,
brainstorming,noun,work,động não (brainstorming),,cefrj,
builder,noun,work,thợ xây,,cefrj,
butcher,noun,work,người bán thịt,,cefrj,
career,noun,work,sự nghiệp,,cefrj,
chemist,noun,work,nhà hoá học; dược sĩ,,cefrj,
construction,noun,work,sự xây dựng,,cefrj,
CV,noun,work,sơ yếu lý lịch (CV),,cefrj,
deadline,noun,work,hạn chót,,cefrj,
department,noun,work,"phòng ban, bộ phận",,cefrj,
design,verb,work,thiết kế,,cefrj,
designer,noun,work,nhà thiết kế,,cefrj,
detective,noun,work,thám tử,,cefrj,
duty,noun,work,nhiệm vụ; thuế,,cefrj,
employment,noun,work,việc làm,,cefrj,
experienced,adjective,work,có kinh nghiệm,,cefrj,
farming,noun,work,việc làm nông,,cefrj,
firefighter,noun,work,lính cứu hoả,,cefrj,
firm,noun,work,công ty,,cefrj,
full-time,adjective,work,toàn thời gian,,cefrj,
hairdresser,noun,work,thợ làm tóc,,cefrj,
hire,verb,work,thuê,,cefrj,
historian,noun,work,nhà sử học,,cefrj,
industrial,adjective,work,thuộc công nghiệp,,cefrj,
industry,noun,work,ngành công nghiệp,,cefrj,
interview,verb,work,phỏng vấn,,cefrj,
interviewee,noun,work,người được phỏng vấn,,cefrj,
journalist,noun,work,nhà báo,,cefrj,
judge,noun,work,thẩm phán; giám khảo,,cefrj,
leadership,noun,work,khả năng lãnh đạo,,cefrj,
leave,noun,work,kỳ nghỉ phép,,cefrj,
librarian,noun,work,thủ thư,,cefrj,
lifeguard,noun,work,nhân viên cứu hộ,,cefrj,
logo,noun,work,biểu tượng (logo),,cefrj,
maintenance,noun,work,sự bảo trì,,cefrj,
management,noun,work,sự quản lý; ban quản lý,,cefrj,
mathematician,noun,work,nhà toán học,,cefrj,
mechanic,noun,work,thợ máy,,cefrj,
merchant,noun,work,thương gia,,cefrj,
negotiate,verb,work,đàm phán,,cefrj,
negotiation,noun,work,cuộc đàm phán,,cefrj,
overwork,noun,work,sự làm việc quá sức,,cefrj,
paid,adjective,work,được trả lương,,cefrj,
part-time,adjective,work,bán thời gian,,cefrj,
photocopy,noun,work,bản photocopy,,cefrj,
postman,noun,work,người đưa thư,,cefrj,
presentation,noun,work,bài thuyết trình,,cefrj,
productive,adjective,work,năng suất,,cefrj,
profession,noun,work,nghề nghiệp,,cefrj,
promote,verb,work,thúc đẩy; thăng chức,,cefrj,
promotion,noun,work,sự thăng chức; khuyến mãi,,cefrj,
qualified,adjective,work,đủ trình độ,,cefrj,
qualify,verb,work,đủ tiêu chuẩn,,cefrj,
representative,noun,work,người đại diện,,cefrj,
salesman,noun,work,nhân viên bán hàng (nam),,cefrj,
specialist,noun,work,chuyên gia,,cefrj,
specialize,verb,work,chuyên về,,cefrj,
sponsor,noun,work,nhà tài trợ,,cefrj,
stress,noun,work,sự căng thẳng,,cefrj,
surgeon,noun,work,bác sĩ phẫu thuật,,cefrj,
teamwork,noun,work,làm việc nhóm,,cefrj,
travel agent,noun,work,nhân viên đại lý du lịch,,cefrj,
unemployed,adjective,work,thất nghiệp,,cefrj,
unemployment,noun,work,tình trạng thất nghiệp,,cefrj,
vacancy,noun,work,vị trí còn trống,,cefrj,
vet,noun,work,bác sĩ thú y,,cefrj,
vice,adjective,work,phó (vice),,cefrj,
working,adjective,work,đang làm việc; hoạt động được,,cefrj,
workplace,noun,work,nơi làm việc,,cefrj,
workshop,noun,work,hội thảo; xưởng,,cefrj,
aerobics,noun,hobbies,thể dục nhịp điệu,,cefrj,
animation,noun,hobbies,phim hoạt hình,,cefrj,
applaud,verb,hobbies,vỗ tay,,cefrj,
applause,noun,hobbies,tiếng vỗ tay,,cefrj,
artist,noun,hobbies,nghệ sĩ,,cefrj,
artistic,adjective,hobbies,"thuộc nghệ thuật, có khiếu nghệ thuật",,cefrj,
athletic,adjective,hobbies,"khoẻ mạnh, thuộc điền kinh",,cefrj,
bat,verb,hobbies,đánh (bóng bằng gậy),,cefrj,
bet,verb,hobbies,cá cược,,cefrj,
biography,noun,hobbies,tiểu sử,,cefrj,
bowl,verb,hobbies,"ném bóng (bowling, cricket)",,cefrj,
boxing,noun,hobbies,môn quyền anh,,cefrj,
champion,noun,hobbies,nhà vô địch,,cefrj,
choir,noun,hobbies,dàn hợp xướng,,cefrj,
circus,noun,hobbies,rạp xiếc,,cefrj,
classical,adjective,hobbies,cổ điển,,cefrj,
climber,noun,hobbies,người leo núi,,cefrj,
comedian,noun,hobbies,diễn viên hài,,cefrj,
comedy,noun,hobbies,hài kịch,,cefrj,
compete,verb,hobbies,"thi đấu, cạnh tranh",,cefrj,
competitor,noun,hobbies,đối thủ,,cefrj,
compose,verb,hobbies,sáng tác; soạn,,cefrj,
composition,noun,hobbies,"tác phẩm, bài sáng tác",,cefrj,
craft,noun,hobbies,nghề thủ công,,cefrj,
critic,noun,hobbies,nhà phê bình,,cefrj,
cycle,verb,hobbies,đạp xe,,cefrj,
defeat,verb,hobbies,đánh bại,,cefrj,
defender,noun,hobbies,hậu vệ; người bảo vệ,,cefrj,
disc jockey,noun,hobbies,người chỉnh nhạc (DJ),,cefrj,
dive,noun,hobbies,cú lặn,,cefrj,
diver,noun,hobbies,thợ lặn,,cefrj,
diving,noun,hobbies,môn lặn,,cefrj,
DJ,noun,hobbies,DJ,,cefrj,
documentary,noun,hobbies,phim tài liệu,,cefrj,
entertain,verb,hobbies,giải trí; tiếp đãi,,cefrj,
entertainer,noun,hobbies,nghệ sĩ giải trí,,cefrj,
extreme sports,noun,hobbies,thể thao mạo hiểm,,cefrj,
fair,noun,hobbies,hội chợ,,cefrj,
fantasy,noun,hobbies,"sự tưởng tượng, thể loại kỳ ảo",,cefrj,
film,verb,hobbies,quay phim,,cefrj,
film-maker,noun,hobbies,nhà làm phim,,cefrj,
firework,noun,hobbies,pháo hoa,,cefrj,
fish,verb,hobbies,câu cá,,cefrj,
flute,noun,hobbies,sáo,,cefrj,
gardening,noun,hobbies,làm vườn,,cefrj,
go,noun,hobbies,lượt (chơi); sự thử,,cefrj,
goalkeeper,noun,hobbies,thủ môn,,cefrj,
golfer,noun,hobbies,người chơi gôn,,cefrj,
guitarist,noun,hobbies,người chơi ghi-ta,,cefrj,
gym,noun,hobbies,phòng tập thể dục,,cefrj,
gymnastics,noun,hobbies,thể dục dụng cụ,,cefrj,
handball,noun,hobbies,bóng ném,,cefrj,
hit,noun,hobbies,cú đánh; bản hit,,cefrj,
hunt,noun,hobbies,cuộc săn,,cefrj,
ice hockey,noun,hobbies,khúc côn cầu trên băng,,cefrj,
ice skating,noun,hobbies,trượt băng,,cefrj,
intermission,noun,hobbies,giờ nghỉ giải lao,,cefrj,
jazz,noun,hobbies,nhạc jazz,,cefrj,
jog,verb,hobbies,chạy bộ,,cefrj,
jogging,noun,hobbies,môn chạy bộ,,cefrj,
knit,verb,hobbies,đan (len),,cefrj,
league,noun,hobbies,giải đấu,,cefrj,
literary,adjective,hobbies,thuộc văn học,,cefrj,
literature,noun,hobbies,văn học,,cefrj,
live,adjective,hobbies,trực tiếp; còn sống,,cefrj,
lottery,noun,hobbies,xổ số,,cefrj,
magician,noun,hobbies,ảo thuật gia,,cefrj,
myth,noun,hobbies,thần thoại,,cefrj,
net,noun,hobbies,lưới; mạng,,cefrj,
nightlife,noun,hobbies,cuộc sống về đêm,,cefrj,
novelist,noun,hobbies,tiểu thuyết gia,,cefrj,
onstage,adjective,hobbies,trên sân khấu,,cefrj,
orchestra,noun,hobbies,dàn nhạc,,cefrj,
outdoor,adjective,hobbies,ngoài trời,,cefrj,
paddle,noun,hobbies,mái chèo,,cefrj,
parachute,noun,hobbies,dù (nhảy dù),,cefrj,
performer,noun,hobbies,người biểu diễn,,cefrj,
poet,noun,hobbies,nhà thơ,,cefrj,
poetry,noun,hobbies,thơ ca,,cefrj,
pottery,noun,hobbies,đồ gốm,,cefrj,
prize,noun,hobbies,giải thưởng,,cefrj,
producer,noun,hobbies,nhà sản xuất,,cefrj,
puzzle,noun,hobbies,"câu đố, trò xếp hình",,cefrj,
race,noun,hobbies,cuộc đua; chủng tộc,,cefrj,
rap,verb,hobbies,đọc rap,,cefrj,
referee,noun,hobbies,trọng tài,,cefrj,
round,noun,hobbies,vòng (thi đấu); lượt,,cefrj,
science fiction,noun,hobbies,khoa học viễn tưởng,,cefrj,
score,noun,hobbies,"điểm số, tỉ số; ghi điểm",,cefrj,
sculpture,noun,hobbies,tác phẩm điêu khắc,,cefrj,
series,noun,hobbies,loạt; bộ phim nhiều tập,,cefrj,
skate,verb,hobbies,trượt băng,,cefrj,
ski,verb,hobbies,trượt tuyết,,cefrj,
snowboard,noun,hobbies,ván trượt tuyết,,cefrj,
soap opera,noun,hobbies,phim truyền hình dài tập,,cefrj,
spectator,noun,hobbies,khán giả,,cefrj,
sports,adjective,hobbies,thuộc thể thao,,cefrj,
sportsmanship,noun,hobbies,tinh thần thể thao,,cefrj,
star,verb,hobbies,đóng vai chính,,cefrj,
storyteller,noun,hobbies,người kể chuyện,,cefrj,
stretch,verb,hobbies,"duỗi, kéo căng",,cefrj,
studio,noun,hobbies,phòng thu,,cefrj,
sunbathe,verb,hobbies,tắm nắng,,cefrj,
swimmer,noun,hobbies,người bơi,,cefrj,
take,noun,hobbies,cảnh quay; cách nhìn,,cefrj,
tale,noun,hobbies,câu chuyện,,cefrj,
teammate,noun,hobbies,đồng đội,,cefrj,
tent,noun,hobbies,cái lều,,cefrj,
thriller,noun,hobbies,"phim, truyện ly kỳ",,cefrj,
tobacco,noun,hobbies,thuốc lá,,cefrj,
tournament,noun,hobbies,giải đấu,,cefrj,
tragedy,noun,hobbies,bi kịch,,cefrj,
trumpet,noun,hobbies,kèn trumpet,,cefrj,
whistle,noun,hobbies,cái còi; tiếng huýt sáo,,cefrj,
windsurfing,noun,hobbies,lướt ván buồm,,cefrj,
workout,noun,hobbies,buổi tập thể dục,,cefrj,
yoga,noun,hobbies,yoga,,cefrj,
accent,noun,communication,"giọng, trọng âm",,cefrj,
acknowledgment,noun,communication,sự thừa nhận; lời cảm tạ,,cefrj,
ad,noun,communication,quảng cáo,,cefrj,
address,verb,communication,xưng hô; giải quyết (vấn đề); gửi thư,,cefrj,
addressee,noun,communication,người nhận (thư),,cefrj,
adverb,noun,communication,trạng từ,,cefrj,
adverbial,adjective,communication,thuộc trạng từ,,cefrj,
advert,noun,communication,quảng cáo (Anh-Anh),,cefrj,
advertise,verb,communication,"quảng cáo, rao bán",,cefrj,
alphabet,noun,communication,bảng chữ cái,,cefrj,
announce,verb,communication,thông báo,,cefrj,
announcement,noun,communication,lời thông báo,,cefrj,
antonym,noun,communication,từ trái nghĩa,,cefrj,
auxiliary,adjective,communication,phụ trợ (trợ động từ),,cefrj,
bilingual,adjective,communication,song ngữ,,cefrj,
blog,noun,communication,blog,,cefrj,
blogger,noun,communication,người viết blog,,cefrj,
broadcast,noun,communication,chương trình phát sóng,,cefrj,
bulletin,noun,communication,bản tin,,cefrj,
caller,noun,communication,người gọi điện,,cefrj,
channel,noun,communication,kênh,,cefrj,
chat,noun,communication,cuộc trò chuyện,,cefrj,
chat show,noun,communication,chương trình trò chuyện (talk show),,cefrj,
clip,noun,communication,đoạn phim ngắn; cái kẹp,,cefrj,
columnist,noun,communication,người viết chuyên mục,,cefrj,
comma,noun,communication,dấu phẩy,,cefrj,
command,noun,communication,mệnh lệnh,,cefrj,
comment,noun,communication,lời bình luận,,cefrj,
complement,noun,communication,bổ ngữ; phần bổ sung,,cefrj,
compliment,noun,communication,lời khen,,cefrj,
consonant,noun,communication,phụ âm,,cefrj,
convey,verb,communication,truyền đạt,,cefrj,
convince,verb,communication,thuyết phục,,cefrj,
define,verb,communication,định nghĩa,,cefrj,
definite article,noun,communication,mạo từ xác định,,cefrj,
definition,noun,communication,định nghĩa,,cefrj,
dial,noun,communication,mặt đồng hồ; bàn phím số; quay số,,cefrj,
dialog,noun,communication,hội thoại,,cefrj,
document,noun,communication,tài liệu,,cefrj,
edition,noun,communication,"phiên bản, ấn bản",,cefrj,
emphasize,verb,communication,nhấn mạnh,,cefrj,
enclose,verb,communication,gửi kèm,,cefrj,
express,verb,communication,bày tỏ,,cefrj,
face to face,adverb,communication,"trực tiếp, mặt đối mặt",,cefrj,
face-to-face,adjective,communication,trực tiếp (gặp mặt),,cefrj,
fax,noun,communication,bản fax; gửi fax,,cefrj,
fluent,adjective,communication,"trôi chảy, lưu loát",,cefrj,
fluently,adverb,communication,một cách lưu loát,,cefrj,
full stop,noun,communication,dấu chấm (câu),,cefrj,
gesture,noun,communication,cử chỉ,,cefrj,
gossip,noun,communication,chuyện tầm phào,,cefrj,
handwriting,noun,communication,chữ viết tay,,cefrj,
headline,noun,communication,tiêu đề báo,,cefrj,
idiom,noun,communication,thành ngữ,,cefrj,
indefinite article,noun,communication,mạo từ không xác định,,cefrj,
infinitive,noun,communication,động từ nguyên mẫu,,cefrj,
inform,verb,communication,thông báo,,cefrj,
initial,noun,communication,chữ cái đầu,,cefrj,
inquiry,noun,communication,"sự hỏi thăm, yêu cầu thông tin",,cefrj,
inscribe,verb,communication,khắc (chữ),,cefrj,
inscription,noun,communication,dòng chữ khắc,,cefrj,
interrupt,verb,communication,"ngắt lời, làm gián đoạn",,cefrj,
introduction,noun,communication,sự giới thiệu; phần mở đầu,,cefrj,
joke,verb,communication,nói đùa,,cefrj,
journal,noun,communication,tạp chí; nhật ký,,cefrj,
kid,verb,communication,đùa,,cefrj,
lie,noun,communication,lời nói dối,,cefrj,
mail,verb,communication,gửi thư,,cefrj,
mailbox,noun,communication,hộp thư,,cefrj,
medium,noun,communication,phương tiện; cỡ vừa,,cefrj,
mention,verb,communication,đề cập,,cefrj,
mislead,verb,communication,làm hiểu lầm,,cefrj,
misunderstanding,noun,communication,sự hiểu lầm,,cefrj,
modal verb,noun,communication,động từ khuyết thiếu,,cefrj,
motto,noun,communication,phương châm,,cefrj,
narrate,verb,communication,"kể lại, thuật lại",,cefrj,
narrative,adjective,communication,thuộc tường thuật,,cefrj,
nod,noun,communication,cái gật đầu,,cefrj,
nonsense,noun,communication,điều vô lý,,cefrj,
objection,noun,communication,sự phản đối,,cefrj,
package,noun,communication,gói hàng,,cefrj,
parcel,noun,communication,bưu kiện,,cefrj,
participle,noun,communication,phân từ,,cefrj,
pause,noun,communication,sự tạm dừng,,cefrj,
persuade,verb,communication,thuyết phục,,cefrj,
persuasive,adjective,communication,có sức thuyết phục,,cefrj,
phrasal verb,noun,communication,cụm động từ,,cefrj,
phrase,noun,communication,cụm từ,,cefrj,
postcard,noun,communication,bưu thiếp,,cefrj,
praise,noun,communication,lời khen,,cefrj,
prefix,noun,communication,tiền tố,,cefrj,
preposition,noun,communication,giới từ,,cefrj,
press,noun,communication,báo chí,,cefrj,
print,noun,communication,bản in,,cefrj,
proclaim,verb,communication,tuyên bố,,cefrj,
promise,verb,communication,hứa,,cefrj,
pronoun,noun,communication,đại từ,,cefrj,
propose,verb,communication,đề xuất; cầu hôn,,cefrj,
proverb,noun,communication,tục ngữ,,cefrj,
publisher,noun,communication,nhà xuất bản,,cefrj,
question mark,noun,communication,dấu chấm hỏi,,cefrj,
questionnaire,noun,communication,bảng câu hỏi,,cefrj,
recite,verb,communication,đọc thuộc lòng,,cefrj,
recommend,verb,communication,"giới thiệu, đề xuất",,cefrj,
recording,noun,communication,bản ghi âm,,cefrj,
refusal,noun,communication,sự từ chối,,cefrj,
refuse,verb,communication,từ chối,,cefrj,
remark,verb,communication,nhận xét,,cefrj,
reply,verb,communication,trả lời,,cefrj,
report,verb,communication,báo cáo,,cefrj,
request,verb,communication,yêu cầu,,cefrj,
respond,verb,communication,đáp lại,,cefrj,
retell,verb,communication,kể lại,,cefrj,
rewrite,verb,communication,viết lại,,cefrj,
shout,verb,communication,"hét, la lên",,cefrj,
sign,verb,communication,ký tên,,cefrj,
signal,noun,communication,tín hiệu,,cefrj,
signature,noun,communication,chữ ký,,cefrj,
slogan,noun,communication,khẩu hiệu,,cefrj,
social networking,noun,communication,mạng xã hội,,cefrj,
spelling,noun,communication,chính tả,,cefrj,
stream,verb,communication,phát trực tuyến,,cefrj,
suffix,noun,communication,hậu tố,,cefrj,
summarize,verb,communication,tóm tắt,,cefrj,
swear,verb,communication,thề; chửi thề,,cefrj,
talk,noun,communication,cuộc nói chuyện; bài nói,,cefrj,
tape,verb,communication,ghi âm; dán băng dính,,cefrj,
telegram,noun,communication,bức điện tín,,cefrj,
tense,noun,communication,thì (ngữ pháp),,cefrj,
translate,verb,communication,dịch,,cefrj,
underline,verb,communication,gạch chân,,cefrj,
usage,noun,communication,cách dùng,,cefrj,
video clip,noun,communication,đoạn video ngắn,,cefrj,
vowel,noun,communication,nguyên âm,,cefrj,
warn,verb,communication,cảnh báo,,cefrj,
warning,noun,communication,lời cảnh báo,,cefrj,
wave,verb,communication,vẫy tay,,cefrj,
whisper,noun,communication,lời thì thầm,,cefrj,
written,adjective,communication,"viết, bằng văn bản",,cefrj,
yell,noun,communication,tiếng la hét,,cefrj,
agricultural,adjective,nature,thuộc nông nghiệp,,cefrj,
atmosphere,noun,nature,"bầu không khí, khí quyển",,cefrj,
bark,noun,nature,vỏ cây; tiếng chó sủa,,cefrj,
canal,noun,nature,kênh đào,,cefrj,
cave,noun,nature,hang động,,cefrj,
cliff,noun,nature,vách đá,,cefrj,
climate,noun,nature,khí hậu,,cefrj,
coal,noun,nature,than đá,,cefrj,
coastal,adjective,nature,thuộc ven biển,,cefrj,
comet,noun,nature,sao chổi,,cefrj,
conservation,noun,nature,sự bảo tồn,,cefrj,
crop,noun,nature,"vụ mùa, cây trồng",,cefrj,
cultivate,verb,nature,trồng trọt; nuôi dưỡng,,cefrj,
daisy,noun,nature,hoa cúc,,cefrj,
darkness,noun,nature,bóng tối,,cefrj,
eco,noun,nature,sinh thái (eco),,cefrj,
ecological,adjective,nature,thuộc sinh thái,,cefrj,
ecology,noun,nature,sinh thái học,,cefrj,
ecosystem,noun,nature,hệ sinh thái,,cefrj,
endanger,verb,nature,gây nguy hiểm,,cefrj,
environmental,adjective,nature,thuộc môi trường,,cefrj,
environmentalist,noun,nature,nhà bảo vệ môi trường,,cefrj,
farmland,noun,nature,đất nông nghiệp,,cefrj,
flood,verb,nature,làm ngập lụt,,cefrj,
forecast,noun,nature,dự báo,,cefrj,
freezing,adjective,nature,lạnh cóng,,cefrj,
frost,noun,nature,sương giá,,cefrj,
greenhouse,noun,nature,nhà kính,,cefrj,
habitat,noun,nature,môi trường sống,,cefrj,
horizon,noun,nature,đường chân trời,,cefrj,
humid,adjective,nature,ẩm ướt,,cefrj,
isle,noun,nature,hòn đảo nhỏ,,cefrj,
jungle,noun,nature,rừng rậm,,cefrj,
land,noun,nature,"đất, đất liền",,cefrj,
lightning,noun,nature,tia chớp,,cefrj,
log,noun,nature,khúc gỗ; nhật ký (log),,cefrj,
maple,noun,nature,cây phong,,cefrj,
marine,adjective,nature,thuộc biển,,cefrj,
misty,adjective,nature,có sương mù,,cefrj,
moisture,noun,nature,hơi ẩm,,cefrj,
moss,noun,nature,rêu,,cefrj,
mount,noun,nature,núi (tên riêng),,cefrj,
mountaintop,noun,nature,đỉnh núi,,cefrj,
mud,noun,nature,bùn,,cefrj,
nectar,noun,nature,mật hoa,,cefrj,
ness,noun,nature,mũi đất,,cefrj,
ocean,noun,nature,đại dương,,cefrj,
orbit,noun,nature,quỹ đạo,,cefrj,
pit,noun,nature,cái hố,,cefrj,
plant,verb,nature,trồng cây,,cefrj,
pollutant,noun,nature,chất gây ô nhiễm,,cefrj,
pond,noun,nature,cái ao,,cefrj,
preservation,noun,nature,sự bảo tồn,,cefrj,
quake,noun,nature,trận động đất,,cefrj,
rainfall,noun,nature,lượng mưa,,cefrj,
rainforest,noun,nature,rừng mưa nhiệt đới,,cefrj,
recycled,adjective,nature,được tái chế,,cefrj,
recycling,noun,nature,sự tái chế,,cefrj,
reef,noun,nature,rạn san hô,,cefrj,
reserve,noun,nature,khu bảo tồn; sự dự trữ,,cefrj,
sand,noun,nature,cát,,cefrj,
scenic,adjective,nature,có phong cảnh đẹp,,cefrj,
seawater,noun,nature,nước biển,,cefrj,
slope,noun,nature,con dốc,,cefrj,
snowstorm,noun,nature,bão tuyết,,cefrj,
steam,noun,nature,hơi nước,,cefrj,
stormy,adjective,nature,có bão,,cefrj,
stream,noun,nature,dòng suối,,cefrj,
summit,noun,nature,đỉnh núi; hội nghị thượng đỉnh,,cefrj,
sunrise,noun,nature,bình minh,,cefrj,
sunset,noun,nature,hoàng hôn,,cefrj,
thunder,noun,nature,sấm,,cefrj,
tide,noun,nature,thuỷ triều,,cefrj,
tornado,noun,nature,lốc xoáy,,cefrj,
tropical,adjective,nature,nhiệt đới,,cefrj,
universe,noun,nature,vũ trụ,,cefrj,
volcano,noun,nature,núi lửa,,cefrj,
waterfall,noun,nature,thác nước,,cefrj,
weather forecast,noun,nature,dự báo thời tiết,,cefrj,
wetland,noun,nature,vùng đất ngập nước,,cefrj,
wither,verb,nature,héo,,cefrj,
ant,noun,animals,con kiến,,cefrj,
ape,noun,animals,vượn,,cefrj,
beast,noun,animals,con thú,,cefrj,
beaver,noun,animals,con hải ly,,cefrj,
breed,verb,animals,nhân giống; sinh sản,,cefrj,
breeding,noun,animals,"sự nhân giống, chăn nuôi",,cefrj,
bull,noun,animals,con bò đực,,cefrj,
cage,noun,animals,cái lồng,,cefrj,
calf,noun,animals,con bê,,cefrj,
camel,noun,animals,con lạc đà,,cefrj,
cattle,noun,animals,gia súc,,cefrj,
cod,noun,animals,cá tuyết,,cefrj,
crow,noun,animals,con quạ,,cefrj,
dolphin,noun,animals,cá heo,,cefrj,
extinct,adjective,animals,tuyệt chủng,,cefrj,
extinction,noun,animals,sự tuyệt chủng,,cefrj,
flock,noun,animals,"đàn (chim, cừu)",,cefrj,
giraffe,noun,animals,hươu cao cổ,,cefrj,
gorilla,noun,animals,khỉ đột,,cefrj,
harness,noun,animals,bộ yên cương,,cefrj,
herd,noun,animals,đàn (gia súc),,cefrj,
horn,noun,animals,sừng; còi,,cefrj,
kitten,noun,animals,mèo con,,cefrj,
lamb,noun,animals,cừu non; thịt cừu,,cefrj,
mosquito,noun,animals,con muỗi,,cefrj,
mule,noun,animals,con la,,cefrj,
parrot,noun,animals,con vẹt,,cefrj,
phoenix,noun,animals,phượng hoàng,,cefrj,
puppy,noun,animals,chó con,,cefrj,
salmon,noun,animals,cá hồi,,cefrj,
spider,noun,animals,con nhện,,cefrj,
swarm,noun,animals,"đàn, bầy (côn trùng)",,cefrj,
turtle,noun,animals,con rùa,,cefrj,
whale,noun,animals,cá voi,,cefrj,
wildlife,noun,animals,động vật hoang dã,,cefrj,
wing,noun,animals,cánh,,cefrj,
accuse,verb,society,"buộc tội, cáo buộc",,cefrj,
administration,noun,society,"chính quyền, sự quản lý",,cefrj,
aid,noun,society,sự viện trợ,,cefrj,
air force,noun,society,không quân,,cefrj,
appeal,noun,society,lời kêu gọi; sức hấp dẫn,,cefrj,
arm,verb,society,vũ trang,,cefrj,
army,noun,society,quân đội,,cefrj,
arrest,noun,society,sự bắt giữ,,cefrj,
authority,noun,society,"quyền lực, chính quyền",,cefrj,
battle,noun,society,trận đánh,,cefrj,
bishop,noun,society,giám mục,,cefrj,
bless,verb,society,ban phước,,cefrj,
blessing,noun,society,phước lành,,cefrj,
bomb,noun,society,quả bom; ném bom,,cefrj,
boom,noun,society,sự bùng nổ,,cefrj,
brotherhood,noun,society,tình huynh đệ,,cefrj,
bullet,noun,society,viên đạn,,cefrj,
bureau,noun,society,"văn phòng, cục",,cefrj,
burglar,noun,society,kẻ trộm đột nhập,,cefrj,
ceremony,noun,society,nghi lễ,,cefrj,
charity,noun,society,tổ chức từ thiện,,cefrj,
Christian,adjective,society,thuộc Cơ Đốc giáo,,cefrj,
citizenship,noun,society,quyền công dân,,cefrj,
civil,adjective,society,thuộc dân sự,,cefrj,
civilization,noun,society,nền văn minh,,cefrj,
coffin,noun,society,quan tài,,cefrj,
conflict,noun,society,xung đột,,cefrj,
conquer,verb,society,chinh phục,,cefrj,
conservative,adjective,society,bảo thủ,,cefrj,
constitution,noun,society,hiến pháp,,cefrj,
copyright,noun,society,bản quyền,,cefrj,
council,noun,society,hội đồng,,cefrj,
criminal,noun,society,tội phạm,,cefrj,
crisis,noun,society,khủng hoảng,,cefrj,
cultural,adjective,society,thuộc văn hoá,,cefrj,
declaration,noun,society,lời tuyên bố,,cefrj,
declare,verb,society,tuyên bố,,cefrj,
defend,verb,society,bảo vệ,,cefrj,
defense,noun,society,sự phòng thủ,,cefrj,
democracy,noun,society,nền dân chủ,,cefrj,
democratic,adjective,society,dân chủ,,cefrj,
demonstration,noun,society,cuộc biểu tình; sự trình diễn,,cefrj,
disaster,noun,society,thảm hoạ,,cefrj,
discrimination,noun,society,sự phân biệt đối xử,,cefrj,
divine,adjective,society,thần thánh,,cefrj,
dynasty,noun,society,triều đại,,cefrj,
economic,adjective,society,thuộc kinh tế,,cefrj,
economy,noun,society,nền kinh tế,,cefrj,
election,noun,society,cuộc bầu cử,,cefrj,
emperor,noun,society,hoàng đế,,cefrj,
empire,noun,society,đế chế,,cefrj,
enemy,noun,society,kẻ thù,,cefrj,
equality,noun,society,sự bình đẳng,,cefrj,
festive,adjective,society,thuộc lễ hội,,cefrj,
first lady,noun,society,đệ nhất phu nhân,,cefrj,
forbidden,adjective,society,bị cấm,,cefrj,
funeral,noun,society,đám tang,,cefrj,
general,noun,society,tướng,,cefrj,
global,adjective,society,toàn cầu,,cefrj,
goddess,noun,society,nữ thần,,cefrj,
govern,verb,society,cai trị,,cefrj,
governor,noun,society,thống đốc,,cefrj,
grave,noun,society,ngôi mộ,,cefrj,
heaven,noun,society,thiên đường,,cefrj,
historic,adjective,society,có tính lịch sử,,cefrj,
holy,adjective,society,linh thiêng,,cefrj,
homeless,adjective,society,vô gia cư,,cefrj,
humanity,noun,society,nhân loại; lòng nhân đạo,,cefrj,
identity card,noun,society,chứng minh thư,,cefrj,
immigrate,verb,society,nhập cư,,cefrj,
immigration,noun,society,sự nhập cư,,cefrj,
invasion,noun,society,cuộc xâm lược,,cefrj,
investigation,noun,society,cuộc điều tra,,cefrj,
invitation,noun,society,lời mời,,cefrj,
jail,noun,society,nhà tù,,cefrj,
justice,noun,society,công lý,,cefrj,
killing,noun,society,vụ giết người,,cefrj,
lawful,adjective,society,hợp pháp,,cefrj,
legal,adjective,society,hợp pháp,,cefrj,
liberate,verb,society,giải phóng,,cefrj,
liberation,noun,society,sự giải phóng,,cefrj,
mankind,noun,society,loài người,,cefrj,
march,noun,society,cuộc diễu hành; tháng Ba (March),,cefrj,
mayor,noun,society,thị trưởng,,cefrj,
membership,noun,society,tư cách thành viên,,cefrj,
minority,noun,society,thiểu số,,cefrj,
monk,noun,society,nhà sư,,cefrj,
murder,verb,society,giết người,,cefrj,
murderer,noun,society,kẻ giết người,,cefrj,
nationalist,noun,society,người theo chủ nghĩa dân tộc,,cefrj,
occasion,noun,society,dịp,,cefrj,
opposition,noun,society,sự phản đối; phe đối lập,,cefrj,
oppress,verb,society,áp bức,,cefrj,
oppression,noun,society,sự áp bức,,cefrj,
organization,noun,society,tổ chức,,cefrj,
outlaw,noun,society,kẻ ngoài vòng pháp luật,,cefrj,
patrol,noun,society,cuộc tuần tra,,cefrj,
permit,verb,society,cho phép,,cefrj,
piety,noun,society,lòng mộ đạo,,cefrj,
policy,noun,society,chính sách,,cefrj,
politician,noun,society,chính trị gia,,cefrj,
politics,noun,society,chính trị,,cefrj,
poverty,noun,society,sự nghèo đói,,cefrj,
prayer,noun,society,lời cầu nguyện,,cefrj,
prejudice,noun,society,định kiến,,cefrj,
president,noun,society,tổng thống; chủ tịch,,cefrj,
priest,noun,society,linh mục,,cefrj,
prison,noun,society,nhà tù,,cefrj,
prisoner,noun,society,tù nhân,,cefrj,
prohibition,noun,society,sự cấm đoán,,cefrj,
prosperity,noun,society,sự thịnh vượng,,cefrj,
prosperous,adjective,society,thịnh vượng,,cefrj,
protest,noun,society,"cuộc biểu tình, sự phản đối",,cefrj,
public,adjective,society,công cộng,,cefrj,
punish,verb,society,trừng phạt,,cefrj,
punishment,noun,society,hình phạt,,cefrj,
racial,adjective,society,thuộc chủng tộc,,cefrj,
register,verb,society,đăng ký,,cefrj,
registration,noun,society,sự đăng ký,,cefrj,
regulation,noun,society,quy định,,cefrj,
religion,noun,society,tôn giáo,,cefrj,
religious,adjective,society,thuộc tôn giáo,,cefrj,
republic,noun,society,nước cộng hoà,,cefrj,
rescue,noun,society,sự giải cứu,,cefrj,
reunification,noun,society,sự tái thống nhất,,cefrj,
reunify,verb,society,tái thống nhất,,cefrj,
sacred,adjective,society,linh thiêng,,cefrj,
settlement,noun,society,khu định cư; sự giải quyết,,cefrj,
settler,noun,society,người định cư,,cefrj,
sheriff,noun,society,cảnh sát trưởng,,cefrj,
slavery,noun,society,chế độ nô lệ,,cefrj,
soul,noun,society,linh hồn,,cefrj,
spirit,noun,society,tinh thần; linh hồn,,cefrj,
spiritual,adjective,society,thuộc tâm linh,,cefrj,
status,noun,society,địa vị,,cefrj,
strategic,adjective,society,mang tính chiến lược,,cefrj,
suicide,noun,society,sự tự tử,,cefrj,
superstition,noun,society,sự mê tín,,cefrj,
suspect,noun,society,nghi phạm,,cefrj,
sword,noun,society,thanh kiếm,,cefrj,
terrorism,noun,society,chủ nghĩa khủng bố,,cefrj,
terrorist,noun,society,kẻ khủng bố,,cefrj,
theft,noun,society,sự trộm cắp,,cefrj,
unify,verb,society,thống nhất,,cefrj,
union,noun,society,liên minh; công đoàn,,cefrj,
unite,verb,society,"đoàn kết, hợp nhất",,cefrj,
vice president,noun,society,phó tổng thống,,cefrj,
victim,noun,society,nạn nhân,,cefrj,
violence,noun,society,bạo lực,,cefrj,
volunteer,verb,society,tình nguyện,,cefrj,
vote,verb,society,bỏ phiếu,,cefrj,
warrior,noun,society,chiến binh,,cefrj,
weapon,noun,society,vũ khí,,cefrj,
witness,verb,society,chứng kiến,,cefrj,
astronomer,noun,science-tech,nhà thiên văn học,,cefrj,
atomic,adjective,science-tech,thuộc nguyên tử,,cefrj,
attachment,noun,science-tech,tệp đính kèm; sự gắn bó,,cefrj,
biochemistry,noun,science-tech,hoá sinh,,cefrj,
CD-ROM,noun,science-tech,đĩa CD-ROM,,cefrj,
chemical,noun,science-tech,hoá chất,,cefrj,
click,noun,science-tech,tiếng tách; cú nhấp chuột,,cefrj,
compound,noun,science-tech,hợp chất; từ ghép,,cefrj,
delete,verb,science-tech,xoá,,cefrj,
device,noun,science-tech,thiết bị,,cefrj,
digital,adjective,science-tech,kỹ thuật số,,cefrj,
dioxide,noun,science-tech,đi-ô-xít (CO2),,cefrj,
discovery,noun,science-tech,sự khám phá,,cefrj,
disk,noun,science-tech,"đĩa (CD, đĩa từ)",,cefrj,
electrical,adjective,science-tech,thuộc điện,,cefrj,
electron,noun,science-tech,điện tử (hạt electron),,cefrj,
electronic,adjective,science-tech,thuộc điện tử,,cefrj,
engineering,noun,science-tech,ngành kỹ thuật,,cefrj,
experiment,noun,science-tech,thí nghiệm,,cefrj,
filter,noun,science-tech,bộ lọc,,cefrj,
format,noun,science-tech,định dạng,,cefrj,
gene,noun,science-tech,gen,,cefrj,
genetic,adjective,science-tech,thuộc di truyền,,cefrj,
genetics,noun,science-tech,di truyền học,,cefrj,
graphic,adjective,science-tech,thuộc đồ hoạ,,cefrj,
graphics,noun,science-tech,đồ hoạ,,cefrj,
hand-held,adjective,science-tech,cầm tay,,cefrj,
install,verb,science-tech,"cài đặt, lắp đặt",,cefrj,
keyboard,noun,science-tech,bàn phím,,cefrj,
link,noun,science-tech,đường dẫn; mối liên kết,,cefrj,
liquid,noun,science-tech,chất lỏng,,cefrj,
loudspeaker,noun,science-tech,loa,,cefrj,
mechanical,adjective,science-tech,thuộc cơ khí,,cefrj,
message board,noun,science-tech,diễn đàn tin nhắn,,cefrj,
mineral,noun,science-tech,khoáng chất,,cefrj,
modem,noun,science-tech,mô-đem,,cefrj,
molecule,noun,science-tech,phân tử,,cefrj,
monitor,noun,science-tech,màn hình,,cefrj,
network,noun,science-tech,mạng lưới,,cefrj,
nuclear,adjective,science-tech,hạt nhân,,cefrj,
nucleus,noun,science-tech,"hạt nhân (nguyên tử, tế bào)",,cefrj,
organism,noun,science-tech,sinh vật,,cefrj,
oxygen,noun,science-tech,ô-xy,,cefrj,
password,noun,science-tech,mật khẩu,,cefrj,
program,verb,science-tech,lập trình,,cefrj,
radiation,noun,science-tech,bức xạ,,cefrj,
robot,noun,science-tech,người máy,,cefrj,
satellite,noun,science-tech,vệ tinh,,cefrj,
scan,noun,science-tech,bản quét; sự chụp quét,,cefrj,
server,noun,science-tech,máy chủ; người phục vụ,,cefrj,
technological,adjective,science-tech,thuộc công nghệ,,cefrj,
telecommunications,noun,science-tech,viễn thông,,cefrj,
type,verb,science-tech,gõ (bàn phím),,cefrj,
update,verb,science-tech,cập nhật,,cefrj,
upload,verb,science-tech,tải lên,,cefrj,
virtual,adjective,science-tech,ảo,,cefrj,
webcam,noun,science-tech,webcam,,cefrj,
wire,noun,science-tech,dây điện,,cefrj,
Atlantic,adjective,countries,thuộc Đại Tây Dương,,cefrj,
border,noun,countries,biên giới,,cefrj,
Mediterranean,noun,countries,Địa Trung Hải,,cefrj,
motherland,noun,countries,tổ quốc,,cefrj,
afterward,adverb,time,sau đó (Anh-Mỹ),,cefrj,
afterwards,adverb,time,sau đó,,cefrj,
annual,adjective,time,hằng năm,,cefrj,
annually,adverb,time,hằng năm,,cefrj,
chronological,adjective,time,theo thứ tự thời gian,,cefrj,
current,adjective,time,hiện tại,,cefrj,
currently,adverb,time,hiện nay,,cefrj,
era,noun,time,kỷ nguyên,,cefrj,
eternal,adjective,time,vĩnh cửu,,cefrj,
eternity,noun,time,sự vĩnh hằng,,cefrj,
fall,noun,time,mùa thu; sự rơi,,cefrj,
former,adjective,time,"trước đây, cũ",,cefrj,
fortnight,noun,time,hai tuần,,cefrj,
future,adjective,time,thuộc tương lai,,cefrj,
interval,noun,time,khoảng nghỉ,,cefrj,
last,adverb,time,lần cuối; kéo dài,,cefrj,
lately,adverb,time,gần đây,,cefrj,
lifelong,adjective,time,suốt đời,,cefrj,
meanwhile,adverb,time,trong khi đó,,cefrj,
monthly,adjective,time,hằng tháng,,cefrj,
overnight,adjective,time,qua đêm,,cefrj,
past,adjective,time,đã qua,,cefrj,
present,adjective,time,hiện tại; có mặt,,cefrj,
previous,adjective,time,trước đó,,cefrj,
retrospect,noun,time,sự hồi tưởng,,cefrj,
season,noun,time,mùa,,cefrj,
session,noun,time,"buổi, phiên",,cefrj,
shortly,adverb,time,"sớm, chẳng bao lâu",,cefrj,
sometime,adverb,time,lúc nào đó,,cefrj,
sundial,noun,time,đồng hồ mặt trời,,cefrj,
temporary,adjective,time,tạm thời,,cefrj,
timely,adjective,time,kịp thời,,cefrj,
while,noun,time,"một lúc, một khoảng thời gian",,cefrj,
abundance,noun,numbers,"sự dồi dào, phong phú",,cefrj,
abundant,adjective,numbers,"dồi dào, phong phú",,cefrj,
amount,noun,numbers,số lượng,,cefrj,
approximately,adverb,numbers,"xấp xỉ, khoảng",,cefrj,
bunch,noun,numbers,"bó, chùm",,cefrj,
capacity,noun,numbers,"sức chứa, năng lực",,cefrj,
count,noun,numbers,sự đếm; số đếm,,cefrj,
countless,adjective,numbers,vô số,,cefrj,
decline,noun,numbers,sự suy giảm,,cefrj,
decrease,noun,numbers,sự giảm,,cefrj,
depth,noun,numbers,độ sâu,,cefrj,
dozen,determiner,numbers,một tá; tá (12 cái),,cefrj,
estimate,verb,numbers,ước tính,,cefrj,
excess,noun,numbers,sự dư thừa,,cefrj,
extent,noun,numbers,mức độ,,cefrj,
fifth,noun,numbers,một phần năm; thứ năm,,cefrj,
frequency,noun,numbers,tần suất,,cefrj,
gallon,noun,numbers,ga-lông,,cefrj,
half,adverb,numbers,một nửa,,cefrj,
height,noun,numbers,chiều cao,,cefrj,
increase,noun,numbers,sự gia tăng,,cefrj,
length,noun,numbers,chiều dài,,cefrj,
little,determiner,numbers,"ít, một chút; một ít",,cefrj,
majority,noun,numbers,đa số,,cefrj,
mass,adjective,numbers,"hàng loạt, đại trà",,cefrj,
maximum,adjective,numbers,tối đa; mức tối đa,,cefrj,
measure,verb,numbers,đo,,cefrj,
measurement,noun,numbers,sự đo lường; số đo,,cefrj,
mile,noun,numbers,dặm,,cefrj,
minimum,adjective,numbers,tối thiểu; mức tối thiểu,,cefrj,
more,adverb,numbers,hơn,,cefrj,
numerous,adjective,numbers,nhiều,,cefrj,
percent,noun,numbers,phần trăm,,cefrj,
plenty,pronoun,numbers,nhiều,,cefrj,
probability,noun,numbers,xác suất,,cefrj,
proportion,noun,numbers,tỷ lệ,,cefrj,
quantity,noun,numbers,số lượng,,cefrj,
reduction,noun,numbers,sự giảm,,cefrj,
remainder,noun,numbers,phần còn lại,,cefrj,
rise,noun,numbers,sự tăng lên,,cefrj,
second,adverb,numbers,thứ hai là,,cefrj,
shortage,noun,numbers,sự thiếu hụt,,cefrj,
sufficient,adjective,numbers,đủ,,cefrj,
total,adjective,numbers,tổng cộng; tổng số,,cefrj,
volume,noun,numbers,âm lượng; khối lượng; tập (sách),,cefrj,
whole,noun,numbers,toàn bộ,,cefrj,
navy blue,adjective,colors,xanh nước biển đậm,,cefrj,
above,adjective,position,"ở trên, kể trên",,cefrj,
aside,adverb,position,sang một bên,,cefrj,
beneath,preposition,position,bên dưới,,cefrj,
central,adjective,position,trung tâm,,cefrj,
distance,noun,position,khoảng cách,,cefrj,
distant,adjective,position,xa xôi,,cefrj,
downstairs,adjective,position,ở tầng dưới,,cefrj,
downward,adjective,position,"đi xuống, hướng xuống",,cefrj,
eastern,adjective,position,thuộc phía đông,,cefrj,
edge,noun,position,"cạnh, mép",,cefrj,
faraway,adjective,position,xa xôi,,cefrj,
farther,adverb,position,xa hơn,,cefrj,
farthest,adverb,position,xa nhất,,cefrj,
forth,adverb,position,về phía trước,,cefrj,
furthest,adverb,position,xa nhất,,cefrj,
indoors,adverb,position,trong nhà,,cefrj,
location,noun,position,"vị trí, địa điểm",,cefrj,
near,adjective,position,gần,,cefrj,
nearby,adjective,position,gần đó; ở gần đây,,cefrj,
next door,adverb,position,ở nhà bên cạnh,,cefrj,
next-door,adjective,position,bên cạnh (nhà),,cefrj,
northeast,adjective,position,phía đông bắc; hướng đông bắc,,cefrj,
northeastern,adjective,position,thuộc đông bắc,,cefrj,
northern,adjective,position,thuộc phía bắc,,cefrj,
northwest,adjective,position,phía tây bắc; hướng tây bắc,,cefrj,
northwestern,adjective,position,thuộc tây bắc,,cefrj,
nowhere,adverb,position,không nơi nào,,cefrj,
opposite,adverb,position,đối diện,,cefrj,
outdoors,adverb,position,ở ngoài trời,,cefrj,
outer,adjective,position,bên ngoài,,cefrj,
outward,adjective,position,bên ngoài,,cefrj,
someplace,adverb,position,ở đâu đó,,cefrj,
southeast,adjective,position,thuộc đông nam; hướng đông nam,,cefrj,
southern,adjective,position,thuộc phía nam,,cefrj,
southwest,adjective,position,thuộc tây nam; hướng tây nam,,cefrj,
surface,noun,position,bề mặt,,cefrj,
surrounding,adjective,position,xung quanh,,cefrj,
through,adverb,position,xuyên qua; từ đầu đến cuối,,cefrj,
underneath,preposition,position,bên dưới,,cefrj,
upper,adjective,position,phía trên,,cefrj,
upstairs,adjective,position,ở tầng trên,,cefrj,
upward,adjective,position,hướng lên,,cefrj,
westward,adverb,position,về phía tây,,cefrj,
abandon,verb,verbs,"bỏ rơi, từ bỏ",,cefrj,
absorb,verb,verbs,"hấp thụ, thấm hút",,cefrj,
accompany,verb,verbs,"đi cùng, hộ tống",,cefrj,
accomplish,verb,verbs,"hoàn thành, đạt được",,cefrj,
account,verb,verbs,giải thích (account for); chiếm (tỉ lệ),,cefrj,
accustom,verb,verbs,làm cho quen,,cefrj,
acknowledge,verb,verbs,thừa nhận,,cefrj,
acquire,verb,verbs,"đạt được, thu được",,cefrj,
act,verb,verbs,hành động; diễn (kịch),,cefrj,
adapt,verb,verbs,thích nghi; chuyển thể,,cefrj,
advance,verb,verbs,"tiến lên, thúc đẩy",,cefrj,
affect,verb,verbs,ảnh hưởng đến,,cefrj,
aid,verb,verbs,"giúp đỡ, viện trợ",,cefrj,
approve,verb,verbs,"tán thành, phê duyệt",,cefrj,
arise,verb,verbs,"nảy sinh, xuất hiện",,cefrj,
arrange,verb,verbs,"sắp xếp, thu xếp",,cefrj,
assist,verb,verbs,hỗ trợ,,cefrj,
associate,verb,verbs,"liên tưởng, liên kết",,cefrj,
assume,verb,verbs,"cho rằng, giả định",,cefrj,
attach,verb,verbs,"gắn, đính kèm",,cefrj,
attain,verb,verbs,đạt được,,cefrj,
attempt,verb,verbs,"cố gắng, thử",,cefrj,
attract,verb,verbs,thu hút,,cefrj,
award,verb,verbs,trao thưởng,,cefrj,
back,verb,verbs,ủng hộ; lùi lại,,cefrj,
bang,verb,verbs,"đập mạnh, đóng sầm",,cefrj,
bar,verb,verbs,"chặn, cấm",,cefrj,
base,verb,verbs,dựa trên,,cefrj,
beat,verb,verbs,"đánh, đập; đánh bại",,cefrj,
behave,verb,verbs,cư xử,,cefrj,
bite,verb,verbs,cắn,,cefrj,
block,verb,verbs,chặn,,cefrj,
bounce,verb,verbs,"nảy, bật lên",,cefrj,
branch,verb,verbs,phân nhánh,,cefrj,
bump,verb,verbs,"va, đụng",,cefrj,
burn,verb,verbs,đốt cháy; bị bỏng,,cefrj,
burst,verb,verbs,"nổ tung, vỡ",,cefrj,
bust,verb,verbs,làm hỏng; bắt giữ (thân mật),,cefrj,
cancel,verb,verbs,huỷ bỏ,,cefrj,
capture,verb,verbs,bắt giữ; chụp lại,,cefrj,
characterize,verb,verbs,mô tả đặc điểm,,cefrj,
chase,noun,verbs,sự đuổi theo,,cefrj,
circle,verb,verbs,khoanh tròn; đi vòng quanh,,cefrj,
clear,verb,verbs,dọn sạch; làm rõ,,cefrj,
combine,verb,verbs,kết hợp,,cefrj,
commit,verb,verbs,phạm (tội); cam kết,,cefrj,
complete,verb,verbs,hoàn thành,,cefrj,
complicate,verb,verbs,làm phức tạp,,cefrj,
conclude,verb,verbs,kết luận,,cefrj,
confirm,verb,verbs,xác nhận,,cefrj,
connect,verb,verbs,kết nối,,cefrj,
constitute,verb,verbs,cấu thành,,cefrj,
construct,verb,verbs,xây dựng,,cefrj,
consume,verb,verbs,tiêu thụ,,cefrj,
contain,verb,verbs,chứa đựng,,cefrj,
contribute,verb,verbs,đóng góp,,cefrj,
control,verb,verbs,"kiểm soát, điều khiển",,cefrj,
counter,verb,verbs,"phản đối, chống lại",,cefrj,
damage,verb,verbs,làm hư hại,,cefrj,
dare,verb,verbs,dám,,cefrj,
deal,verb,verbs,xử lý; giao dịch; chia bài,,cefrj,
dedicate,verb,verbs,"cống hiến, dành tặng",,cefrj,
demand,verb,verbs,đòi hỏi,,cefrj,
demonstrate,verb,verbs,chứng minh; biểu tình,,cefrj,
deny,verb,verbs,phủ nhận,,cefrj,
deprive,verb,verbs,tước đoạt,,cefrj,
derive,verb,verbs,bắt nguồn từ,,cefrj,
deserve,verb,verbs,xứng đáng,,cefrj,
determine,verb,verbs,xác định; quyết định,,cefrj,
devastate,verb,verbs,tàn phá,,cefrj,
differ,verb,verbs,khác nhau,,cefrj,
dig,verb,verbs,đào,,cefrj,
direct,verb,verbs,chỉ đạo; chỉ đường,,cefrj,
disable,verb,verbs,vô hiệu hoá,,cefrj,
discourage,verb,verbs,làm nản lòng,,cefrj,
display,verb,verbs,"trưng bày, hiển thị",,cefrj,
dissolve,verb,verbs,hoà tan,,cefrj,
distinguish,verb,verbs,phân biệt,,cefrj,
distribute,verb,verbs,phân phát,,cefrj,
drag,verb,verbs,kéo lê,,cefrj,
drown,verb,verbs,chết đuối,,cefrj,
eliminate,verb,verbs,loại bỏ,,cefrj,
emerge,verb,verbs,"nổi lên, xuất hiện",,cefrj,
enable,verb,verbs,"cho phép, làm cho có thể",,cefrj,
endure,verb,verbs,chịu đựng,,cefrj,
engage,verb,verbs,tham gia; thu hút,,cefrj,
enrich,verb,verbs,"làm giàu, làm phong phú",,cefrj,
ensure,verb,verbs,đảm bảo,,cefrj,
escape,verb,verbs,trốn thoát,,cefrj,
examine,verb,verbs,"kiểm tra, xem xét",,cefrj,
exit,verb,verbs,"đi ra, thoát",,cefrj,
expand,verb,verbs,mở rộng,,cefrj,
experience,verb,verbs,trải nghiệm,,cefrj,
expose,verb,verbs,phơi bày,,cefrj,
extend,verb,verbs,"kéo dài, mở rộng",,cefrj,
fade,verb,verbs,phai mờ,,cefrj,
feed,verb,verbs,cho ăn,,cefrj,
fetch,verb,verbs,đi lấy về,,cefrj,
fight,verb,verbs,"đánh nhau, chiến đấu",,cefrj,
fix,verb,verbs,sửa chữa; cố định,,cefrj,
float,verb,verbs,nổi,,cefrj,
flow,verb,verbs,chảy,,cefrj,
fold,verb,verbs,gấp,,cefrj,
fool,verb,verbs,lừa,,cefrj,
form,verb,verbs,hình thành,,cefrj,
gain,verb,verbs,"đạt được, tăng",,cefrj,
generate,verb,verbs,tạo ra,,cefrj,
glance,noun,verbs,cái liếc nhìn,,cefrj,
glide,noun,verbs,sự lướt đi,,cefrj,
glimpse,noun,verbs,cái nhìn thoáng qua,,cefrj,
grab,verb,verbs,chộp lấy,,cefrj,
grant,verb,verbs,"cấp, ban cho",,cefrj,
group,verb,verbs,nhóm lại,,cefrj,
guess,noun,verbs,sự phỏng đoán,,cefrj,
guide,verb,verbs,hướng dẫn,,cefrj,
handle,verb,verbs,xử lý; cầm,,cefrj,
hang,verb,verbs,treo,,cefrj,
highlight,verb,verbs,làm nổi bật,,cefrj,
hop,noun,verbs,cú nhảy lò cò,,cefrj,
ignore,verb,verbs,phớt lờ,,cefrj,
illuminate,verb,verbs,chiếu sáng,,cefrj,
imitate,verb,verbs,bắt chước,,cefrj,
impair,verb,verbs,làm suy yếu,,cefrj,
insist,verb,verbs,"khăng khăng, nhất quyết",,cefrj,
intend,verb,verbs,dự định,,cefrj,
interact,verb,verbs,tương tác,,cefrj,
involve,verb,verbs,"liên quan, bao gồm",,cefrj,
knock,verb,verbs,gõ (cửa),,cefrj,
launch,verb,verbs,phóng; ra mắt,,cefrj,
lay,verb,verbs,"đặt, để; đẻ (trứng)",,cefrj,
lead,verb,verbs,dẫn dắt,,cefrj,
leap,verb,verbs,nhảy vọt,,cefrj,
lessen,verb,verbs,làm giảm bớt,,cefrj,
lift,verb,verbs,nâng lên,,cefrj,
limit,verb,verbs,giới hạn,,cefrj,
link,verb,verbs,liên kết,,cefrj,
locate,verb,verbs,xác định vị trí,,cefrj,
maintain,verb,verbs,duy trì,,cefrj,
match,verb,verbs,"khớp, hợp",,cefrj,
melt,verb,verbs,tan chảy,,cefrj,
mend,verb,verbs,"sửa chữa, vá",,cefrj,
minimize,verb,verbs,giảm thiểu,,cefrj,
modify,verb,verbs,sửa đổi,,cefrj,
monitor,verb,verbs,giám sát,,cefrj,
motivate,verb,verbs,"thúc đẩy, tạo động lực",,cefrj,
name,verb,verbs,đặt tên,,cefrj,
notice,verb,verbs,"để ý, nhận thấy",,cefrj,
observe,verb,verbs,quan sát,,cefrj,
obtain,verb,verbs,"đạt được, có được",,cefrj,
occasion,verb,verbs,gây ra,,cefrj,
occupy,verb,verbs,chiếm giữ,,cefrj,
occur,verb,verbs,xảy ra,,cefrj,
ought to,verb,verbs,nên,,cefrj,
outline,verb,verbs,phác thảo,,cefrj,
outweigh,verb,verbs,vượt trội hơn,,cefrj,
overcome,verb,verbs,vượt qua,,cefrj,
participate,verb,verbs,tham gia,,cefrj,
pause,verb,verbs,tạm dừng,,cefrj,
pick,noun,verbs,sự lựa chọn,,cefrj,
pin,verb,verbs,ghim,,cefrj,
place,verb,verbs,"đặt, để",,cefrj,
plan,verb,verbs,lên kế hoạch,,cefrj,
preserve,verb,verbs,bảo tồn,,cefrj,
press,verb,verbs,"ấn, nhấn",,cefrj,
proceed,verb,verbs,"tiến hành, tiếp tục",,cefrj,
protect,verb,verbs,bảo vệ,,cefrj,
prove,verb,verbs,chứng minh,,cefrj,
purify,verb,verbs,"làm sạch, tinh chế",,cefrj,
push,noun,verbs,cú đẩy,,cefrj,
react,verb,verbs,phản ứng,,cefrj,
rearrange,verb,verbs,sắp xếp lại,,cefrj,
rebuild,verb,verbs,xây dựng lại,,cefrj,
recall,verb,verbs,nhớ lại,,cefrj,
reclaim,verb,verbs,đòi lại,,cefrj,
recognize,verb,verbs,nhận ra,,cefrj,
reduce,verb,verbs,giảm,,cefrj,
regain,verb,verbs,lấy lại,,cefrj,
regard,verb,verbs,coi như,,cefrj,
reject,verb,verbs,"từ chối, bác bỏ",,cefrj,
relate,verb,verbs,liên quan,,cefrj,
release,verb,verbs,"thả, phát hành",,cefrj,
rely,verb,verbs,dựa vào,,cefrj,
remove,verb,verbs,loại bỏ,,cefrj,
renew,verb,verbs,"gia hạn, làm mới",,cefrj,
reproduce,verb,verbs,sinh sản; tái tạo,,cefrj,
require,verb,verbs,"yêu cầu, cần",,cefrj,
resemble,verb,verbs,giống,,cefrj,
resist,verb,verbs,chống lại,,cefrj,
resolve,verb,verbs,giải quyết,,cefrj,
restore,verb,verbs,khôi phục,,cefrj,
restrict,verb,verbs,hạn chế,,cefrj,
result,verb,verbs,"dẫn đến, là kết quả của",,cefrj,
retain,verb,verbs,giữ lại,,cefrj,
rid,verb,verbs,loại bỏ (get rid of),,cefrj,
riddle,verb,verbs,làm thủng lỗ chỗ,,cefrj,
rise,verb,verbs,tăng lên; mọc (mặt trời),,cefrj,
rush,verb,verbs,vội vã,,cefrj,
scatter,verb,verbs,"rải rác, phân tán",,cefrj,
search,verb,verbs,tìm kiếm,,cefrj,
seize,verb,verbs,"nắm lấy, chiếm giữ",,cefrj,
service,verb,verbs,bảo dưỡng,,cefrj,
settle,verb,verbs,định cư; giải quyết,,cefrj,
shadow,verb,verbs,"theo dõi, bám theo",,cefrj,
shake,verb,verbs,"lắc, rung",,cefrj,
shape,verb,verbs,định hình,,cefrj,
shift,verb,verbs,"chuyển, dịch chuyển",,cefrj,
simplify,verb,verbs,đơn giản hoá,,cefrj,
sink,verb,verbs,chìm,,cefrj,
slip,verb,verbs,trượt chân,,cefrj,
slow,verb,verbs,làm chậm lại,,cefrj,
spoil,verb,verbs,làm hỏng; làm hư (trẻ),,cefrj,
stare,verb,verbs,nhìn chằm chằm,,cefrj,
stem,verb,verbs,bắt nguồn,,cefrj,
stick,verb,verbs,dán; dính,,cefrj,
strengthen,verb,verbs,củng cố,,cefrj,
strike,verb,verbs,đánh; đình công,,cefrj,
stumble,verb,verbs,vấp,,cefrj,
support,verb,verbs,hỗ trợ; ủng hộ,,cefrj,
suppose,verb,verbs,cho rằng,,cefrj,
surround,verb,verbs,bao quanh,,cefrj,
switch,verb,verbs,chuyển đổi,,cefrj,
tear,verb,verbs,xé,,cefrj,
tend,verb,verbs,có xu hướng,,cefrj,
thump,verb,verbs,"đấm, đập mạnh",,cefrj,
tick,verb,verbs,đánh dấu tích,,cefrj,
tie,verb,verbs,"buộc, thắt",,cefrj,
tighten,verb,verbs,siết chặt,,cefrj,
toss,verb,verbs,"tung, ném",,cefrj,
touch,verb,verbs,chạm vào,,cefrj,
transfer,verb,verbs,chuyển,,cefrj,
transform,verb,verbs,biến đổi,,cefrj,
tumble,verb,verbs,ngã nhào,,cefrj,
twist,verb,verbs,"vặn, xoắn",,cefrj,
uncover,verb,verbs,"khám phá, lật tẩy",,cefrj,
undergo,verb,verbs,trải qua,,cefrj,
undo,verb,verbs,cởi ra; hoàn tác,,cefrj,
unfold,verb,verbs,mở ra; diễn ra,,cefrj,
used to,verb,verbs,đã từng,,cefrj,
vary,verb,verbs,"thay đổi, khác nhau",,cefrj,
view,verb,verbs,xem; coi như,,cefrj,
wax,verb,verbs,đánh sáp,,cefrj,
able,adjective,adjectives,"có thể, có khả năng",,cefrj,
abnormal,adjective,adjectives,bất thường,,cefrj,
absent,adjective,adjectives,vắng mặt,,cefrj,
absolute,adjective,adjectives,"tuyệt đối, hoàn toàn",,cefrj,
abstract,adjective,adjectives,trừu tượng,,cefrj,
accessible,adjective,adjectives,"dễ tiếp cận, có thể truy cập",,cefrj,
accidental,adjective,adjectives,"tình cờ, ngẫu nhiên",,cefrj,
accurate,adjective,adjectives,chính xác,,cefrj,
active,adjective,adjectives,"năng động, tích cực",,cefrj,
alike,adjective,adjectives,giống nhau,,cefrj,
alternative,adjective,adjectives,"thay thế, khác",,cefrj,
apparent,adjective,adjectives,rõ ràng; bề ngoài,,cefrj,
available,adjective,adjectives,có sẵn,,cefrj,
aware,adjective,adjectives,"nhận thức, biết",,cefrj,
bare,adjective,adjectives,"trần trụi, trống",,cefrj,
bent,adjective,adjectives,cong,,cefrj,
bold,adjective,adjectives,táo bạo; (chữ) đậm,,cefrj,
bound,adjective,adjectives,chắc chắn sẽ; bị ràng buộc,,cefrj,
brand-new,adjective,adjectives,mới tinh,,cefrj,
brief,adjective,adjectives,ngắn gọn,,cefrj,
broad,adjective,adjectives,rộng,,cefrj,
burning,adjective,adjectives,đang cháy; nóng rực,,cefrj,
capable,adjective,adjectives,có năng lực,,cefrj,
careless,adjective,adjectives,bất cẩn,,cefrj,
cautious,adjective,adjectives,thận trọng,,cefrj,
challenging,adjective,adjectives,đầy thử thách,,cefrj,
chief,adjective,adjectives,"chính, đứng đầu",,cefrj,
circular,adjective,adjectives,hình tròn,,cefrj,
competitive,adjective,adjectives,cạnh tranh,,cefrj,
complex,adjective,adjectives,phức tạp,,cefrj,
complicated,adjective,adjectives,phức tạp,,cefrj,
confusing,adjective,adjectives,khó hiểu,,cefrj,
conscious,adjective,adjectives,tỉnh táo; có ý thức,,cefrj,
considerable,adjective,adjectives,đáng kể,,cefrj,
continual,adjective,adjectives,"liên tục, lặp đi lặp lại",,cefrj,
continuous,adjective,adjectives,"liên tục, không ngừng",,cefrj,
contrary,adjective,adjectives,trái ngược,,cefrj,
controversial,adjective,adjectives,gây tranh cãi,,cefrj,
critical,adjective,adjectives,phê phán; quan trọng,,cefrj,
damaged,adjective,adjectives,bị hư hại,,cefrj,
damp,adjective,adjectives,ẩm ướt,,cefrj,
deadly,adjective,adjectives,chết người,,cefrj,
definite,adjective,adjectives,"rõ ràng, chắc chắn",,cefrj,
delicate,adjective,adjectives,"mỏng manh, tinh tế",,cefrj,
dependent,adjective,adjectives,phụ thuộc,,cefrj,
destructive,adjective,adjectives,có tính phá hoại,,cefrj,
devastating,adjective,adjectives,tàn khốc,,cefrj,
disastrous,adjective,adjectives,thảm khốc,,cefrj,
diverse,adjective,adjectives,đa dạng,,cefrj,
dramatic,adjective,adjectives,kịch tính,,cefrj,
effective,adjective,adjectives,hiệu quả,,cefrj,
efficient,adjective,adjectives,"hiệu quả, năng suất",,cefrj,
endless,adjective,adjectives,vô tận,,cefrj,
entire,adjective,adjectives,toàn bộ,,cefrj,
equal,adjective,adjectives,"bằng nhau, bình đẳng",,cefrj,
essential,adjective,adjectives,thiết yếu,,cefrj,
even,adjective,adjectives,bằng phẳng; chẵn,,cefrj,
evident,adjective,adjectives,hiển nhiên,,cefrj,
exact,adjective,adjectives,chính xác,,cefrj,
exclusive,adjective,adjectives,độc quyền; riêng,,cefrj,
extraordinary,adjective,adjectives,phi thường,,cefrj,
extreme,adjective,adjectives,"cực đoan, cực độ",,cefrj,
faint,adjective,adjectives,mờ nhạt; choáng váng,,cefrj,
fake,adjective,adjectives,giả,,cefrj,
fallen,adjective,adjectives,"đã ngã, đổ",,cefrj,
favorable,adjective,adjectives,thuận lợi,,cefrj,
firm,adjective,adjectives,"chắc, vững",,cefrj,
flash,adjective,adjectives,hào nhoáng,,cefrj,
flat,adjective,adjectives,phẳng,,cefrj,
formal,adjective,adjectives,trang trọng,,cefrj,
frequent,adjective,adjectives,thường xuyên,,cefrj,
general,adjective,adjectives,"chung, tổng quát",,cefrj,
giant,adjective,adjectives,khổng lồ,,cefrj,
glorious,adjective,adjectives,"huy hoàng, rực rỡ",,cefrj,
graceful,adjective,adjectives,duyên dáng,,cefrj,
handy,adjective,adjectives,tiện dụng,,cefrj,
hanging,adjective,adjectives,treo lơ lửng,,cefrj,
hasty,adjective,adjectives,vội vàng,,cefrj,
heavenly,adjective,adjectives,tuyệt diệu,,cefrj,
hidden,adjective,adjectives,bị che giấu,,cefrj,
horrible,adjective,adjectives,kinh khủng,,cefrj,
huge,adjective,adjectives,khổng lồ,,cefrj,
imaginary,adjective,adjectives,tưởng tượng,,cefrj,
immediate,adjective,adjectives,ngay lập tức,,cefrj,
improper,adjective,adjectives,không thích hợp,,cefrj,
inconvenient,adjective,adjectives,bất tiện,,cefrj,
incorrect,adjective,adjectives,không chính xác,,cefrj,
incredible,adjective,adjectives,"khó tin, tuyệt vời",,cefrj,
independent,adjective,adjectives,độc lập,,cefrj,
indirect,adjective,adjectives,gián tiếp,,cefrj,
individual,adjective,adjectives,"cá nhân, riêng lẻ",,cefrj,
inevitable,adjective,adjectives,không thể tránh khỏi,,cefrj,
informative,adjective,adjectives,cung cấp nhiều thông tin,,cefrj,
intense,adjective,adjectives,mãnh liệt,,cefrj,
intensive,adjective,adjectives,chuyên sâu,,cefrj,
internal,adjective,adjectives,bên trong,,cefrj,
involved,adjective,adjectives,"có liên quan, tham gia",,cefrj,
irregular,adjective,adjectives,không đều; bất quy tắc,,cefrj,
joint,adjective,adjectives,chung,,cefrj,
lasting,adjective,adjectives,lâu dài,,cefrj,
leading,adjective,adjectives,hàng đầu,,cefrj,
lean,adjective,adjectives,"gầy, nạc",,cefrj,
level,adjective,adjectives,"bằng phẳng, ngang bằng",,cefrj,
limited,adjective,adjectives,có hạn,,cefrj,
liquid,adjective,adjectives,lỏng,,cefrj,
loud,adjective,adjectives,"to, ồn",,cefrj,
magical,adjective,adjectives,kỳ diệu,,cefrj,
magnificent,adjective,adjectives,tráng lệ,,cefrj,
main,adjective,adjectives,chính,,cefrj,
marked,adjective,adjectives,rõ rệt,,cefrj,
massive,adjective,adjectives,"to lớn, đồ sộ",,cefrj,
meaningful,adjective,adjectives,có ý nghĩa,,cefrj,
medium,adjective,adjectives,"trung bình, vừa",,cefrj,
memorable,adjective,adjectives,đáng nhớ,,cefrj,
mere,adjective,adjectives,chỉ là,,cefrj,
mild,adjective,adjectives,"nhẹ, ôn hoà",,cefrj,
minor,adjective,adjectives,"nhỏ, không quan trọng",,cefrj,
model,adjective,adjectives,"kiểu mẫu, gương mẫu",,cefrj,
moderate,adjective,adjectives,vừa phải,,cefrj,
motionless,adjective,adjectives,bất động,,cefrj,
mutual,adjective,adjectives,"lẫn nhau, chung",,cefrj,
narrow,adjective,adjectives,hẹp,,cefrj,
nasty,adjective,adjectives,"khó chịu, tồi tệ",,cefrj,
neutral,adjective,adjectives,trung lập,,cefrj,
noticeable,adjective,adjectives,dễ nhận thấy,,cefrj,
notorious,adjective,adjectives,khét tiếng,,cefrj,
obvious,adjective,adjectives,hiển nhiên,,cefrj,
occasional,adjective,adjectives,thỉnh thoảng,,cefrj,
offensive,adjective,adjectives,xúc phạm,,cefrj,
old-fashioned,adjective,adjectives,lỗi thời,,cefrj,
orderly,adjective,adjectives,ngăn nắp,,cefrj,
ordinary,adjective,adjectives,bình thường,,cefrj,
out-of-date,adjective,adjectives,lỗi thời,,cefrj,
outstanding,adjective,adjectives,"nổi bật, xuất sắc",,cefrj,
overwhelming,adjective,adjectives,áp đảo,,cefrj,
partial,adjective,adjectives,một phần,,cefrj,
passive,adjective,adjectives,thụ động; bị động,,cefrj,
peculiar,adjective,adjectives,kỳ lạ,,cefrj,
permanent,adjective,adjectives,"lâu dài, vĩnh viễn",,cefrj,
phantom,adjective,adjectives,ma quái,,cefrj,
plain,adjective,adjectives,đơn giản; trơn,,cefrj,
positive,adjective,adjectives,tích cực,,cefrj,
practical,adjective,adjectives,"thực tế, thiết thực",,cefrj,
precious,adjective,adjectives,quý giá,,cefrj,
prepared,adjective,adjectives,đã sẵn sàng,,cefrj,
primitive,adjective,adjectives,nguyên thuỷ,,cefrj,
prominent,adjective,adjectives,nổi bật,,cefrj,
protective,adjective,adjectives,có tính bảo vệ,,cefrj,
pure,adjective,adjectives,tinh khiết,,cefrj,
quality,adjective,adjectives,chất lượng cao,,cefrj,
rapid,adjective,adjectives,nhanh chóng,,cefrj,
rare,adjective,adjectives,hiếm,,cefrj,
rational,adjective,adjectives,hợp lý,,cefrj,
realistic,adjective,adjectives,thực tế,,cefrj,
reasonable,adjective,adjectives,hợp lý,,cefrj,
relative,adjective,adjectives,tương đối,,cefrj,
reliable,adjective,adjectives,đáng tin cậy,,cefrj,
remarkable,adjective,adjectives,đáng chú ý,,cefrj,
respectable,adjective,adjectives,đáng kính,,cefrj,
responsible,adjective,adjectives,có trách nhiệm,,cefrj,
ridiculous,adjective,adjectives,lố bịch,,cefrj,
rolling,adjective,adjectives,nhấp nhô (đồi),,cefrj,
rough,adjective,adjectives,thô ráp; gồ ghề,,cefrj,
round,adjective,adjectives,tròn,,cefrj,
secret,adjective,adjectives,bí mật,,cefrj,
secure,adjective,adjectives,"an toàn, chắc chắn",,cefrj,
select,adjective,adjectives,chọn lọc,,cefrj,
serious,adjective,adjectives,nghiêm túc; nghiêm trọng,,cefrj,
severe,adjective,adjectives,"nghiêm trọng, khắc nghiệt",,cefrj,
shadowy,adjective,adjectives,mờ ảo,,cefrj,
shallow,adjective,adjectives,nông,,cefrj,
sharp,adjective,adjectives,sắc; nhọn,,cefrj,
sheer,adjective,adjectives,hoàn toàn; dốc đứng,,cefrj,
shiny,adjective,adjectives,sáng bóng,,cefrj,
shut,adjective,adjectives,đóng,,cefrj,
silent,adjective,adjectives,im lặng,,cefrj,
solid,adjective,adjectives,rắn chắc,,cefrj,
spectacular,adjective,adjectives,ngoạn mục,,cefrj,
spiral,adjective,adjectives,xoắn ốc,,cefrj,
stable,adjective,adjectives,ổn định,,cefrj,
steady,adjective,adjectives,"đều đặn, vững vàng",,cefrj,
steep,adjective,adjectives,dốc,,cefrj,
sticky,adjective,adjectives,dính,,cefrj,
stricken,adjective,adjectives,bị (tai hoạ) giáng xuống,,cefrj,
stuck,adjective,adjectives,bị mắc kẹt,,cefrj,
stunning,adjective,adjectives,tuyệt đẹp,,cefrj,
substantial,adjective,adjectives,đáng kể,,cefrj,
superior,adjective,adjectives,vượt trội; cấp trên,,cefrj,
systematic,adjective,adjectives,có hệ thống,,cefrj,
thorough,adjective,adjectives,kỹ lưỡng,,cefrj,
threatening,adjective,adjectives,đe doạ,,cefrj,
thunderous,adjective,adjectives,như sấm,,cefrj,
tiny,adjective,adjectives,tí hon,,cefrj,
top,adjective,adjectives,"cao nhất, hàng đầu",,cefrj,
tragic,adjective,adjectives,bi thảm,,cefrj,
transitional,adjective,adjectives,chuyển tiếp,,cefrj,
tremendous,adjective,adjectives,"to lớn, khủng khiếp",,cefrj,
typical,adjective,adjectives,điển hình,,cefrj,
unable,adjective,adjectives,không thể,,cefrj,
unbelievable,adjective,adjectives,không thể tin được,,cefrj,
unclear,adjective,adjectives,không rõ ràng,,cefrj,
uncontrollable,adjective,adjectives,không kiểm soát được,,cefrj,
unexpected,adjective,adjectives,bất ngờ,,cefrj,
unheard,adjective,adjectives,chưa từng nghe,,cefrj,
unique,adjective,adjectives,độc nhất,,cefrj,
unlikely,adjective,adjectives,không chắc xảy ra,,cefrj,
unpredictable,adjective,adjectives,không thể đoán trước,,cefrj,
unrelated,adjective,adjectives,không liên quan,,cefrj,
unwanted,adjective,adjectives,không mong muốn,,cefrj,
up-to-date,adjective,adjectives,"cập nhật, hiện đại",,cefrj,
urgent,adjective,adjectives,khẩn cấp,,cefrj,
useless,adjective,adjectives,vô dụng,,cefrj,
vague,adjective,adjectives,mơ hồ,,cefrj,
various,adjective,adjectives,nhiều loại,,cefrj,
vast,adjective,adjectives,rộng lớn,,cefrj,
visible,adjective,adjectives,có thể nhìn thấy,,cefrj,
visual,adjective,adjectives,thuộc thị giác,,cefrj,
vivid,adjective,adjectives,sống động,,cefrj,
waste,adjective,adjectives,"bỏ đi, thải",,cefrj,
weird,adjective,adjectives,kỳ quặc,,cefrj,
widespread,adjective,adjectives,phổ biến rộng rãi,,cefrj,
wizard,adjective,adjectives,tuyệt vời (lóng),,cefrj,
worst,noun,adjectives,điều tồi tệ nhất,,cefrj,
worthwhile,adjective,adjectives,đáng làm,,cefrj,
worthy,adjective,adjectives,xứng đáng,,cefrj,
absolutely,adverb,adverbs,"hoàn toàn, tuyệt đối",,cefrj,
accidentally,adverb,adverbs,"tình cờ, vô tình",,cefrj,
accurately,adverb,adverbs,một cách chính xác,,cefrj,
alike,adverb,adverbs,như nhau,,cefrj,
aloud,adverb,adverbs,"thành tiếng, to",,cefrj,
altogether,adverb,adverbs,hoàn toàn; tổng cộng,,cefrj,
anxiously,adverb,adverbs,"lo lắng, bồn chồn",,cefrj,
anyhow,adverb,adverbs,dù sao đi nữa,,cefrj,
barely,adverb,adverbs,"vừa đủ, hầu như không",,cefrj,
beautifully,adverb,adverbs,một cách đẹp đẽ,,cefrj,
boldly,adverb,adverbs,một cách táo bạo,,cefrj,
bravely,adverb,adverbs,một cách dũng cảm,,cefrj,
briefly,adverb,adverbs,một cách ngắn gọn,,cefrj,
brightly,adverb,adverbs,"rực rỡ, sáng chói",,cefrj,
carelessly,adverb,adverbs,một cách bất cẩn,,cefrj,
closely,adverb,adverbs,"chặt chẽ, sát",,cefrj,
commonly,adverb,adverbs,thông thường,,cefrj,
completely,adverb,adverbs,hoàn toàn,,cefrj,
consequently,adverb,adverbs,do đó,,cefrj,
constantly,adverb,adverbs,liên tục,,cefrj,
continually,adverb,adverbs,liên tục,,cefrj,
continuously,adverb,adverbs,liên tục,,cefrj,
curiously,adverb,adverbs,một cách tò mò; lạ thay,,cefrj,
dangerously,adverb,adverbs,một cách nguy hiểm,,cefrj,
definitely,adverb,adverbs,chắc chắn,,cefrj,
directly,adverb,adverbs,trực tiếp,,cefrj,
distinctly,adverb,adverbs,rõ ràng,,cefrj,
emotionally,adverb,adverbs,về mặt cảm xúc,,cefrj,
entirely,adverb,adverbs,hoàn toàn,,cefrj,
equally,adverb,adverbs,như nhau,,cefrj,
evenly,adverb,adverbs,đều nhau,,cefrj,
eventually,adverb,adverbs,cuối cùng,,cefrj,
excitedly,adverb,adverbs,một cách hào hứng,,cefrj,
extensively,adverb,adverbs,rộng rãi,,cefrj,
feverishly,adverb,adverbs,cuống cuồng,,cefrj,
firmly,adverb,adverbs,"chắc chắn, vững vàng",,cefrj,
formally,adverb,adverbs,một cách trang trọng,,cefrj,
freely,adverb,adverbs,tự do,,cefrj,
frequently,adverb,adverbs,thường xuyên,,cefrj,
further,adverb,adverbs,xa hơn; hơn nữa,,cefrj,
generally,adverb,adverbs,nói chung,,cefrj,
genetically,adverb,adverbs,về mặt di truyền,,cefrj,
highly,adverb,adverbs,"rất, cao",,cefrj,
honestly,adverb,adverbs,thật lòng,,cefrj,
hopefully,adverb,adverbs,hy vọng là,,cefrj,
hurriedly,adverb,adverbs,vội vã,,cefrj,
illegally,adverb,adverbs,bất hợp pháp,,cefrj,
immediately,adverb,adverbs,ngay lập tức,,cefrj,
increasingly,adverb,adverbs,ngày càng,,cefrj,
incredibly,adverb,adverbs,cực kỳ,,cefrj,
indirectly,adverb,adverbs,gián tiếp,,cefrj,
initially,adverb,adverbs,ban đầu,,cefrj,
intentionally,adverb,adverbs,cố ý,,cefrj,
internationally,adverb,adverbs,trên phạm vi quốc tế,,cefrj,
involuntarily,adverb,adverbs,không tự chủ,,cefrj,
kindly,adverb,adverbs,"ân cần, vui lòng",,cefrj,
largely,adverb,adverbs,phần lớn,,cefrj,
least,adverb,adverbs,ít nhất,,cefrj,
legally,adverb,adverbs,về mặt pháp lý,,cefrj,
lightly,adverb,adverbs,nhẹ nhàng,,cefrj,
loud,adverb,adverbs,"to, lớn tiếng",,cefrj,
lovingly,adverb,adverbs,một cách trìu mến,,cefrj,
mentally,adverb,adverbs,về mặt tinh thần,,cefrj,
merely,adverb,adverbs,"chỉ, đơn thuần",,cefrj,
naturally,adverb,adverbs,một cách tự nhiên,,cefrj,
newly,adverb,adverbs,mới,,cefrj,
noisily,adverb,adverbs,ồn ào,,cefrj,
normally,adverb,adverbs,thông thường,,cefrj,
obviously,adverb,adverbs,rõ ràng,,cefrj,
occasionally,adverb,adverbs,thỉnh thoảng,,cefrj,
officially,adverb,adverbs,chính thức,,cefrj,
particularly,adverb,adverbs,đặc biệt,,cefrj,
permanently,adverb,adverbs,vĩnh viễn,,cefrj,
personally,adverb,adverbs,về phần cá nhân,,cefrj,
pleasantly,adverb,adverbs,dễ chịu,,cefrj,
politely,adverb,adverbs,lịch sự,,cefrj,
positively,adverb,adverbs,tích cực,,cefrj,
primarily,adverb,adverbs,chủ yếu,,cefrj,
properly,adverb,adverbs,đúng cách,,cefrj,
publicly,adverb,adverbs,công khai,,cefrj,
rapidly,adverb,adverbs,nhanh chóng,,cefrj,
rarely,adverb,adverbs,hiếm khi,,cefrj,
relatively,adverb,adverbs,tương đối,,cefrj,
repeatedly,adverb,adverbs,nhiều lần,,cefrj,
rudely,adverb,adverbs,một cách thô lỗ,,cefrj,
safely,adverb,adverbs,an toàn,,cefrj,
secretly,adverb,adverbs,một cách bí mật,,cefrj,
severely,adverb,adverbs,nghiêm trọng,,cefrj,
similarly,adverb,adverbs,tương tự,,cefrj,
simultaneously,adverb,adverbs,đồng thời,,cefrj,
slightly,adverb,adverbs,"hơi, một chút",,cefrj,
slow,adverb,adverbs,chậm,,cefrj,
socially,adverb,adverbs,về mặt xã hội,,cefrj,
somehow,adverb,adverbs,bằng cách nào đó,,cefrj,
sometimes,adverb,adverbs,thỉnh thoảng,,cefrj,
specially,adverb,adverbs,đặc biệt,,cefrj,
steadily,adverb,adverbs,đều đặn,,cefrj,
strangely,adverb,adverbs,kỳ lạ,,cefrj,
suddenly,adverb,adverbs,đột nhiên,,cefrj,
supposedly,adverb,adverbs,được cho là,,cefrj,
surely,adverb,adverbs,chắc chắn,,cefrj,
surprisingly,adverb,adverbs,đáng ngạc nhiên,,cefrj,
terribly,adverb,adverbs,"cực kỳ, khủng khiếp",,cefrj,
tightly,adverb,adverbs,chặt,,cefrj,
totally,adverb,adverbs,hoàn toàn,,cefrj,
traditionally,adverb,adverbs,theo truyền thống,,cefrj,
typically,adverb,adverbs,thường thì,,cefrj,
unexpectedly,adverb,adverbs,bất ngờ,,cefrj,
unfairly,adverb,adverbs,bất công,,cefrj,
unusually,adverb,adverbs,khác thường,,cefrj,
violently,adverb,adverbs,dữ dội,,cefrj,
visually,adverb,adverbs,về mặt thị giác,,cefrj,
vividly,adverb,adverbs,sống động,,cefrj,
warmly,adverb,adverbs,nồng nhiệt,,cefrj,
wildly,adverb,adverbs,"hoang dại, cuồng nhiệt",,cefrj,
according to,preposition,function-words,theo (như),,cefrj,
after,conjunction,function-words,sau khi,,cefrj,
anti,adjective,function-words,"chống, phản đối",,cefrj,
because of,preposition,function-words,"vì, bởi vì",,cefrj,
besides,preposition,function-words,ngoài … ra,,cefrj,
but,preposition,function-words,ngoại trừ,,cefrj,
despite,preposition,function-words,mặc dù,,cefrj,
either,determiner,function-words,một trong hai; cái nào cũng được (một trong hai),,cefrj,
few,pronoun,function-words,một vài; ít,,cefrj,
furthermore,adverb,function-words,hơn nữa,,cefrj,
including,preposition,function-words,bao gồm,,cefrj,
instead of,preposition,function-words,thay vì,,cefrj,
like,conjunction,function-words,"như, giống như",,cefrj,
minus,preposition,function-words,trừ,,cefrj,
moreover,adverb,function-words,hơn nữa,,cefrj,
nevertheless,adverb,function-words,tuy nhiên,,cefrj,
none,pronoun,function-words,"không ai, không cái nào",,cefrj,
nonetheless,adverb,function-words,tuy nhiên,,cefrj,
nor,conjunction,function-words,cũng không,,cefrj,
off,preposition,function-words,"ra khỏi, khỏi",,cefrj,
oneself,pronoun,function-words,bản thân mình,,cefrj,
onto,preposition,function-words,lên trên,,cefrj,
otherwise,adverb,function-words,nếu không thì,,cefrj,
owing,adjective,function-words,"do, vì (owing to)",,cefrj,
per,preposition,function-words,mỗi,,cefrj,
plus,conjunction,function-words,cộng; thêm vào đó,,cefrj,
provided,conjunction,function-words,"miễn là, với điều kiện",,cefrj,
regarding,preposition,function-words,"về, liên quan đến",,cefrj,
since,conjunction,function-words,từ khi; vì,,cefrj,
throughout,preposition,function-words,"suốt, khắp",,cefrj,
thus,adverb,function-words,vì vậy,,cefrj,
till,conjunction,function-words,cho đến khi,,cefrj,
unless,conjunction,function-words,trừ khi,,cefrj,
until,conjunction,function-words,cho đến khi,,cefrj,
via,preposition,function-words,"qua, thông qua",,cefrj,
whatever,pronoun,function-words,bất cứ điều gì,,cefrj,
whenever,adverb,function-words,bất cứ khi nào,,cefrj,
wherever,conjunction,function-words,bất cứ nơi đâu,,cefrj,
whether,conjunction,function-words,"liệu, có … hay không",,cefrj,
whichever,determiner,function-words,bất cứ cái nào,,cefrj,
whoever,pronoun,function-words,bất cứ ai,,cefrj,
yet,conjunction,function-words,"tuy nhiên, nhưng",,cefrj,
absence,noun,ideas,sự vắng mặt,,cefrj,
acceptance,noun,ideas,sự chấp nhận,,cefrj,
access,noun,ideas,"quyền truy cập, lối vào",,cefrj,
accuracy,noun,ideas,độ chính xác,,cefrj,
achievement,noun,ideas,thành tựu,,cefrj,
agreement,noun,ideas,sự đồng ý; thoả thuận,,cefrj,
aim,noun,ideas,"mục đích, mục tiêu",,cefrj,
alternative,noun,ideas,sự lựa chọn thay thế,,cefrj,
approach,noun,ideas,cách tiếp cận; sự đến gần,,cefrj,
approval,noun,ideas,"sự tán thành, phê duyệt",,cefrj,
arrangement,noun,ideas,sự sắp xếp,,cefrj,
arrow,noun,ideas,mũi tên,,cefrj,
aspect,noun,ideas,khía cạnh,,cefrj,
assistance,noun,ideas,sự hỗ trợ,,cefrj,
awareness,noun,ideas,sự nhận thức,,cefrj,
balance,noun,ideas,sự cân bằng; số dư,,cefrj,
bang,noun,ideas,tiếng nổ lớn,,cefrj,
basis,noun,ideas,"nền tảng, cơ sở",,cefrj,
behalf,noun,ideas,thay mặt (on behalf of),,cefrj,
belief,noun,ideas,niềm tin,,cefrj,
benefit,noun,ideas,lợi ích,,cefrj,
blame,noun,ideas,"lỗi, trách nhiệm (bị đổ lỗi)",,cefrj,
bond,noun,ideas,mối liên kết; trái phiếu,,cefrj,
brass,noun,ideas,đồng thau,,cefrj,
breakthrough,noun,ideas,bước đột phá,,cefrj,
bronze,noun,ideas,"đồng (kim loại), huy chương đồng",,cefrj,
bubble,noun,ideas,bong bóng,,cefrj,
burden,noun,ideas,gánh nặng,,cefrj,
capture,noun,ideas,sự bắt giữ,,cefrj,
carelessness,noun,ideas,sự bất cẩn,,cefrj,
categorize,verb,ideas,phân loại,,cefrj,
category,noun,ideas,"loại, hạng mục",,cefrj,
caution,noun,ideas,sự thận trọng,,cefrj,
certainty,noun,ideas,sự chắc chắn,,cefrj,
chaos,noun,ideas,sự hỗn loạn,,cefrj,
characteristic,noun,ideas,đặc điểm,,cefrj,
claim,noun,ideas,"lời tuyên bố, yêu sách",,cefrj,
classify,verb,ideas,phân loại,,cefrj,
collapse,noun,ideas,sự sụp đổ,,cefrj,
combination,noun,ideas,sự kết hợp,,cefrj,
common sense,noun,ideas,lẽ thường,,cefrj,
comparison,noun,ideas,sự so sánh,,cefrj,
compromise,noun,ideas,sự thoả hiệp,,cefrj,
concept,noun,ideas,khái niệm,,cefrj,
conclusion,noun,ideas,kết luận,,cefrj,
conduct,noun,ideas,"hạnh kiểm, cách cư xử",,cefrj,
confirmation,noun,ideas,sự xác nhận,,cefrj,
confusion,noun,ideas,"sự bối rối, nhầm lẫn",,cefrj,
connection,noun,ideas,sự kết nối,,cefrj,
consideration,noun,ideas,sự cân nhắc,,cefrj,
content,noun,ideas,nội dung,,cefrj,
contribution,noun,ideas,sự đóng góp,,cefrj,
curve,noun,ideas,đường cong,,cefrj,
cycle,noun,ideas,chu kỳ; xe đạp,,cefrj,
damage,noun,ideas,sự hư hại,,cefrj,
debris,noun,ideas,mảnh vụn,,cefrj,
decision,noun,ideas,quyết định,,cefrj,
deed,noun,ideas,"hành động, việc làm",,cefrj,
destruction,noun,ideas,sự phá huỷ,,cefrj,
development,noun,ideas,sự phát triển,,cefrj,
disagreement,noun,ideas,sự bất đồng,,cefrj,
distinction,noun,ideas,sự khác biệt; sự xuất sắc,,cefrj,
distribution,noun,ideas,sự phân phối,,cefrj,
disturbance,noun,ideas,sự quấy rầy,,cefrj,
divide,noun,ideas,"sự chia cắt, khoảng cách",,cefrj,
dot,noun,ideas,dấu chấm,,cefrj,
efficiency,noun,ideas,hiệu suất,,cefrj,
element,noun,ideas,yếu tố; nguyên tố,,cefrj,
emphasis,noun,ideas,sự nhấn mạnh,,cefrj,
encounter,noun,ideas,cuộc chạm trán,,cefrj,
entry,noun,ideas,lối vào; mục (trong danh sách),,cefrj,
essence,noun,ideas,bản chất,,cefrj,
establishment,noun,ideas,cơ sở; sự thành lập,,cefrj,
excellence,noun,ideas,sự xuất sắc,,cefrj,
existence,noun,ideas,sự tồn tại,,cefrj,
explosion,noun,ideas,vụ nổ,,cefrj,
extra,noun,ideas,phần thêm; diễn viên quần chúng,,cefrj,
failure,noun,ideas,sự thất bại,,cefrj,
flow,noun,ideas,dòng chảy,,cefrj,
fold,noun,ideas,nếp gấp,,cefrj,
foundation,noun,ideas,nền móng; quỹ,,cefrj,
fragment,noun,ideas,mảnh vỡ,,cefrj,
function,noun,ideas,chức năng,,cefrj,
gain,noun,ideas,lợi ích; sự tăng,,cefrj,
gap,noun,ideas,khoảng trống,,cefrj,
glint,noun,ideas,tia sáng loé,,cefrj,
glory,noun,ideas,vinh quang,,cefrj,
grouping,noun,ideas,sự phân nhóm,,cefrj,
growth,noun,ideas,"sự phát triển, tăng trưởng",,cefrj,
hardship,noun,ideas,sự gian khổ,,cefrj,
hazard,noun,ideas,mối nguy hiểm,,cefrj,
identity,noun,ideas,danh tính,,cefrj,
improvement,noun,ideas,sự cải thiện,,cefrj,
incident,noun,ideas,sự cố,,cefrj,
insight,noun,ideas,sự thấu hiểu,,cefrj,
inspection,noun,ideas,sự kiểm tra,,cefrj,
instance,noun,ideas,"trường hợp, ví dụ",,cefrj,
intention,noun,ideas,ý định,,cefrj,
interaction,noun,ideas,sự tương tác,,cefrj,
isolation,noun,ideas,sự cô lập,,cefrj,
ivory,noun,ideas,ngà voi,,cefrj,
jade,noun,ideas,ngọc bích,,cefrj,
judgment,noun,ideas,sự phán xét,,cefrj,
layer,noun,ideas,lớp,,cefrj,
lead,adjective,ideas,bằng chì,,cefrj,
likeness,noun,ideas,sự giống nhau,,cefrj,
limit,noun,ideas,giới hạn,,cefrj,
limitation,noun,ideas,sự hạn chế,,cefrj,
logic,noun,ideas,logic,,cefrj,
loss,noun,ideas,sự mất mát,,cefrj,
marble,noun,ideas,đá cẩm thạch; viên bi,,cefrj,
measure,noun,ideas,biện pháp; đơn vị đo,,cefrj,
miracle,noun,ideas,phép màu,,cefrj,
mission,noun,ideas,"nhiệm vụ, sứ mệnh",,cefrj,
monster,noun,ideas,quái vật,,cefrj,
moral,noun,ideas,bài học đạo đức,,cefrj,
motive,noun,ideas,động cơ (lý do),,cefrj,
movement,noun,ideas,sự chuyển động; phong trào,,cefrj,
notion,noun,ideas,"khái niệm, ý niệm",,cefrj,
object,noun,ideas,vật thể; mục tiêu,,cefrj,
objective,noun,ideas,mục tiêu,,cefrj,
observation,noun,ideas,sự quan sát,,cefrj,
obstacle,noun,ideas,chướng ngại vật,,cefrj,
opening,noun,ideas,sự mở cửa; lỗ hổng,,cefrj,
opposite,noun,ideas,điều ngược lại,,cefrj,
option,noun,ideas,lựa chọn,,cefrj,
origin,noun,ideas,nguồn gốc,,cefrj,
pace,noun,ideas,"tốc độ, nhịp độ",,cefrj,
paradise,noun,ideas,thiên đường,,cefrj,
pattern,noun,ideas,"mẫu, hoa văn",,cefrj,
phenomenon,noun,ideas,hiện tượng,,cefrj,
plastic,noun,ideas,nhựa,,cefrj,
pole,noun,ideas,cột; cực (Trái Đất),,cefrj,
possibility,noun,ideas,khả năng,,cefrj,
potential,noun,ideas,tiềm năng,,cefrj,
powder,noun,ideas,bột,,cefrj,
preparation,noun,ideas,sự chuẩn bị,,cefrj,
presence,noun,ideas,sự hiện diện,,cefrj,
principle,noun,ideas,nguyên tắc,,cefrj,
privacy,noun,ideas,sự riêng tư,,cefrj,
process,noun,ideas,quá trình,,cefrj,
progress,noun,ideas,sự tiến bộ,,cefrj,
proof,noun,ideas,bằng chứng,,cefrj,
proposal,noun,ideas,đề xuất; lời cầu hôn,,cefrj,
protection,noun,ideas,sự bảo vệ,,cefrj,
rank,noun,ideas,cấp bậc,,cefrj,
reach,noun,ideas,tầm với,,cefrj,
reality,noun,ideas,thực tế,,cefrj,
record,noun,ideas,hồ sơ; kỷ lục; đĩa hát,,cefrj,
reflection,noun,ideas,sự phản chiếu; suy ngẫm,,cefrj,
relation,noun,ideas,mối quan hệ,,cefrj,
reputation,noun,ideas,danh tiếng,,cefrj,
requirement,noun,ideas,"yêu cầu, điều kiện",,cefrj,
resource,noun,ideas,tài nguyên,,cefrj,
responsibility,noun,ideas,trách nhiệm,,cefrj,
reward,noun,ideas,phần thưởng,,cefrj,
risk,noun,ideas,rủi ro,,cefrj,
rubber,noun,ideas,cao su; cục tẩy,,cefrj,
safeguard,noun,ideas,biện pháp bảo vệ,,cefrj,
safety,noun,ideas,sự an toàn,,cefrj,
scope,noun,ideas,phạm vi,,cefrj,
scratch,noun,ideas,vết xước,,cefrj,
security,noun,ideas,an ninh,,cefrj,
selection,noun,ideas,sự lựa chọn,,cefrj,
sequence,noun,ideas,"chuỗi, trình tự",,cefrj,
setting,noun,ideas,bối cảnh; cài đặt,,cefrj,
significance,noun,ideas,tầm quan trọng,,cefrj,
similarity,noun,ideas,sự giống nhau,,cefrj,
slight,noun,ideas,sự coi thường,,cefrj,
slip,noun,ideas,sự trượt chân; mảnh giấy,,cefrj,
slot,noun,ideas,khe; khung giờ,,cefrj,
sort,noun,ideas,"loại, kiểu",,cefrj,
sparkle,noun,ideas,sự lấp lánh,,cefrj,
split,noun,ideas,sự chia rẽ,,cefrj,
standard,noun,ideas,tiêu chuẩn,,cefrj,
steel,noun,ideas,thép,,cefrj,
strip,noun,ideas,dải; mảnh,,cefrj,
struggle,noun,ideas,cuộc đấu tranh,,cefrj,
substitute,noun,ideas,vật thay thế,,cefrj,
survival,noun,ideas,sự sống sót,,cefrj,
technique,noun,ideas,kỹ thuật,,cefrj,
tendency,noun,ideas,xu hướng,,cefrj,
threat,noun,ideas,mối đe doạ,,cefrj,
tick,noun,ideas,dấu tích (✓); tiếng tích tắc,,cefrj,
trace,noun,ideas,dấu vết,,cefrj,
transformation,noun,ideas,sự biến đổi,,cefrj,
trend,noun,ideas,xu hướng,,cefrj,
trigger,noun,ideas,nguyên nhân kích hoạt; cò súng,,cefrj,
triumph,noun,ideas,chiến thắng,,cefrj,
twist,noun,ideas,chỗ xoắn; bước ngoặt,,cefrj,
uncertainty,noun,ideas,sự không chắc chắn,,cefrj,
variety,noun,ideas,sự đa dạng,,cefrj,
victory,noun,ideas,chiến thắng,,cefrj,
viewpoint,noun,ideas,quan điểm,,cefrj,
wax,noun,ideas,sáp,,cefrj,
weakness,noun,ideas,điểm yếu,,cefrj,
