text,pos,category,meaning_vi,meaning_en,source,note
bow,verb,greetings,cúi chào,,cefrj,
damn,interjection,greetings,chết tiệt!,,cefrj,
ow,noun,greetings,ối! (kêu đau),,cefrj,
welcome,noun,greetings,sự chào đón,,cefrj,
aboriginal,adjective,people,thuộc thổ dân,,cefrj,
absentee,noun,people,người vắng mặt,,cefrj,
countryman,noun,people,người đồng hương,,cefrj,
coward,noun,people,kẻ hèn nhát,,cefrj,
dwarf,noun,people,người lùn,,cefrj,
equal,noun,people,người ngang hàng,,cefrj,
fellow,adjective,people,"đồng (nghiệp, hương…)",,cefrj,
female,noun,people,nữ giới,,cefrj,
follower,noun,people,người theo dõi,,cefrj,
genius,noun,people,thiên tài,,cefrj,
grown-up,adjective,people,trưởng thành; người lớn,,cefrj,
habitant,noun,people,cư dân,,cefrj,
helper,noun,people,người giúp đỡ,,cefrj,
holder,noun,people,người giữ,,cefrj,
iceman,noun,people,người bán đá,,cefrj,
idiot,noun,people,đồ ngốc,,cefrj,
immigrant,noun,people,người nhập cư,,cefrj,
individual,noun,people,cá nhân,,cefrj,
intellectual,noun,people,người trí thức,,cefrj,
islander,noun,people,người dân trên đảo,,cefrj,
layabout,noun,people,kẻ lười biếng,,cefrj,
listener,noun,people,người nghe,,cefrj,
madam,noun,people,thưa bà,,cefrj,
madame,noun,people,bà (tiếng Pháp),,cefrj,
mate,noun,people,bạn,,cefrj,
mature,adjective,people,trưởng thành,,cefrj,
millionaire,noun,people,triệu phú,,cefrj,
mimic,noun,people,người bắt chước,,cefrj,
nomad,noun,people,người du mục,,cefrj,
observer,noun,people,người quan sát,,cefrj,
optimist,noun,people,người lạc quan,,cefrj,
outsider,noun,people,người ngoài cuộc,,cefrj,
peer,noun,people,bạn đồng trang lứa,,cefrj,
pessimist,noun,people,người bi quan,,cefrj,
playmate,noun,people,bạn chơi,,cefrj,
proponent,noun,people,người ủng hộ,,cefrj,
resident,noun,people,cư dân,,cefrj,
sage,noun,people,nhà hiền triết; cây xô thơm,,cefrj,
scrooge,noun,people,người keo kiệt,,cefrj,
sexual,adjective,people,thuộc tình dục,,cefrj,
thinker,noun,people,nhà tư tưởng,,cefrj,
tramp,noun,people,kẻ lang thang,,cefrj,
unattractive,adjective,people,không hấp dẫn,,cefrj,
viewer,noun,people,người xem,,cefrj,
villager,noun,people,dân làng,,cefrj,
walker,noun,people,người đi bộ,,cefrj,
well-built,adjective,people,vạm vỡ,,cefrj,
youthful,adjective,people,trẻ trung,,cefrj,
adopted,adjective,family,được nhận nuôi,,cefrj,
adoption,noun,family,sự nhận con nuôi,,cefrj,
breakup,noun,family,sự chia tay,,cefrj,
brother-in-law,noun,family,"anh rể, em rể",,cefrj,
conceive,verb,family,thụ thai; hình thành (ý tưởng),,cefrj,
darling,noun,family,người yêu dấu,,cefrj,
daughter-in-law,noun,family,con dâu,,cefrj,
dear,noun,family,người thân yêu,,cefrj,
divorce,noun,family,sự ly hôn,,cefrj,
dowry,noun,family,của hồi môn,,cefrj,
embrace,noun,family,cái ôm,,cefrj,
engagement,noun,family,sự đính hôn; sự tham gia,,cefrj,
father-in-law,noun,family,"bố chồng, bố vợ",,cefrj,
filial,adjective,family,thuộc con cái (hiếu thảo),,cefrj,
housewife,noun,family,bà nội trợ,,cefrj,
hug,noun,family,cái ôm,,cefrj,
infant,noun,family,trẻ sơ sinh,,cefrj,
inherit,verb,family,thừa kế,,cefrj,
intimate,adjective,family,thân mật,,cefrj,
mama,noun,family,mẹ (gọi thân mật),,cefrj,
mother-in-law,noun,family,"mẹ chồng, mẹ vợ",,cefrj,
pa,noun,family,bố (gọi thân mật),,cefrj,
sister-in-law,noun,family,"chị dâu, em dâu",,cefrj,
son-in-law,noun,family,con rể,,cefrj,
stepfather,noun,family,bố dượng,,cefrj,
stepmother,noun,family,mẹ kế,,cefrj,
upbringing,noun,family,sự nuôi dạy,,cefrj,
valentine,noun,family,thiệp/người yêu ngày Valentine,,cefrj,
wed,verb,family,kết hôn,,cefrj,
widow,noun,family,quả phụ,,cefrj,
ache,verb,body-health,đau nhức,,cefrj,
acute,adjective,body-health,cấp tính; sắc bén,,cefrj,
addict,noun,body-health,người nghiện,,cefrj,
addicted,adjective,body-health,bị nghiện,,cefrj,
addiction,noun,body-health,sự nghiện,,cefrj,
alcoholic,noun,body-health,người nghiện rượu,,cefrj,
alcoholism,noun,body-health,chứng nghiện rượu,,cefrj,
antibacterial,adjective,body-health,kháng khuẩn,,cefrj,
anticancer,noun,body-health,chống ung thư,,cefrj,
artery,noun,body-health,động mạch,,cefrj,
blindness,noun,body-health,sự mù loà,,cefrj,
blink,verb,body-health,chớp mắt,,cefrj,
bloodstream,noun,body-health,dòng máu,,cefrj,
bloody,adjective,body-health,đẫm máu,,cefrj,
bony,adjective,body-health,xương xẩu,,cefrj,
bruise,noun,body-health,vết bầm tím,,cefrj,
bulimia,noun,body-health,chứng cuồng ăn,,cefrj,
bum,noun,body-health,mông (lóng),,cefrj,
chemotherapy,noun,body-health,hoá trị,,cefrj,
coma,noun,body-health,hôn mê,,cefrj,
complexion,noun,body-health,nước da,,cefrj,
compress,noun,body-health,miếng gạc,,cefrj,
consciousness,noun,body-health,ý thức,,cefrj,
corporal,adjective,body-health,thuộc thân thể,,cefrj,
cough,noun,body-health,cơn ho,,cefrj,
cripple,noun,body-health,người tàn tật,,cefrj,
cure,verb,body-health,chữa khỏi,,cefrj,
dental,adjective,body-health,thuộc nha khoa,,cefrj,
diarrhea,noun,body-health,tiêu chảy,,cefrj,
diphtheria,noun,body-health,bệnh bạch hầu,,cefrj,
discharge,noun,body-health,sự xuất viện; sự thải ra,,cefrj,
disorder,noun,body-health,sự rối loạn,,cefrj,
dose,noun,body-health,liều thuốc,,cefrj,
endurance,noun,body-health,sức chịu đựng,,cefrj,
exhausting,adjective,body-health,gây kiệt sức,,cefrj,
exhaustion,noun,body-health,sự kiệt sức,,cefrj,
eyebrow,noun,body-health,lông mày,,cefrj,
eyelash,noun,body-health,lông mi,,cefrj,
eyelid,noun,body-health,mí mắt,,cefrj,
faint,verb,body-health,ngất xỉu,,cefrj,
fatal,adjective,body-health,gây tử vong,,cefrj,
fingernail,noun,body-health,móng tay,,cefrj,
fit,noun,body-health,"cơn (ho, giận); sự vừa vặn",,cefrj,
flesh,noun,body-health,thịt (cơ thể),,cefrj,
gasp,noun,body-health,tiếng thở hổn hển,,cefrj,
germ,noun,body-health,vi trùng,,cefrj,
gum,noun,body-health,lợi; kẹo cao su,,cefrj,
hairy,adjective,body-health,nhiều lông,,cefrj,
handicap,noun,body-health,sự khuyết tật; điểm chấp,,cefrj,
health care,noun,body-health,chăm sóc sức khoẻ,,cefrj,
hospice,noun,body-health,nhà tế bần,,cefrj,
hospitalize,verb,body-health,nhập viện,,cefrj,
hygiene,noun,body-health,vệ sinh,,cefrj,
incurable,adjective,body-health,không thể chữa,,cefrj,
infect,verb,body-health,lây nhiễm,,cefrj,
infected,adjective,body-health,bị nhiễm trùng,,cefrj,
infectious,adjective,body-health,truyền nhiễm,,cefrj,
inflammation,noun,body-health,chứng viêm,,cefrj,
inflammatory,adjective,body-health,gây viêm; kích động,,cefrj,
influenza,noun,body-health,bệnh cúm,,cefrj,
injection,noun,body-health,mũi tiêm,,cefrj,
injured,adjective,body-health,bị thương,,cefrj,
intravenous,adjective,body-health,tiêm tĩnh mạch,,cefrj,
itch,verb,body-health,ngứa,,cefrj,
jaw,noun,body-health,hàm,,cefrj,
joint,noun,body-health,khớp (xương),,cefrj,
kneel,verb,body-health,quỳ gối,,cefrj,
limb,noun,body-health,chân tay,,cefrj,
malady,noun,body-health,bệnh tật,,cefrj,
malaria,noun,body-health,bệnh sốt rét,,cefrj,
massage,noun,body-health,xoa bóp,,cefrj,
medication,noun,body-health,thuốc men,,cefrj,
mustache,noun,body-health,ria mép,,cefrj,
nerve,noun,body-health,dây thần kinh; sự can đảm,,cefrj,
neurosis,noun,body-health,chứng loạn thần kinh,,cefrj,
nostril,noun,body-health,lỗ mũi,,cefrj,
ointment,noun,body-health,thuốc mỡ,,cefrj,
outbreak,noun,body-health,sự bùng phát,,cefrj,
outpatient,noun,body-health,bệnh nhân ngoại trú,,cefrj,
pandemic,adjective,body-health,đại dịch,,cefrj,
paralysis,noun,body-health,sự tê liệt,,cefrj,
paramedic,adjective,body-health,nhân viên cấp cứu,,cefrj,
pee,verb,body-health,đi tiểu,,cefrj,
penicillin,noun,body-health,thuốc penicillin,,cefrj,
perspiration,noun,body-health,mồ hôi,,cefrj,
plague,noun,body-health,bệnh dịch,,cefrj,
pneumonia,noun,body-health,viêm phổi,,cefrj,
polio,noun,body-health,bệnh bại liệt,,cefrj,
prescribe,verb,body-health,kê đơn,,cefrj,
prevention,noun,body-health,sự phòng ngừa,,cefrj,
preventive,adjective,body-health,phòng ngừa,,cefrj,
prick,noun,body-health,vết châm,,cefrj,
pulse,noun,body-health,mạch đập,,cefrj,
quarantine,noun,body-health,sự cách ly,,cefrj,
respiration,noun,body-health,sự hô hấp,,cefrj,
respiratory,adjective,body-health,thuộc hô hấp,,cefrj,
retina,noun,body-health,võng mạc,,cefrj,
rib,noun,body-health,xương sườn,,cefrj,
sanitary,adjective,body-health,thuộc vệ sinh,,cefrj,
sanitation,noun,body-health,hệ thống vệ sinh,,cefrj,
scar,noun,body-health,vết sẹo,,cefrj,
shrink,noun,body-health,bác sĩ tâm lý (lóng),,cefrj,
sneeze,verb,body-health,hắt hơi,,cefrj,
sniff,verb,body-health,"khịt mũi, ngửi",,cefrj,
spa,noun,body-health,spa,,cefrj,
stimulant,noun,body-health,chất kích thích,,cefrj,
stink,verb,body-health,bốc mùi,,cefrj,
stroke,noun,body-health,đột quỵ; nét bút; cú đánh,,cefrj,
supplement,noun,body-health,chất bổ sung; phụ lục,,cefrj,
tactile,adjective,body-health,thuộc xúc giác,,cefrj,
tan,noun,body-health,làn da rám nắng,,cefrj,
tanned,adjective,body-health,rám nắng,,cefrj,
therapist,noun,body-health,nhà trị liệu,,cefrj,
therapy,noun,body-health,liệu pháp,,cefrj,
thermometer,noun,body-health,nhiệt kế,,cefrj,
thigh,noun,body-health,đùi,,cefrj,
throat,noun,body-health,cổ họng,,cefrj,
tiredness,noun,body-health,sự mệt mỏi,,cefrj,
toenail,noun,body-health,móng chân,,cefrj,
transfusion,noun,body-health,sự truyền máu,,cefrj,
tuberculosis,noun,body-health,bệnh lao,,cefrj,
tumor,noun,body-health,khối u,,cefrj,
typhoid,noun,body-health,bệnh thương hàn,,cefrj,
unconscious,adjective,body-health,bất tỉnh,,cefrj,
vaccine,noun,body-health,vắc-xin,,cefrj,
vomit,noun,body-health,chất nôn,,cefrj,
waist,noun,body-health,eo,,cefrj,
wound,verb,body-health,làm bị thương,,cefrj,
X-ray,noun,body-health,tia X,,cefrj,
yawn,noun,body-health,cái ngáp,,cefrj,
admirable,adjective,feelings,đáng ngưỡng mộ,,cefrj,
adore,verb,feelings,yêu tha thiết,,cefrj,
adventurous,adjective,feelings,thích phiêu lưu,,cefrj,
affectionate,adjective,feelings,trìu mến,,cefrj,
agonize,verb,feelings,"đau khổ, dằn vặt",,cefrj,
agony,noun,feelings,sự đau đớn tột cùng,,cefrj,
amaze,verb,feelings,làm kinh ngạc,,cefrj,
amazement,noun,feelings,sự kinh ngạc,,cefrj,
amuse,verb,feelings,làm vui,,cefrj,
anguish,noun,feelings,nỗi thống khổ,,cefrj,
anticipation,noun,feelings,sự mong đợi,,cefrj,
appreciative,adjective,feelings,"biết ơn, đánh giá cao",,cefrj,
arouse,verb,feelings,khơi dậy,,cefrj,
arrogant,adjective,feelings,kiêu ngạo,,cefrj,
aspiration,noun,feelings,khát vọng,,cefrj,
aspire,verb,feelings,khao khát,,cefrj,
astonish,verb,feelings,làm kinh ngạc,,cefrj,
astonished,adjective,feelings,kinh ngạc,,cefrj,
astonishing,adjective,feelings,đáng kinh ngạc,,cefrj,
astonishment,noun,feelings,sự kinh ngạc,,cefrj,
attentive,adjective,feelings,"chu đáo, chăm chú",,cefrj,
attractiveness,noun,feelings,sự hấp dẫn,,cefrj,
awe,noun,feelings,sự kính sợ,,cefrj,
bad-tempered,adjective,feelings,dễ nổi cáu,,cefrj,
balky,adjective,feelings,"bướng, khó bảo",,cefrj,
benevolence,noun,feelings,lòng nhân từ,,cefrj,
benevolent,adjective,feelings,nhân từ,,cefrj,
betray,verb,feelings,phản bội,,cefrj,
bewilder,verb,feelings,làm bối rối,,cefrj,
bewilderment,noun,feelings,sự bối rối,,cefrj,
blush,verb,feelings,đỏ mặt,,cefrj,
bookish,adjective,feelings,mọt sách,,cefrj,
bossy,adjective,feelings,hống hách,,cefrj,
bothered,adjective,feelings,bận tâm,,cefrj,
bothersome,adjective,feelings,phiền phức,,cefrj,
brag,noun,feelings,sự khoe khoang,,cefrj,
bravery,noun,feelings,sự dũng cảm,,cefrj,
carefree,adjective,feelings,vô tư lự,,cefrj,
caring,adjective,feelings,"chu đáo, quan tâm",,cefrj,
charming,adjective,feelings,quyến rũ,,cefrj,
cheeky,adjective,feelings,"hỗn láo, láu lỉnh",,cefrj,
cheerfulness,noun,feelings,sự vui vẻ,,cefrj,
cherished,adjective,feelings,được trân trọng,,cefrj,
childish,adjective,feelings,"trẻ con, ấu trĩ",,cefrj,
clumsy,adjective,feelings,vụng về,,cefrj,
compassion,noun,feelings,lòng trắc ẩn,,cefrj,
compassionate,adjective,feelings,giàu lòng trắc ẩn,,cefrj,
conceit,noun,feelings,sự tự phụ,,cefrj,
concern,verb,feelings,liên quan; làm lo lắng,,cefrj,
conscience,noun,feelings,lương tâm,,cefrj,
consolation,noun,feelings,sự an ủi,,cefrj,
console,verb,feelings,an ủi,,cefrj,
contempt,noun,feelings,sự khinh miệt,,cefrj,
content,adjective,feelings,hài lòng,,cefrj,
convinced,adjective,feelings,tin chắc,,cefrj,
courtesy,noun,feelings,sự lịch sự,,cefrj,
cowardly,adjective,feelings,hèn nhát,,cefrj,
coziness,noun,feelings,sự ấm cúng,,cefrj,
creepy,adjective,feelings,rùng rợn,,cefrj,
cruelty,noun,feelings,sự tàn nhẫn,,cefrj,
daft,adjective,feelings,ngớ ngẩn,,cefrj,
damn,adjective,feelings,chết tiệt,,cefrj,
darling,adjective,feelings,đáng yêu,,cefrj,
deceive,verb,feelings,lừa dối,,cefrj,
dedication,noun,feelings,sự tận tụy,,cefrj,
delight,verb,feelings,làm vui thích,,cefrj,
desire,verb,feelings,khao khát,,cefrj,
desolation,noun,feelings,"sự hoang vắng, cô quạnh",,cefrj,
desperation,noun,feelings,sự tuyệt vọng,,cefrj,
despise,verb,feelings,khinh bỉ,,cefrj,
detachment,noun,feelings,sự tách rời; sự thờ ơ,,cefrj,
determined,adjective,feelings,quyết tâm,,cefrj,
devoted,adjective,feelings,tận tâm,,cefrj,
dignity,noun,feelings,phẩm giá,,cefrj,
disapproval,noun,feelings,sự không tán thành,,cefrj,
disapprove,verb,feelings,không tán thành,,cefrj,
disgrace,noun,feelings,sự ô nhục,,cefrj,
dishonesty,noun,feelings,sự không trung thực,,cefrj,
disillusion,verb,feelings,làm vỡ mộng,,cefrj,
displeasure,noun,feelings,sự không hài lòng,,cefrj,
disposition,noun,feelings,tính cách,,cefrj,
disregard,noun,feelings,sự coi thường,,cefrj,
dissatisfaction,noun,feelings,sự không hài lòng,,cefrj,
dissatisfied,adjective,feelings,không hài lòng,,cefrj,
distressing,adjective,feelings,gây đau khổ,,cefrj,
doubt,verb,feelings,nghi ngờ,,cefrj,
doubtful,adjective,feelings,"đáng ngờ, nghi ngờ",,cefrj,
down,adjective,feelings,buồn; (máy) ngừng hoạt động,,cefrj,
dread,verb,feelings,kinh sợ,,cefrj,
dreamy,adjective,feelings,mơ màng,,cefrj,
dumb,adjective,feelings,câm; ngu ngốc,,cefrj,
ease,noun,feelings,"sự dễ dàng, thoải mái",,cefrj,
ecstatic,adjective,feelings,"ngây ngất, vui sướng tột độ",,cefrj,
envy,verb,feelings,ghen tị,,cefrj,
expectation,noun,feelings,sự kỳ vọng,,cefrj,
exultant,adjective,feelings,hân hoan,,cefrj,
fabulous,adjective,feelings,tuyệt vời,,cefrj,
fascinated,adjective,feelings,bị cuốn hút,,cefrj,
fascination,noun,feelings,sự say mê,,cefrj,
fear,verb,feelings,sợ,,cefrj,
fed up,adjective,feelings,chán ngấy,,cefrj,
firmness,noun,feelings,sự cương quyết,,cefrj,
folly,noun,feelings,sự điên rồ,,cefrj,
freak,verb,feelings,hoảng loạn,,cefrj,
friendly,adjective,feelings,thân thiện,,cefrj,
furious,adjective,feelings,giận dữ,,cefrj,
gaiety,noun,feelings,sự vui vẻ,,cefrj,
generosity,noun,feelings,sự hào phóng,,cefrj,
glee,noun,feelings,niềm hân hoan,,cefrj,
gloomy,adjective,feelings,ảm đạm,,cefrj,
goodwill,noun,feelings,thiện chí,,cefrj,
gook,noun,feelings,chất nhớp nháp,,cefrj,
gracefulness,noun,feelings,sự duyên dáng,,cefrj,
grief,noun,feelings,nỗi đau buồn,,cefrj,
grieve,verb,feelings,đau buồn,,cefrj,
grin,noun,feelings,nụ cười toe toét,,cefrj,
guts,noun,feelings,lòng can đảm,,cefrj,
haunt,verb,feelings,ám ảnh,,cefrj,
haunting,adjective,feelings,ám ảnh,,cefrj,
heartbreaking,adjective,feelings,đau lòng,,cefrj,
heartwarming,adjective,feelings,ấm lòng,,cefrj,
hesitation,noun,feelings,sự do dự,,cefrj,
hilarious,adjective,feelings,vui nhộn,,cefrj,
hospitable,adjective,feelings,hiếu khách,,cefrj,
hospitality,noun,feelings,lòng hiếu khách,,cefrj,
humane,adjective,feelings,nhân đạo,,cefrj,
humble,adjective,feelings,khiêm tốn,,cefrj,
humbug,noun,feelings,sự giả dối,,cefrj,
humiliate,verb,feelings,làm nhục,,cefrj,
humiliating,adjective,feelings,nhục nhã,,cefrj,
humiliation,noun,feelings,sự sỉ nhục,,cefrj,
idolize,verb,feelings,thần tượng hoá,,cefrj,
ignorant,adjective,feelings,thiếu hiểu biết,,cefrj,
impolite,adjective,feelings,bất lịch sự,,cefrj,
impressed,adjective,feelings,ấn tượng,,cefrj,
impulse,noun,feelings,sự bốc đồng,,cefrj,
impulsive,adjective,feelings,bốc đồng,,cefrj,
indifferent,adjective,feelings,thờ ơ,,cefrj,
indignity,noun,feelings,sự sỉ nhục,,cefrj,
indulge,verb,feelings,nuông chiều; thoả mãn,,cefrj,
indulgent,adjective,feelings,nuông chiều,,cefrj,
inspirational,adjective,feelings,truyền cảm hứng,,cefrj,
intent,adjective,feelings,"chăm chú, quyết tâm",,cefrj,
irresponsible,adjective,feelings,vô trách nhiệm,,cefrj,
irritated,adjective,feelings,bực mình,,cefrj,
irritating,adjective,feelings,gây khó chịu,,cefrj,
irritation,noun,feelings,sự khó chịu,,cefrj,
keen,adjective,feelings,"say mê, hăng hái",,cefrj,
loneliness,noun,feelings,sự cô đơn,,cefrj,
lousy,adjective,feelings,tệ hại,,cefrj,
madness,noun,feelings,sự điên rồ,,cefrj,
mercy,noun,feelings,lòng thương xót,,cefrj,
mistrustful,adjective,feelings,không tin tưởng,,cefrj,
modest,adjective,feelings,khiêm tốn,,cefrj,
moody,adjective,feelings,tâm trạng thất thường,,cefrj,
mortify,verb,feelings,làm xấu hổ,,cefrj,
motivated,adjective,feelings,có động lực,,cefrj,
mournful,adjective,feelings,buồn rầu,,cefrj,
moving,adjective,feelings,cảm động; di chuyển,,cefrj,
mystify,verb,feelings,làm bối rối,,cefrj,
narcissistic,adjective,feelings,ái kỷ,,cefrj,
naughty,adjective,feelings,nghịch ngợm,,cefrj,
nerves,noun,feelings,sự căng thẳng,,cefrj,
nightmare,noun,feelings,cơn ác mộng,,cefrj,
nuisance,noun,feelings,sự phiền toái,,cefrj,
obedience,noun,feelings,sự vâng lời,,cefrj,
obedient,adjective,feelings,ngoan ngoãn,,cefrj,
obsess,verb,feelings,ám ảnh,,cefrj,
obsession,noun,feelings,nỗi ám ảnh,,cefrj,
obsessive,adjective,feelings,"ám ảnh, cuồng",,cefrj,
offend,verb,feelings,xúc phạm,,cefrj,
optimism,noun,feelings,sự lạc quan,,cefrj,
optimistic,adjective,feelings,lạc quan,,cefrj,
outrage,noun,feelings,sự phẫn nộ,,cefrj,
outrageous,adjective,feelings,"thái quá, gây phẫn nộ",,cefrj,
panic,verb,feelings,hoảng loạn,,cefrj,
passionate,adjective,feelings,đam mê,,cefrj,
pedantic,adjective,feelings,"thích bắt bẻ, máy móc",,cefrj,
perseverance,noun,feelings,sự kiên trì,,cefrj,
persistence,noun,feelings,sự kiên trì,,cefrj,
pessimistic,adjective,feelings,bi quan,,cefrj,
petrified,adjective,feelings,sợ chết khiếp; hoá đá,,cefrj,
picky,adjective,feelings,kén chọn,,cefrj,
politeness,noun,feelings,sự lịch sự,,cefrj,
possessed,adjective,feelings,bị ám,,cefrj,
preoccupy,verb,feelings,làm bận tâm,,cefrj,
puzzled,adjective,feelings,bối rối,,cefrj,
quarrel,noun,feelings,cuộc cãi vã; cãi nhau,,cefrj,
quarrelsome,adjective,feelings,hay gây gổ,,cefrj,
rebellious,adjective,feelings,nổi loạn,,cefrj,
regret,noun,feelings,sự hối tiếc,,cefrj,
relaxation,noun,feelings,sự thư giãn,,cefrj,
relief,noun,feelings,sự nhẹ nhõm; sự cứu trợ,,cefrj,
relieved,adjective,feelings,nhẹ nhõm,,cefrj,
reluctant,adjective,feelings,miễn cưỡng,,cefrj,
revenge,noun,feelings,sự trả thù,,cefrj,
reverence,noun,feelings,sự tôn kính,,cefrj,
self-confidence,noun,feelings,sự tự tin,,cefrj,
self-confident,adjective,feelings,tự tin,,cefrj,
selfless,adjective,feelings,vị tha,,cefrj,
sensible,adjective,feelings,"hợp lý, khôn ngoan",,cefrj,
sensitive,adjective,feelings,nhạy cảm,,cefrj,
serene,adjective,feelings,thanh thản,,cefrj,
shaken,adjective,feelings,bị chấn động,,cefrj,
shock,verb,feelings,gây sốc,,cefrj,
sigh,verb,feelings,thở dài,,cefrj,
sincere,adjective,feelings,chân thành,,cefrj,
sincerity,noun,feelings,sự chân thành,,cefrj,
sneer,noun,feelings,cái cười khẩy,,cefrj,
sob,verb,feelings,khóc nức nở,,cefrj,
sociable,adjective,feelings,hoà đồng,,cefrj,
spellbound,adjective,feelings,bị mê hoặc,,cefrj,
spite,noun,feelings,sự hằn học (in spite of: mặc dù),,cefrj,
startle,verb,feelings,làm giật mình,,cefrj,
stern,adjective,feelings,nghiêm khắc,,cefrj,
stingy,adjective,feelings,keo kiệt,,cefrj,
suffering,noun,feelings,sự đau khổ,,cefrj,
superb,adjective,feelings,tuyệt vời,,cefrj,
suspicious,adjective,feelings,đáng ngờ; nghi ngờ,,cefrj,
sympathetic,adjective,feelings,thông cảm,,cefrj,
sympathize,verb,feelings,thông cảm,,cefrj,
tease,verb,feelings,trêu chọc,,cefrj,
temptation,noun,feelings,sự cám dỗ,,cefrj,
tender,adjective,feelings,dịu dàng; mềm,,cefrj,
tenderness,noun,feelings,sự dịu dàng,,cefrj,
terrifying,adjective,feelings,đáng sợ,,cefrj,
thoughtful,adjective,feelings,chu đáo,,cefrj,
thoughtless,adjective,feelings,thiếu suy nghĩ,,cefrj,
thrill,noun,feelings,sự hồi hộp,,cefrj,
thrilled,adjective,feelings,"vui mừng, phấn khích",,cefrj,
thrilling,adjective,feelings,gây hồi hộp,,cefrj,
tiresome,adjective,feelings,chán ngắt,,cefrj,
tolerant,adjective,feelings,khoan dung,,cefrj,
tolerate,verb,feelings,chịu đựng,,cefrj,
trust,noun,feelings,sự tin tưởng,,cefrj,
truthful,adjective,feelings,trung thực,,cefrj,
truthfulness,noun,feelings,tính trung thực,,cefrj,
unconcerned,adjective,feelings,không quan tâm,,cefrj,
understanding,adjective,feelings,thấu hiểu,,cefrj,
unease,noun,feelings,sự lo lắng,,cefrj,
unenthusiastic,adjective,feelings,không nhiệt tình,,cefrj,
unhappiness,noun,feelings,sự bất hạnh,,cefrj,
unkind,adjective,feelings,không tử tế,,cefrj,
unselfish,adjective,feelings,không ích kỷ,,cefrj,
unsure,adjective,feelings,không chắc chắn,,cefrj,
untalented,adjective,feelings,không có tài,,cefrj,
unwilling,adjective,feelings,không sẵn lòng,,cefrj,
unworldly,adjective,feelings,không thạo đời,,cefrj,
upset,verb,feelings,làm buồn lòng,,cefrj,
vanity,noun,feelings,sự phù phiếm,,cefrj,
vigor,noun,feelings,sức sống,,cefrj,
wearisome,adjective,feelings,"mệt mỏi, chán",,cefrj,
weary,adjective,feelings,mệt mỏi,,cefrj,
willing,adjective,feelings,sẵn lòng,,cefrj,
wit,noun,feelings,sự hóm hỉnh,,cefrj,
witty,adjective,feelings,dí dỏm,,cefrj,
worldly,adjective,feelings,từng trải,,cefrj,
worrying,adjective,feelings,đáng lo ngại,,cefrj,
yearn,verb,feelings,khao khát,,cefrj,
aubergine,noun,food,cà tím,,cefrj,
barley,noun,food,lúa mạch,,cefrj,
berry,noun,food,quả mọng,,cefrj,
blend,noun,food,hỗn hợp,,cefrj,
boiling,adjective,food,sôi,,cefrj,
bottle,verb,food,đóng chai,,cefrj,
bourbon,noun,food,rượu bourbon,,cefrj,
bun,noun,food,"bánh bao, bánh mì tròn nhỏ",,cefrj,
butcher,verb,food,mổ (thịt),,cefrj,
catering,noun,food,dịch vụ ăn uống,,cefrj,
cherry,noun,food,quả anh đào,,cefrj,
chew,verb,food,nhai,,cefrj,
chop,verb,food,"chặt, thái",,cefrj,
clam,noun,food,"con nghêu, sò",,cefrj,
cocktail,noun,food,cốc-tai,,cefrj,
cocoa,noun,food,ca cao,,cefrj,
coconut,noun,food,quả dừa,,cefrj,
delicacy,noun,food,món đặc sản; sự tinh tế,,cefrj,
drinkable,adjective,food,uống được,,cefrj,
fat,noun,food,chất béo,,cefrj,
grain,noun,food,ngũ cốc; hạt,,cefrj,
gulp,noun,food,ngụm lớn,,cefrj,
herb,noun,food,thảo mộc,,cefrj,
junk food,noun,food,đồ ăn vặt không lành mạnh,,cefrj,
leek,noun,food,tỏi tây,,cefrj,
mango,noun,food,quả xoài,,cefrj,
mint,noun,food,bạc hà,,cefrj,
mix,noun,food,hỗn hợp,,cefrj,
mixture,noun,food,hỗn hợp,,cefrj,
mutton,noun,food,thịt cừu,,cefrj,
nourish,verb,food,nuôi dưỡng,,cefrj,
nourishment,noun,food,sự nuôi dưỡng,,cefrj,
nut,noun,food,quả hạch; đai ốc,,cefrj,
olive,noun,food,quả ô liu,,cefrj,
pancake,noun,food,bánh kếp,,cefrj,
papaya,noun,food,đu đủ,,cefrj,
peach,noun,food,quả đào,,cefrj,
peel,noun,food,vỏ (trái cây); gọt vỏ,,cefrj,
pickle,noun,food,dưa chua,,cefrj,
plum,noun,food,quả mận,,cefrj,
prawn,noun,food,tôm he,,cefrj,
pudding,noun,food,bánh pudding,,cefrj,
pumpkin,noun,food,quả bí ngô,,cefrj,
recipe,noun,food,công thức nấu ăn,,cefrj,
roast,adjective,food,nướng,,cefrj,
salty,adjective,food,mặn,,cefrj,
slice,verb,food,cắt lát,,cefrj,
soybean,noun,food,đậu nành,,cefrj,
sparerib,noun,food,sườn non,,cefrj,
sparkling,adjective,food,có ga; lấp lánh,,cefrj,
specialty,noun,food,đặc sản; chuyên môn,,cefrj,
starve,verb,food,chết đói,,cefrj,
starving,adjective,food,đói lả,,cefrj,
stew,noun,food,món hầm,,cefrj,
teaspoon,noun,food,thìa cà phê,,cefrj,
thirst,noun,food,cơn khát,,cefrj,
vinegar,noun,food,giấm,,cefrj,
vitamin,noun,food,vitamin,,cefrj,
walnut,noun,food,quả óc chó,,cefrj,
wheat,noun,food,lúa mì,,cefrj,
whip,verb,food,đánh (kem); quất roi,,cefrj,
whiskey,noun,food,rượu whisky,,cefrj,
yummy,adjective,food,ngon tuyệt,,cefrj,
adorn,verb,clothing,"trang trí, tô điểm",,cefrj,
badge,noun,clothing,"huy hiệu, phù hiệu",,cefrj,
bikini,noun,clothing,bộ bikini,,cefrj,
cardigan,noun,clothing,áo khoác len,,cefrj,
clothing,noun,clothing,quần áo,,cefrj,
comb,verb,clothing,chải (tóc),,cefrj,
costume,noun,clothing,trang phục,,cefrj,
crease,noun,clothing,nếp nhăn (vải),,cefrj,
cuff,noun,clothing,cổ tay áo,,cefrj,
curl,noun,clothing,lọn tóc xoăn,,cefrj,
denim,noun,clothing,vải bò,,cefrj,
designer,adjective,clothing,hàng hiệu,,cefrj,
disguise,noun,clothing,sự cải trang,,cefrj,
dye,noun,clothing,thuốc nhuộm,,cefrj,
elegance,noun,clothing,sự thanh lịch,,cefrj,
elegant,adjective,clothing,thanh lịch,,cefrj,
fabric,noun,clothing,vải,,cefrj,
fiber,noun,clothing,sợi,,cefrj,
fragrance,noun,clothing,hương thơm,,cefrj,
gaudy,adjective,clothing,loè loẹt,,cefrj,
glamorous,adjective,clothing,"quyến rũ, hào nhoáng",,cefrj,
hood,noun,clothing,mũ trùm,,cefrj,
knot,noun,clothing,nút thắt,,cefrj,
linen,noun,clothing,vải lanh,,cefrj,
mask,noun,clothing,"mặt nạ, khẩu trang",,cefrj,
outfit,noun,clothing,bộ trang phục,,cefrj,
overcoat,noun,clothing,áo khoác ngoài,,cefrj,
pajamas,noun,clothing,bộ đồ ngủ,,cefrj,
patch,noun,clothing,miếng vá; mảng,,cefrj,
pearl,noun,clothing,ngọc trai,,cefrj,
powder,verb,clothing,"rắc bột, đánh phấn",,cefrj,
salon,noun,clothing,tiệm làm đẹp; phòng khách lớn,,cefrj,
sexy,adjective,clothing,gợi cảm,,cefrj,
shabby,adjective,clothing,tồi tàn,,cefrj,
stitch,noun,clothing,mũi khâu,,cefrj,
tatter,noun,clothing,mảnh vải rách,,cefrj,
tattoo,noun,clothing,hình xăm,,cefrj,
thread,noun,clothing,sợi chỉ; luồng thảo luận,,cefrj,
underwear,noun,clothing,đồ lót,,cefrj,
undressed,adjective,clothing,không mặc quần áo,,cefrj,
unfashionable,adjective,clothing,không hợp thời trang,,cefrj,
waistcoat,noun,clothing,áo gi-lê,,cefrj,
waterproof,adjective,clothing,không thấm nước,,cefrj,
weave,noun,clothing,cách dệt,,cefrj,
wornout,adjective,clothing,"mòn, sờn; kiệt sức",,cefrj,
zip,noun,clothing,khoá kéo,,cefrj,
ax,noun,daily-life,cái rìu,,cefrj,
backyard,noun,daily-life,sân sau,,cefrj,
bathhouse,noun,daily-life,nhà tắm công cộng,,cefrj,
belongings,noun,daily-life,đồ đạc cá nhân,,cefrj,
blade,noun,daily-life,lưỡi dao,,cefrj,
bolt,noun,daily-life,cái chốt; tia chớp,,cefrj,
cabinet,noun,daily-life,tủ; nội các,,cefrj,
ceiling,noun,daily-life,trần nhà,,cefrj,
cellar,noun,daily-life,"hầm rượu, tầng hầm",,cefrj,
chimney,noun,daily-life,ống khói,,cefrj,
concrete,noun,daily-life,bê tông,,cefrj,
corridor,noun,daily-life,hành lang,,cefrj,
cottage,noun,daily-life,"nhà tranh, nhà nhỏ ở quê",,cefrj,
cozy,adjective,daily-life,ấm cúng,,cefrj,
decorate,verb,daily-life,trang trí,,cefrj,
decoration,noun,daily-life,đồ trang trí,,cefrj,
decorative,adjective,daily-life,để trang trí,,cefrj,
disposal,noun,daily-life,sự vứt bỏ,,cefrj,
domestic,adjective,daily-life,thuộc gia đình; trong nước,,cefrj,
doorway,noun,daily-life,"ô cửa, lối vào",,cefrj,
drain,noun,daily-life,ống thoát nước,,cefrj,
drapery,noun,daily-life,rèm vải,,cefrj,
facilities,noun,daily-life,cơ sở vật chất,,cefrj,
fireplace,noun,daily-life,lò sưởi,,cefrj,
gear,noun,daily-life,thiết bị; số (xe),,cefrj,
handrail,noun,daily-life,tay vịn cầu thang,,cefrj,
hone,noun,daily-life,đá mài,,cefrj,
hook,noun,daily-life,cái móc,,cefrj,
implement,noun,daily-life,dụng cụ,,cefrj,
interior,noun,daily-life,nội thất,,cefrj,
landlady,noun,daily-life,bà chủ nhà,,cefrj,
laundry,noun,daily-life,đồ giặt; tiệm giặt,,cefrj,
lawn,noun,daily-life,bãi cỏ,,cefrj,
lease,noun,daily-life,hợp đồng thuê,,cefrj,
lid,noun,daily-life,cái nắp,,cefrj,
lighting,noun,daily-life,"ánh sáng, hệ thống chiếu sáng",,cefrj,
litter,noun,daily-life,rác vứt bừa bãi,,cefrj,
living,noun,daily-life,"sinh kế, cuộc sống",,cefrj,
mansion,noun,daily-life,dinh thự,,cefrj,
microwave,noun,daily-life,lò vi sóng,,cefrj,
mortar,noun,daily-life,vữa,,cefrj,
ornament,noun,daily-life,đồ trang trí,,cefrj,
pad,noun,daily-life,miếng đệm; tập giấy,,cefrj,
pallet,noun,daily-life,tấm pallet,,cefrj,
peg,noun,daily-life,"cái móc, cái kẹp",,cefrj,
pillowcase,noun,daily-life,vỏ gối,,cefrj,
pin,noun,daily-life,đinh ghim,,cefrj,
plug,verb,daily-life,cắm (điện),,cefrj,
polish,noun,daily-life,xi đánh bóng,,cefrj,
porch,noun,daily-life,hiên nhà,,cefrj,
rack,noun,daily-life,giá đỡ,,cefrj,
rafter,noun,daily-life,xà nhà,,cefrj,
rag,noun,daily-life,giẻ rách,,cefrj,
repaint,noun,daily-life,lớp sơn lại,,cefrj,
residence,noun,daily-life,nơi cư trú,,cefrj,
roommate,noun,daily-life,bạn cùng phòng,,cefrj,
rug,noun,daily-life,tấm thảm nhỏ,,cefrj,
screw,verb,daily-life,vặn vít,,cefrj,
shed,noun,daily-life,nhà kho nhỏ,,cefrj,
shower,verb,daily-life,tắm vòi sen,,cefrj,
silverware,noun,daily-life,bộ đồ ăn bằng bạc,,cefrj,
snore,noun,daily-life,tiếng ngáy,,cefrj,
soak,noun,daily-life,sự ngâm,,cefrj,
spray,noun,daily-life,"bình xịt; xịt, phun",,cefrj,
stain,noun,daily-life,vết bẩn; làm bẩn,,cefrj,
stick,noun,daily-life,"cái que, gậy",,cefrj,
stonework,noun,daily-life,công trình bằng đá,,cefrj,
stool,noun,daily-life,ghế đẩu,,cefrj,
store,verb,daily-life,lưu trữ,,cefrj,
sweep,verb,daily-life,quét,,cefrj,
tablecloth,noun,daily-life,khăn trải bàn,,cefrj,
terrace,noun,daily-life,sân thượng; dãy nhà,,cefrj,
torch,noun,daily-life,đèn pin; ngọn đuốc,,cefrj,
tray,noun,daily-life,cái khay,,cefrj,
tub,noun,daily-life,"bồn tắm, chậu",,cefrj,
unlock,verb,daily-life,mở khoá,,cefrj,
utility,noun,daily-life,"tiện ích (điện, nước)",,cefrj,
villa,noun,daily-life,biệt thự,,cefrj,
wallboard,noun,daily-life,tấm ốp tường,,cefrj,
wipe,verb,daily-life,lau chùi,,cefrj,
workbench,noun,daily-life,bàn làm việc (thợ),,cefrj,
worktable,noun,daily-life,bàn làm việc,,cefrj,
arch,noun,places,mái vòm,,cefrj,
arena,noun,places,"đấu trường, sân vận động",,cefrj,
birthplace,noun,places,nơi sinh,,cefrj,
cathedral,noun,places,nhà thờ lớn,,cefrj,
citywide,adjective,places,toàn thành phố,,cefrj,
countrywide,adjective,places,toàn quốc,,cefrj,
gateway,noun,places,cổng vào,,cefrj,
ghetto,noun,places,khu ổ chuột,,cefrj,
inhabit,verb,places,cư trú,,cefrj,
lobby,noun,places,sảnh; nhóm vận động hành lang,,cefrj,
mausoleum,noun,places,lăng mộ,,cefrj,
monastery,noun,places,tu viện,,cefrj,
nationwide,adjective,places,toàn quốc; trên toàn quốc,,cefrj,
outskirts,noun,places,vùng ngoại ô,,cefrj,
province,noun,places,tỉnh,,cefrj,
refuge,noun,places,nơi trú ẩn,,cefrj,
statewide,adverb,places,trên toàn bang,,cefrj,
suburb,noun,places,ngoại ô,,cefrj,
urban,adjective,places,thuộc đô thị,,cefrj,
venue,noun,places,địa điểm tổ chức,,cefrj,
accommodation,noun,transportation,chỗ ở,,cefrj,
aircraft,noun,transportation,máy bay,,cefrj,
aircrew,noun,transportation,phi hành đoàn,,cefrj,
anchor,noun,transportation,mỏ neo; người dẫn chương trình,,cefrj,
anchorage,noun,transportation,chỗ neo đậu,,cefrj,
bend,noun,transportation,khúc cua,,cefrj,
brake,verb,transportation,phanh,,cefrj,
brochure,noun,transportation,"sách giới thiệu, tờ rơi",,cefrj,
bumper,noun,transportation,cái cản (xe),,cefrj,
caravan,noun,transportation,xe nhà di động,,cefrj,
carpool,noun,transportation,đi chung xe,,cefrj,
checkpoint,noun,transportation,trạm kiểm soát,,cefrj,
commute,verb,transportation,đi lại (đi làm hằng ngày),,cefrj,
cruise,verb,transportation,đi du thuyền,,cefrj,
deck,noun,transportation,boong tàu,,cefrj,
diversion,noun,transportation,đường vòng; sự giải trí,,cefrj,
dock,noun,transportation,bến tàu,,cefrj,
excursion,noun,transportation,chuyến tham quan,,cefrj,
exhaust,noun,transportation,khí thải; ống xả,,cefrj,
expedition,noun,transportation,cuộc thám hiểm,,cefrj,
explorer,noun,transportation,nhà thám hiểm,,cefrj,
ferryboat,noun,transportation,phà,,cefrj,
fleet,noun,transportation,đội tàu,,cefrj,
frigate,noun,transportation,tàu khu trục nhỏ,,cefrj,
getaway,noun,transportation,chuyến đi ngắn; cuộc tẩu thoát,,cefrj,
helicopter,noun,transportation,trực thăng,,cefrj,
intersection,noun,transportation,giao lộ,,cefrj,
jam,verb,transportation,"kẹt, tắc",,cefrj,
landing,noun,transportation,sự hạ cánh; chiếu nghỉ cầu thang,,cefrj,
liner,noun,transportation,tàu chở khách,,cefrj,
long-distance,adjective,transportation,đường dài,,cefrj,
motorbike,noun,transportation,xe máy,,cefrj,
motorist,noun,transportation,người lái xe,,cefrj,
navigate,verb,transportation,định hướng,,cefrj,
navigation,noun,transportation,sự định hướng,,cefrj,
overboard,adverb,transportation,rơi xuống biển,,cefrj,
overbook,verb,transportation,bán quá số chỗ,,cefrj,
overtake,verb,transportation,vượt (xe),,cefrj,
pave,verb,transportation,lát (đường),,cefrj,
pavement,noun,transportation,vỉa hè,,cefrj,
pedal,noun,transportation,bàn đạp,,cefrj,
pedestrian,noun,transportation,người đi bộ,,cefrj,
ramp,noun,transportation,dốc thoải,,cefrj,
rider,noun,transportation,"người cưỡi, người lái",,cefrj,
route,noun,transportation,tuyến đường,,cefrj,
rush hour,noun,transportation,giờ cao điểm,,cefrj,
sail,verb,transportation,đi thuyền buồm,,cefrj,
scooter,noun,transportation,xe tay ga,,cefrj,
shipping,noun,transportation,vận chuyển hàng hoá,,cefrj,
shipwreck,noun,transportation,vụ đắm tàu,,cefrj,
speeder,noun,transportation,người lái xe quá tốc độ,,cefrj,
steer,verb,transportation,lái,,cefrj,
steering wheel,noun,transportation,vô lăng,,cefrj,
stopover,noun,transportation,điểm dừng chân,,cefrj,
toll,noun,transportation,phí cầu đường,,cefrj,
transport,verb,transportation,vận chuyển,,cefrj,
traverse,noun,transportation,đường đi ngang qua,,cefrj,
trek,noun,transportation,chuyến đi bộ đường dài,,cefrj,
tunnel,noun,transportation,đường hầm,,cefrj,
unload,verb,transportation,dỡ hàng,,cefrj,
winding,adjective,transportation,quanh co,,cefrj,
windshield,noun,transportation,kính chắn gió (Anh-Mỹ),,cefrj,
wreck,noun,transportation,"xác tàu, xe",,cefrj,
yacht,noun,transportation,du thuyền,,cefrj,
acquisition,noun,shopping,"sự mua lại, sự tiếp thu",,cefrj,
affordable,adjective,shopping,giá phải chăng,,cefrj,
antique,adjective,shopping,cổ (đồ cổ),,cefrj,
bankrupt,verb,shopping,làm phá sản,,cefrj,
bankruptcy,noun,shopping,sự phá sản,,cefrj,
barbershop,noun,shopping,tiệm cắt tóc nam,,cefrj,
bargain,verb,shopping,mặc cả,,cefrj,
bid,verb,shopping,"trả giá, đấu thầu",,cefrj,
bidding,noun,shopping,cuộc đấu thầu,,cefrj,
booth,noun,shopping,"gian hàng, buồng",,cefrj,
budget,adjective,shopping,"giá rẻ, tiết kiệm",,cefrj,
catalog,noun,shopping,"danh mục, ca-ta-lô",,cefrj,
commerce,noun,shopping,thương mại,,cefrj,
compensate,verb,shopping,bồi thường,,cefrj,
compensation,noun,shopping,tiền bồi thường,,cefrj,
costly,adjective,shopping,tốn kém,,cefrj,
counter,noun,shopping,quầy,,cefrj,
debit,noun,shopping,khoản ghi nợ,,cefrj,
debit card,noun,shopping,thẻ ghi nợ,,cefrj,
deficit,noun,shopping,thâm hụt,,cefrj,
deposit,verb,shopping,gửi tiền; đặt cọc,,cefrj,
dime,noun,shopping,đồng 10 xu (Mỹ),,cefrj,
distributor,noun,shopping,nhà phân phối,,cefrj,
earnings,noun,shopping,thu nhập,,cefrj,
economical,adjective,shopping,tiết kiệm,,cefrj,
estate,noun,shopping,bất động sản; điền trang,,cefrj,
finance,noun,shopping,tài chính,,cefrj,
fine,verb,shopping,phạt tiền,,cefrj,
fiscal,adjective,shopping,thuộc tài khoá,,cefrj,
frugal,adjective,shopping,tiết kiệm,,cefrj,
giveaway,noun,shopping,quà tặng miễn phí,,cefrj,
guarantee,verb,shopping,bảo đảm,,cefrj,
indebted,adjective,shopping,"mắc nợ, mang ơn",,cefrj,
inflation,noun,shopping,lạm phát,,cefrj,
investment,noun,shopping,sự đầu tư,,cefrj,
investor,noun,shopping,nhà đầu tư,,cefrj,
label,noun,shopping,nhãn,,cefrj,
loan,noun,shopping,khoản vay,,cefrj,
lucrative,adjective,shopping,sinh lợi,,cefrj,
luxurious,adjective,shopping,xa hoa,,cefrj,
luxury,adjective,shopping,cao cấp,,cefrj,
make,noun,shopping,nhãn hiệu (của sản phẩm),,cefrj,
merchandise,noun,shopping,hàng hoá,,cefrj,
mortgage,noun,shopping,thế chấp,,cefrj,
outlet,noun,shopping,cửa hàng; ổ cắm,,cefrj,
packet,noun,shopping,gói,,cefrj,
patron,noun,shopping,người bảo trợ; khách quen,,cefrj,
pawnbroker,noun,shopping,người cầm đồ,,cefrj,
pawnshop,noun,shopping,tiệm cầm đồ,,cefrj,
payment,noun,shopping,sự thanh toán,,cefrj,
pension,noun,shopping,lương hưu,,cefrj,
price,verb,shopping,định giá,,cefrj,
priceless,adjective,shopping,vô giá,,cefrj,
profit,noun,shopping,lợi nhuận,,cefrj,
profitable,adjective,shopping,có lãi,,cefrj,
prosper,verb,shopping,thịnh vượng,,cefrj,
purchase,noun,shopping,sự mua,,cefrj,
queue,verb,shopping,xếp hàng,,cefrj,
real estate,noun,shopping,bất động sản,,cefrj,
recession,noun,shopping,suy thoái kinh tế,,cefrj,
rental,noun,shopping,việc cho thuê,,cefrj,
retailer,noun,shopping,nhà bán lẻ,,cefrj,
revenue,noun,shopping,doanh thu,,cefrj,
saving,noun,shopping,tiền tiết kiệm,,cefrj,
seller,noun,shopping,người bán,,cefrj,
stake,noun,shopping,cổ phần; cọc,,cefrj,
stock,noun,shopping,hàng tồn kho; cổ phiếu,,cefrj,
stock market,noun,shopping,thị trường chứng khoán,,cefrj,
supplier,noun,shopping,nhà cung cấp,,cefrj,
supply,verb,shopping,cung cấp,,cefrj,
tag,noun,shopping,"nhãn, thẻ",,cefrj,
tip,verb,shopping,boa tiền; nghiêng,,cefrj,
trade,verb,shopping,"buôn bán, trao đổi",,cefrj,
trader,noun,shopping,thương nhân,,cefrj,
trolley,noun,shopping,xe đẩy,,cefrj,
wealthy,adjective,shopping,giàu có,,cefrj,
withdraw,verb,shopping,rút (tiền); rút lui,,cefrj,
withdrawal,noun,shopping,sự rút tiền; sự rút lui,,cefrj,
archaeologist,noun,school,nhà khảo cổ học,,cefrj,
assessment,noun,school,sự đánh giá,,cefrj,
attendance,noun,school,"sự có mặt, số người tham dự",,cefrj,
axis,noun,school,trục,,cefrj,
botany,noun,school,thực vật học,,cefrj,
certificate,noun,school,chứng chỉ,,cefrj,
certification,noun,school,sự cấp chứng nhận,,cefrj,
cheat,verb,school,gian lận,,cefrj,
comprehension,noun,school,"sự thấu hiểu, đọc hiểu",,cefrj,
compulsory,adjective,school,bắt buộc,,cefrj,
correct,verb,school,sửa,,cefrj,
cube,noun,school,khối lập phương,,cefrj,
diploma,noun,school,văn bằng,,cefrj,
discipline,noun,school,kỷ luật,,cefrj,
dorm,noun,school,ký túc xá (viết tắt),,cefrj,
dormitory,noun,school,ký túc xá,,cefrj,
dropout,noun,school,người bỏ học,,cefrj,
educated,adjective,school,có học thức,,cefrj,
educator,noun,school,nhà giáo dục,,cefrj,
elective,adjective,school,tự chọn (môn học),,cefrj,
enroll,verb,school,ghi danh,,cefrj,
equation,noun,school,phương trình,,cefrj,
evaluation,noun,school,sự đánh giá,,cefrj,
examinee,noun,school,thí sinh,,cefrj,
faculty,noun,school,khoa; năng lực,,cefrj,
geographic,adjective,school,thuộc địa lý,,cefrj,
grade,verb,school,chấm điểm; phân loại,,cefrj,
handout,noun,school,tài liệu phát tay,,cefrj,
housemaster,noun,school,giáo viên quản lý ký túc xá,,cefrj,
instruct,verb,school,hướng dẫn,,cefrj,
intellectual,adjective,school,thuộc trí tuệ,,cefrj,
learning,noun,school,việc học,,cefrj,
lecturer,noun,school,giảng viên,,cefrj,
major,noun,school,chuyên ngành chính,,cefrj,
manual,noun,school,sách hướng dẫn,,cefrj,
mathematical,adjective,school,thuộc toán học,,cefrj,
nursery,noun,school,nhà trẻ; vườn ươm,,cefrj,
pentagon,noun,school,hình ngũ giác,,cefrj,
philosophical,adjective,school,thuộc triết học,,cefrj,
pi,noun,school,số pi,,cefrj,
prefect,noun,school,lớp trưởng; quận trưởng,,cefrj,
principal,noun,school,hiệu trưởng,,cefrj,
prom,noun,school,vũ hội trường,,cefrj,
psychology,noun,school,tâm lý học,,cefrj,
qualification,noun,school,bằng cấp,,cefrj,
rectangular,adjective,school,hình chữ nhật,,cefrj,
research,verb,school,nghiên cứu,,cefrj,
scholasticism,noun,school,triết học kinh viện,,cefrj,
schoolgirl,noun,school,nữ sinh,,cefrj,
seminar,noun,school,hội thảo,,cefrj,
statistics,noun,school,thống kê,,cefrj,
submit,verb,school,nộp,,cefrj,
subtract,verb,school,trừ (phép tính),,cefrj,
test,verb,school,kiểm tra,,cefrj,
theorist,noun,school,nhà lý luận,,cefrj,
thesis,noun,school,luận án,,cefrj,
triangle,noun,school,hình tam giác,,cefrj,
tuition,noun,school,học phí; sự dạy kèm,,cefrj,
tutor,noun,school,gia sư,,cefrj,
undergraduate,noun,school,sinh viên đại học,,cefrj,
analyst,noun,work,nhà phân tích,,cefrj,
applicant,noun,work,người nộp đơn,,cefrj,
audit,noun,work,kiểm toán,,cefrj,
banker,noun,work,"nhân viên ngân hàng, chủ ngân hàng",,cefrj,
bartender,noun,work,người pha chế,,cefrj,
brewery,noun,work,nhà máy bia,,cefrj,
chief,noun,work,người đứng đầu,,cefrj,
clerical,adjective,work,thuộc văn thư,,cefrj,
client,noun,work,khách hàng,,cefrj,
colleague,noun,work,đồng nghiệp,,cefrj,
commission,noun,work,hoa hồng; uỷ ban,,cefrj,
competence,noun,work,năng lực,,cefrj,
competent,adjective,work,có năng lực,,cefrj,
conference,noun,work,hội nghị,,cefrj,
consultant,noun,work,chuyên gia tư vấn,,cefrj,
contract,noun,work,hợp đồng,,cefrj,
corporate,adjective,work,thuộc công ty,,cefrj,
corporation,noun,work,tập đoàn,,cefrj,
craftsman,noun,work,thợ thủ công,,cefrj,
crew,noun,work,"phi hành đoàn, đội",,cefrj,
delegate,noun,work,đại biểu,,cefrj,
deputy,noun,work,"phó, cấp phó",,cefrj,
dismiss,verb,work,sa thải; gạt bỏ,,cefrj,
doorkeeper,noun,work,người gác cửa,,cefrj,
downsize,verb,work,cắt giảm quy mô,,cefrj,
economist,noun,work,nhà kinh tế học,,cefrj,
electrician,noun,work,thợ điện,,cefrj,
employ,verb,work,"thuê, tuyển dụng",,cefrj,
employee,noun,work,nhân viên,,cefrj,
employer,noun,work,người sử dụng lao động,,cefrj,
enterprise,noun,work,doanh nghiệp,,cefrj,
entrepreneur,noun,work,doanh nhân,,cefrj,
executive,adjective,work,thuộc điều hành; giám đốc điều hành,,cefrj,
expert,adjective,work,thành thạo,,cefrj,
export,noun,work,hàng xuất khẩu,,cefrj,
file,verb,work,sắp xếp hồ sơ; nộp (đơn),,cefrj,
fire,verb,work,sa thải; bắn,,cefrj,
fire brigade,noun,work,đội cứu hoả,,cefrj,
foreman,noun,work,quản đốc,,cefrj,
gardener,noun,work,người làm vườn,,cefrj,
headquarters,noun,work,trụ sở chính,,cefrj,
housekeeper,noun,work,quản gia,,cefrj,
import,verb,work,nhập khẩu,,cefrj,
incentive,noun,work,sự khuyến khích,,cefrj,
industrialize,verb,work,công nghiệp hoá,,cefrj,
inexperienced,adjective,work,thiếu kinh nghiệm,,cefrj,
inspector,noun,work,thanh tra,,cefrj,
interpreter,noun,work,phiên dịch viên,,cefrj,
inventor,noun,work,nhà phát minh,,cefrj,
jeweler,noun,work,thợ kim hoàn,,cefrj,
keeper,noun,work,người giữ; thủ môn,,cefrj,
laborer,noun,work,người lao động chân tay,,cefrj,
manufacture,noun,work,sự sản xuất,,cefrj,
manufacturer,noun,work,nhà sản xuất,,cefrj,
manufacturing,noun,work,ngành sản xuất,,cefrj,
marketing,noun,work,tiếp thị,,cefrj,
masseur,noun,work,người mát-xa (nam),,cefrj,
master,noun,work,chủ; thạc sĩ; bậc thầy,,cefrj,
mechanize,verb,work,cơ giới hoá,,cefrj,
mentor,noun,work,người cố vấn,,cefrj,
merger,noun,work,sự sáp nhập,,cefrj,
mill,noun,work,"cối xay, nhà máy xay",,cefrj,
mogul,noun,work,ông trùm,,cefrj,
mover,noun,work,người vận chuyển đồ,,cefrj,
nonprofessional,adjective,work,không chuyên,,cefrj,
operator,noun,work,người vận hành; tổng đài viên,,cefrj,
organizer,noun,work,người tổ chức,,cefrj,
output,noun,work,sản lượng,,cefrj,
overtime,adverb,work,làm thêm giờ; giờ làm thêm,,cefrj,
paperwork,noun,work,"giấy tờ, thủ tục",,cefrj,
partnership,noun,work,quan hệ đối tác,,cefrj,
personnel,noun,work,nhân sự,,cefrj,
pharmacist,noun,work,dược sĩ,,cefrj,
physician,noun,work,bác sĩ,,cefrj,
planning,noun,work,việc lập kế hoạch,,cefrj,
plumber,noun,work,thợ sửa ống nước,,cefrj,
postpone,verb,work,hoãn lại,,cefrj,
professional,noun,work,người chuyên nghiệp,,cefrj,
project,noun,work,dự án,,cefrj,
ranger,noun,work,kiểm lâm,,cefrj,
recruit,verb,work,tuyển dụng,,cefrj,
redundant,adjective,work,dư thừa; bị thôi việc,,cefrj,
refinery,noun,work,nhà máy lọc,,cefrj,
resign,verb,work,từ chức,,cefrj,
resignation,noun,work,sự từ chức,,cefrj,
retirement,noun,work,sự nghỉ hưu,,cefrj,
sack,verb,work,sa thải,,cefrj,
salary,noun,work,lương,,cefrj,
salesmanship,noun,work,nghệ thuật bán hàng,,cefrj,
salesperson,noun,work,nhân viên bán hàng,,cefrj,
saleswoman,noun,work,nhân viên bán hàng (nữ),,cefrj,
schedule,verb,work,lên lịch,,cefrj,
scheduled,adjective,work,theo lịch trình,,cefrj,
sector,noun,work,lĩnh vực,,cefrj,
servant,noun,work,người hầu,,cefrj,
shift,noun,work,ca làm việc; sự thay đổi,,cefrj,
shopkeeper,noun,work,chủ cửa hàng,,cefrj,
skilled,adjective,work,lành nghề,,cefrj,
skillful,adjective,work,khéo léo,,cefrj,
smokestack,noun,work,ống khói nhà máy,,cefrj,
spokesman,noun,work,người phát ngôn (nam),,cefrj,
spokeswoman,noun,work,người phát ngôn (nữ),,cefrj,
sponsor,verb,work,tài trợ,,cefrj,
stylist,noun,work,nhà tạo mẫu,,cefrj,
superintendent,noun,work,"giám đốc, người quản lý",,cefrj,
supervise,verb,work,giám sát,,cefrj,
supervision,noun,work,sự giám sát,,cefrj,
supervisor,noun,work,người giám sát,,cefrj,
toil,verb,work,làm việc vất vả,,cefrj,
trainee,noun,work,thực tập sinh,,cefrj,
translator,noun,work,người dịch,,cefrj,
venture,noun,work,dự án mạo hiểm,,cefrj,
wage,noun,work,tiền công,,cefrj,
well-paid,adjective,work,được trả lương cao,,cefrj,
workaholic,adjective,work,nghiện công việc,,cefrj,
workman,noun,work,người thợ,,cefrj,
artistry,noun,hobbies,tài nghệ,,cefrj,
athletics,noun,hobbies,điền kinh,,cefrj,
audition,noun,hobbies,buổi thử vai,,cefrj,
ballad,noun,hobbies,bản tình ca,,cefrj,
ballet,noun,hobbies,múa ba lê,,cefrj,
beat,noun,hobbies,nhịp; nhịp điệu,,cefrj,
bestseller,noun,hobbies,sách bán chạy,,cefrj,
bio,noun,hobbies,tiểu sử (viết tắt),,cefrj,
boxer,noun,hobbies,võ sĩ quyền anh,,cefrj,
carve,verb,hobbies,"khắc, chạm",,cefrj,
cast,noun,hobbies,dàn diễn viên,,cefrj,
catchy,adjective,hobbies,dễ nhớ (giai điệu),,cefrj,
cellist,noun,hobbies,người chơi cello,,cefrj,
cello,noun,hobbies,đàn cello,,cefrj,
clap,verb,hobbies,vỗ tay,,cefrj,
classic,noun,hobbies,tác phẩm kinh điển,,cefrj,
coach,verb,hobbies,huấn luyện,,cefrj,
coaching,noun,hobbies,sự huấn luyện,,cefrj,
collector,noun,hobbies,nhà sưu tầm,,cefrj,
conductor,noun,hobbies,nhạc trưởng; người soát vé,,cefrj,
cornet,noun,hobbies,kèn cornet,,cefrj,
cubism,noun,hobbies,trường phái lập thể,,cefrj,
cyclist,noun,hobbies,người đi xe đạp,,cefrj,
disqualify,verb,hobbies,loại khỏi cuộc thi,,cefrj,
entertaining,adjective,hobbies,"thú vị, giải trí",,cefrj,
essayist,noun,hobbies,nhà viết tiểu luận,,cefrj,
exhibit,verb,hobbies,trưng bày,,cefrj,
fictional,adjective,hobbies,hư cấu,,cefrj,
funk,noun,hobbies,nhạc funk,,cefrj,
funky,adjective,hobbies,"sôi động, sành điệu",,cefrj,
gambling,noun,hobbies,cờ bạc,,cefrj,
genre,noun,hobbies,thể loại,,cefrj,
gymnastic,adjective,hobbies,thuộc thể dục dụng cụ,,cefrj,
handicraft,noun,hobbies,đồ thủ công,,cefrj,
hunting,noun,hobbies,sự săn bắn,,cefrj,
illustration,noun,hobbies,tranh minh hoạ,,cefrj,
imagery,noun,hobbies,hình ảnh (trong văn),,cefrj,
impressionism,noun,hobbies,trường phái ấn tượng,,cefrj,
impressionist,noun,hobbies,hoạ sĩ trường phái ấn tượng,,cefrj,
jog,noun,hobbies,chạy bộ (cuộc),,cefrj,
judo,noun,hobbies,võ judo,,cefrj,
jump,noun,hobbies,cú nhảy,,cefrj,
karaoke,noun,hobbies,karaoke,,cefrj,
lap,noun,hobbies,vòng (đua); lòng (đùi),,cefrj,
legend,noun,hobbies,huyền thoại,,cefrj,
lyrics,noun,hobbies,lời bài hát,,cefrj,
maestro,noun,hobbies,"nhạc trưởng, bậc thầy",,cefrj,
marathon,noun,hobbies,cuộc chạy marathon,,cefrj,
martial art,noun,hobbies,võ thuật,,cefrj,
masterpiece,noun,hobbies,kiệt tác,,cefrj,
melody,noun,hobbies,giai điệu,,cefrj,
musical,noun,hobbies,nhạc kịch,,cefrj,
narrator,noun,hobbies,người dẫn chuyện,,cefrj,
nightclub,noun,hobbies,hộp đêm,,cefrj,
non-smoking,adjective,hobbies,cấm hút thuốc,,cefrj,
Olympiad,noun,hobbies,kỳ thi Olympic,,cefrj,
opponent,noun,hobbies,đối thủ,,cefrj,
orchestral,adjective,hobbies,thuộc dàn nhạc,,cefrj,
outing,noun,hobbies,chuyến đi chơi,,cefrj,
paintbrush,noun,hobbies,cọ vẽ,,cefrj,
penalty,noun,hobbies,hình phạt; quả phạt đền,,cefrj,
photograph,verb,hobbies,chụp ảnh,,cefrj,
pitch,noun,hobbies,sân; cao độ (âm); ném (bóng); chào hàng,,cefrj,
playwright,noun,hobbies,nhà viết kịch,,cefrj,
plot,noun,hobbies,cốt truyện; mảnh đất,,cefrj,
polo,noun,hobbies,môn polo,,cefrj,
pose,noun,hobbies,tư thế,,cefrj,
prose,noun,hobbies,văn xuôi,,cefrj,
punch,noun,hobbies,cú đấm,,cefrj,
recreation,noun,hobbies,sự giải trí,,cefrj,
refrain,noun,hobbies,điệp khúc,,cefrj,
reggae,noun,hobbies,nhạc reggae,,cefrj,
rehearsal,noun,hobbies,buổi tổng duyệt,,cefrj,
relay,noun,hobbies,cuộc chạy tiếp sức,,cefrj,
repertoire,noun,hobbies,tiết mục,,cefrj,
rhythmic,adjective,hobbies,nhịp nhàng,,cefrj,
riddle,noun,hobbies,câu đố,,cefrj,
rival,noun,hobbies,đối thủ,,cefrj,
row,verb,hobbies,chèo thuyền,,cefrj,
salsa,noun,hobbies,điệu salsa; nước sốt salsa,,cefrj,
scuba,noun,hobbies,lặn có bình khí,,cefrj,
seesaw,noun,hobbies,bập bênh,,cefrj,
semi-final,noun,hobbies,trận bán kết,,cefrj,
serial,adjective,hobbies,"nhiều kỳ, nối tiếp",,cefrj,
Shakespearean,adjective,hobbies,thuộc Shakespeare,,cefrj,
showbiz,noun,hobbies,giới giải trí,,cefrj,
showcase,noun,hobbies,tủ trưng bày; sự giới thiệu,,cefrj,
skateboard,noun,hobbies,ván trượt,,cefrj,
skateboarder,noun,hobbies,người trượt ván,,cefrj,
sketch,verb,hobbies,phác hoạ,,cefrj,
soliloquy,noun,hobbies,độc thoại,,cefrj,
solo,adjective,hobbies,"đơn ca, một mình; bài hát đơn ca",,cefrj,
sonnet,noun,hobbies,bài thơ sonnet,,cefrj,
soundtrack,noun,hobbies,nhạc phim,,cefrj,
spectacle,noun,hobbies,cảnh tượng,,cefrj,
sprint,noun,hobbies,cuộc chạy nước rút,,cefrj,
squad,noun,hobbies,"đội, nhóm",,cefrj,
squash,noun,hobbies,môn bóng quần; bí,,cefrj,
stanza,noun,hobbies,khổ thơ,,cefrj,
stopwatch,noun,hobbies,đồng hồ bấm giờ,,cefrj,
subplot,noun,hobbies,cốt truyện phụ,,cefrj,
subtitle,noun,hobbies,phụ đề,,cefrj,
swing,noun,hobbies,cái xích đu; sự đung đưa,,cefrj,
tightrope,noun,hobbies,dây đi trên không,,cefrj,
trailer,noun,hobbies,đoạn giới thiệu phim; xe moóc,,cefrj,
trainer,noun,hobbies,huấn luyện viên; giày thể thao,,cefrj,
trio,noun,hobbies,bộ ba,,cefrj,
trophy,noun,hobbies,chiếc cúp,,cefrj,
verse,noun,hobbies,câu thơ; đoạn bài hát,,cefrj,
vocalist,noun,hobbies,ca sĩ,,cefrj,
walkabout,noun,hobbies,cuộc đi dạo,,cefrj,
whistle,verb,hobbies,huýt sáo,,cefrj,
win,noun,hobbies,chiến thắng,,cefrj,
woodcarving,noun,hobbies,đồ khắc gỗ,,cefrj,
alert,verb,communication,cảnh báo,,cefrj,
alphabetical,adjective,communication,theo thứ tự bảng chữ cái,,cefrj,
ambiguity,noun,communication,sự mơ hồ,,cefrj,
ambiguous,adjective,communication,"mơ hồ, nhập nhằng",,cefrj,
anchorman,noun,communication,người dẫn chương trình (nam),,cefrj,
anchorperson,noun,communication,người dẫn chương trình thời sự,,cefrj,
apostrophe,noun,communication,dấu nháy đơn,,cefrj,
articulate,verb,communication,diễn đạt rõ ràng,,cefrj,
assert,verb,communication,khẳng định,,cefrj,
assure,verb,communication,"cam đoan, đảm bảo",,cefrj,
bellow,verb,communication,"gầm lên, la hét",,cefrj,
blurt,noun,communication,lời buột miệng,,cefrj,
bold,noun,communication,chữ in đậm,,cefrj,
booklet,noun,communication,cuốn sách nhỏ,,cefrj,
bracket,noun,communication,dấu ngoặc,,cefrj,
broadcast,verb,communication,phát sóng,,cefrj,
broadcaster,noun,communication,"đài phát thanh, phát thanh viên",,cefrj,
canon,noun,communication,chuẩn mực; kinh điển,,cefrj,
caption,noun,communication,chú thích (ảnh),,cefrj,
clarify,verb,communication,làm rõ,,cefrj,
clause,noun,communication,mệnh đề; điều khoản,,cefrj,
coherence,noun,communication,sự mạch lạc,,cefrj,
coherent,adjective,communication,mạch lạc,,cefrj,
collocation,noun,communication,cụm từ cố định,,cefrj,
colon,noun,communication,dấu hai chấm,,cefrj,
comment,verb,communication,bình luận,,cefrj,
commercial,noun,communication,quảng cáo (truyền hình),,cefrj,
communicative,adjective,communication,"cởi mở, giao tiếp tốt",,cefrj,
concede,verb,communication,thừa nhận; nhượng bộ,,cefrj,
confess,verb,communication,thú nhận,,cefrj,
confession,noun,communication,lời thú tội,,cefrj,
conjunction,noun,communication,liên từ,,cefrj,
consult,verb,communication,tham khảo ý kiến,,cefrj,
contradict,verb,communication,"mâu thuẫn, cãi lại",,cefrj,
converse,noun,communication,cuộc trò chuyện,,cefrj,
correspond,verb,communication,tương ứng; trao đổi thư,,cefrj,
correspondence,noun,communication,thư từ,,cefrj,
correspondent,noun,communication,phóng viên,,cefrj,
criticism,noun,communication,sự phê bình,,cefrj,
descriptive,adjective,communication,mang tính miêu tả,,cefrj,
determiner,noun,communication,từ hạn định,,cefrj,
digest,noun,communication,bản tóm tắt,,cefrj,
draft,noun,communication,bản nháp; gió lùa,,cefrj,
duplicate,noun,communication,bản sao,,cefrj,
edit,noun,communication,"bản chỉnh sửa; biên tập, chỉnh sửa",,cefrj,
editorial,noun,communication,bài xã luận,,cefrj,
eloquence,noun,communication,tài hùng biện,,cefrj,
eloquent,adjective,communication,hùng hồn,,cefrj,
exaggerate,noun,communication,phóng đại,,cefrj,
exaggeration,noun,communication,sự phóng đại,,cefrj,
exclaim,verb,communication,kêu lên,,cefrj,
exclamation mark,noun,communication,dấu chấm than,,cefrj,
expressive,adjective,communication,biểu cảm,,cefrj,
extract,noun,communication,đoạn trích,,cefrj,
feedback,noun,communication,phản hồi,,cefrj,
figurative,adjective,communication,nghĩa bóng,,cefrj,
first language,noun,communication,tiếng mẹ đẻ,,cefrj,
first person,noun,communication,ngôi thứ nhất,,cefrj,
fluency,noun,communication,sự lưu loát,,cefrj,
footnote,noun,communication,chú thích cuối trang,,cefrj,
gossip,verb,communication,buôn chuyện,,cefrj,
hint,noun,communication,gợi ý,,cefrj,
hush,verb,communication,"suỵt, bắt im lặng",,cefrj,
hyperbole,noun,communication,phép cường điệu,,cefrj,
hyphen,noun,communication,dấu gạch nối,,cefrj,
illustrate,verb,communication,minh hoạ,,cefrj,
imperative,noun,communication,thể mệnh lệnh; điều bắt buộc,,cefrj,
imply,verb,communication,ngụ ý,,cefrj,
indent,verb,communication,thụt lề,,cefrj,
index,noun,communication,mục lục; chỉ số,,cefrj,
inquire,verb,communication,hỏi thông tin,,cefrj,
insult,noun,communication,lời xúc phạm,,cefrj,
interpersonal,adjective,communication,giữa các cá nhân,,cefrj,
interpret,verb,communication,giải thích; phiên dịch,,cefrj,
interpretation,noun,communication,sự giải thích,,cefrj,
interruption,noun,communication,sự gián đoạn,,cefrj,
intransitive,adjective,communication,nội động từ,,cefrj,
inverted commas,noun,communication,dấu ngoặc kép,,cefrj,
italicize,verb,communication,in nghiêng,,cefrj,
journalism,noun,communication,nghề báo,,cefrj,
leaflet,noun,communication,tờ rơi,,cefrj,
list,verb,communication,liệt kê,,cefrj,
literal,adjective,communication,theo nghĩa đen,,cefrj,
media,noun,communication,truyền thông,,cefrj,
messenger,noun,communication,người đưa tin,,cefrj,
metaphor,noun,communication,phép ẩn dụ,,cefrj,
misunderstand,verb,communication,hiểu lầm,,cefrj,
mumble,noun,communication,tiếng lầm bầm,,cefrj,
murmur,noun,communication,tiếng thì thầm,,cefrj,
mutter,noun,communication,tiếng lẩm bẩm,,cefrj,
native speaker,noun,communication,người bản ngữ,,cefrj,
newscaster,noun,communication,phát thanh viên tin tức,,cefrj,
newsworthy,adjective,communication,đáng đưa tin,,cefrj,
nod,verb,communication,gật đầu,,cefrj,
nutshell,noun,communication,tóm lại (in a nutshell),,cefrj,
obituary,noun,communication,cáo phó,,cefrj,
object,verb,communication,phản đối,,cefrj,
oral,adjective,communication,bằng lời nói,,cefrj,
orator,noun,communication,nhà hùng biện,,cefrj,
overemphasize,verb,communication,quá nhấn mạnh,,cefrj,
overhear,verb,communication,nghe lỏm,,cefrj,
personification,noun,communication,phép nhân hoá,,cefrj,
personify,verb,communication,nhân cách hoá,,cefrj,
persuasion,noun,communication,sự thuyết phục,,cefrj,
postal,adjective,communication,thuộc bưu điện,,cefrj,
praise,verb,communication,khen ngợi,,cefrj,
predicative,adjective,communication,thuộc vị ngữ,,cefrj,
presenter,noun,communication,người dẫn chương trình,,cefrj,
profile,noun,communication,hồ sơ; mặt nghiêng,,cefrj,
publication,noun,communication,ấn phẩm; sự xuất bản,,cefrj,
publicity,noun,communication,sự quảng bá,,cefrj,
publicize,verb,communication,quảng bá,,cefrj,
query,noun,communication,"câu hỏi, thắc mắc",,cefrj,
question,verb,communication,chất vấn,,cefrj,
quotable,adjective,communication,đáng trích dẫn,,cefrj,
quotation,noun,communication,câu trích dẫn; báo giá,,cefrj,
quote,noun,communication,lời trích dẫn; trích dẫn; báo giá,,cefrj,
recommendation,noun,communication,"lời giới thiệu, khuyến nghị",,cefrj,
reference,noun,communication,sự tham khảo,,cefrj,
referent,adjective,communication,thuộc từ được quy chiếu,,cefrj,
refute,verb,communication,bác bỏ,,cefrj,
remark,noun,communication,lời nhận xét,,cefrj,
reminder,noun,communication,lời nhắc,,cefrj,
reprint,noun,communication,bản in lại,,cefrj,
reprove,verb,communication,khiển trách,,cefrj,
rhyme,verb,communication,vần với nhau,,cefrj,
say,noun,communication,quyền phát biểu (have a say),,cefrj,
scribble,noun,communication,nét viết nguệch ngoạc,,cefrj,
second person,noun,communication,ngôi thứ hai,,cefrj,
semicolon,noun,communication,dấu chấm phẩy,,cefrj,
shrug,verb,communication,nhún vai,,cefrj,
signify,verb,communication,biểu thị,,cefrj,
skim,verb,communication,đọc lướt,,cefrj,
slang,noun,communication,tiếng lóng,,cefrj,
slash,noun,communication,dấu gạch chéo; vết chém,,cefrj,
stammer,verb,communication,nói lắp,,cefrj,
stamp,verb,communication,đóng dấu; dậm chân,,cefrj,
state,verb,communication,phát biểu,,cefrj,
stress,verb,communication,nhấn mạnh,,cefrj,
subjunctive,noun,communication,thức giả định,,cefrj,
syllable,noun,communication,âm tiết,,cefrj,
synonym,noun,communication,từ đồng nghĩa,,cefrj,
tabloid,adjective,communication,giật gân (báo lá cải),,cefrj,
taunt,noun,communication,lời chế nhạo,,cefrj,
third person,noun,communication,ngôi thứ ba,,cefrj,
transcript,noun,communication,bản ghi chép,,cefrj,
transitive,adjective,communication,ngoại động từ,,cefrj,
translation,noun,communication,bản dịch,,cefrj,
utter,verb,communication,thốt ra,,cefrj,
verbal,adjective,communication,bằng lời nói,,cefrj,
whisper,verb,communication,thì thầm,,cefrj,
wink,noun,communication,cái nháy mắt,,cefrj,
yell,verb,communication,la hét,,cefrj,
altitude,noun,nature,độ cao,,cefrj,
antipollution,noun,nature,chống ô nhiễm,,cefrj,
arctic,adjective,nature,thuộc Bắc Cực,,cefrj,
ash,noun,nature,tro,,cefrj,
barn,noun,nature,nhà kho (trang trại),,cefrj,
barren,adjective,nature,cằn cỗi,,cefrj,
blaze,noun,nature,ngọn lửa lớn; cháy rực,,cefrj,
blooming,adjective,nature,đang nở hoa,,cefrj,
blossom,noun,nature,hoa (của cây ăn quả),,cefrj,
breezy,adjective,nature,có gió nhẹ,,cefrj,
bud,noun,nature,"chồi, nụ",,cefrj,
cane,noun,nature,cây mía; cây gậy,,cefrj,
carbon dioxide,noun,nature,khí CO2,,cefrj,
carbon footprint,noun,nature,dấu chân các-bon,,cefrj,
carbon monoxide,noun,nature,khí CO,,cefrj,
cascade,noun,nature,thác nước nhỏ,,cefrj,
centigrade,noun,nature,độ C,,cefrj,
climate change,noun,nature,biến đổi khí hậu,,cefrj,
coastline,noun,nature,bờ biển,,cefrj,
contaminate,verb,nature,làm ô nhiễm,,cefrj,
coral,noun,nature,san hô,,cefrj,
corona,noun,nature,vầng hào quang,,cefrj,
crater,noun,nature,miệng núi lửa,,cefrj,
creek,noun,nature,con lạch,,cefrj,
dandelion,noun,nature,bồ công anh,,cefrj,
decay,verb,nature,"mục nát, phân huỷ",,cefrj,
deforestation,noun,nature,nạn phá rừng,,cefrj,
drought,noun,nature,hạn hán,,cefrj,
ecologist,noun,nature,nhà sinh thái học,,cefrj,
elemental,adjective,nature,thuộc nguyên tố; cơ bản,,cefrj,
environment,noun,nature,môi trường,,cefrj,
environmentally friendly,adjective,nature,thân thiện với môi trường,,cefrj,
erupt,verb,nature,phun trào,,cefrj,
eruption,noun,nature,sự phun trào,,cefrj,
flame,noun,nature,ngọn lửa,,cefrj,
flax,noun,nature,cây lanh,,cefrj,
forestry,noun,nature,lâm nghiệp,,cefrj,
fume,noun,nature,"khói, hơi độc",,cefrj,
global warming,noun,nature,nóng lên toàn cầu,,cefrj,
gorge,noun,nature,hẻm núi,,cefrj,
hail,verb,nature,mưa đá; gọi (taxi),,cefrj,
harrow,noun,nature,cái bừa,,cefrj,
hay,noun,nature,cỏ khô,,cefrj,
hedge,noun,nature,hàng rào cây,,cefrj,
hemp,noun,nature,cây gai dầu,,cefrj,
icy,adjective,nature,đóng băng,,cefrj,
landslide,noun,nature,lở đất,,cefrj,
lava,noun,nature,dung nham,,cefrj,
lowland,noun,nature,vùng đất thấp,,cefrj,
lush,adjective,nature,tươi tốt,,cefrj,
mine,noun,nature,mỏ; quả mìn,,cefrj,
mist,noun,nature,sương mù,,cefrj,
mold,noun,nature,nấm mốc; khuôn,,cefrj,
moonlight,noun,nature,ánh trăng,,cefrj,
moonscape,noun,nature,cảnh quan mặt trăng,,cefrj,
muddy,adjective,nature,lầy lội,,cefrj,
offshore,adjective,nature,ngoài khơi,,cefrj,
orchid,noun,nature,hoa phong lan,,cefrj,
outback,noun,nature,vùng hẻo lánh (Úc),,cefrj,
ozone,noun,nature,tầng ô-zôn,,cefrj,
pastoral,adjective,nature,thuộc đồng quê,,cefrj,
peak,noun,nature,đỉnh,,cefrj,
pebble,noun,nature,đá cuội,,cefrj,
picturesque,adjective,nature,đẹp như tranh,,cefrj,
pine,noun,nature,cây thông,,cefrj,
rainbow,noun,nature,cầu vồng,,cefrj,
rainstorm,noun,nature,mưa bão,,cefrj,
reed,noun,nature,cây sậy,,cefrj,
ridge,noun,nature,sống núi,,cefrj,
rocky,adjective,nature,nhiều đá,,cefrj,
rural,adjective,nature,nông thôn,,cefrj,
sandstone,noun,nature,đá sa thạch,,cefrj,
scent,noun,nature,mùi hương,,cefrj,
scythe,noun,nature,lưỡi hái,,cefrj,
snowball,noun,nature,quả cầu tuyết,,cefrj,
soil,noun,nature,đất,,cefrj,
solar,adjective,nature,thuộc mặt trời,,cefrj,
spark,noun,nature,tia lửa,,cefrj,
strait,noun,nature,eo biển,,cefrj,
sunbeam,noun,nature,tia nắng,,cefrj,
temperate,adjective,nature,ôn hoà,,cefrj,
toxic,adjective,nature,độc hại,,cefrj,
tremor,noun,nature,cơn rung chấn,,cefrj,
tropic,adjective,nature,thuộc nhiệt đới,,cefrj,
trunk,noun,nature,thân cây; cốp xe; vòi voi,,cefrj,
tulip,noun,nature,hoa tulip,,cefrj,
twinkle,noun,nature,sự lấp lánh,,cefrj,
undersea,adjective,nature,dưới biển,,cefrj,
water,verb,nature,tưới nước,,cefrj,
weed,noun,nature,cỏ dại,,cefrj,
wilderness,noun,nature,vùng hoang dã,,cefrj,
bark,verb,animals,sủa,,cefrj,
beagle,noun,animals,chó săn beagle,,cefrj,
beak,noun,animals,mỏ chim,,cefrj,
birdcage,noun,animals,lồng chim,,cefrj,
breed,noun,animals,giống (vật nuôi),,cefrj,
crab,noun,animals,con cua,,cefrj,
crocodile,noun,animals,cá sấu,,cefrj,
deer,noun,animals,con hươu,,cefrj,
donkey,noun,animals,con lừa,,cefrj,
dove,noun,animals,chim bồ câu,,cefrj,
eagle,noun,animals,chim đại bàng,,cefrj,
fox,noun,animals,con cáo,,cefrj,
goat,noun,animals,con dê,,cefrj,
hatching,noun,animals,sự nở (trứng),,cefrj,
kangaroo,noun,animals,chuột túi,,cefrj,
lark,noun,animals,chim sơn ca,,cefrj,
leash,noun,animals,dây xích (chó),,cefrj,
leopard,noun,animals,con báo,,cefrj,
ling,noun,animals,cá tuyết dài,,cefrj,
owl,noun,animals,con cú,,cefrj,
ox,noun,animals,con bò đực,,cefrj,
paw,noun,animals,chân (có móng vuốt),,cefrj,
penguin,noun,animals,chim cánh cụt,,cefrj,
polar bear,noun,animals,gấu bắc cực,,cefrj,
ram,noun,animals,con cừu đực,,cefrj,
rhinoceros,noun,animals,con tê giác,,cefrj,
roar,verb,animals,gầm,,cefrj,
seal,noun,animals,hải cẩu; con dấu,,cefrj,
skylark,noun,animals,chim sơn ca,,cefrj,
sparrow,noun,animals,chim sẻ,,cefrj,
species,noun,animals,loài,,cefrj,
swan,noun,animals,thiên nga,,cefrj,
tail,noun,animals,cái đuôi,,cefrj,
tame,adjective,animals,thuần hoá; nhạt nhẽo,,cefrj,
tortoiseshell,noun,animals,mai rùa,,cefrj,
wasp,noun,animals,ong bắp cày,,cefrj,
wolf,noun,animals,con sói,,cefrj,
worm,noun,animals,"con sâu, giun",,cefrj,
zebra,noun,animals,ngựa vằn,,cefrj,
abolish,verb,society,bãi bỏ,,cefrj,
abuse,noun,society,"sự lạm dụng, ngược đãi",,cefrj,
accusation,noun,society,lời buộc tội,,cefrj,
administrative,adjective,society,thuộc hành chính,,cefrj,
allegation,noun,society,lời cáo buộc,,cefrj,
alliance,noun,society,liên minh,,cefrj,
ally,noun,society,đồng minh,,cefrj,
altar,noun,society,bàn thờ,,cefrj,
ambassador,noun,society,đại sứ,,cefrj,
antiaircraft,adjective,society,phòng không,,cefrj,
aristocracy,noun,society,tầng lớp quý tộc,,cefrj,
assault,noun,society,vụ tấn công,,cefrj,
assembly,noun,society,hội đồng; sự lắp ráp,,cefrj,
authorize,verb,society,"cho phép, uỷ quyền",,cefrj,
ballot,noun,society,lá phiếu,,cefrj,
ban,noun,society,lệnh cấm,,cefrj,
battlefield,noun,society,chiến trường,,cefrj,
bombard,noun,society,cuộc oanh tạc,,cefrj,
bomber,noun,society,máy bay ném bom,,cefrj,
bombing,noun,society,vụ đánh bom,,cefrj,
bully,verb,society,bắt nạt,,cefrj,
bureaucracy,noun,society,bộ máy quan liêu,,cefrj,
burglary,noun,society,vụ trộm,,cefrj,
burgle,verb,society,đột nhập trộm,,cefrj,
burial,noun,society,sự chôn cất,,cefrj,
campaign,noun,society,chiến dịch,,cefrj,
candidate,noun,society,ứng cử viên,,cefrj,
cannonball,noun,society,đạn đại bác,,cefrj,
captive,noun,society,tù binh,,cefrj,
carnival,noun,society,lễ hội hoá trang,,cefrj,
catastrophe,noun,society,thảm hoạ,,cefrj,
cemetery,noun,society,nghĩa trang,,cefrj,
certify,verb,society,chứng nhận,,cefrj,
chancellor,noun,society,"thủ tướng (Đức, Áo); hiệu trưởng",,cefrj,
coalition,noun,society,liên minh,,cefrj,
colonial,adjective,society,thuộc địa,,cefrj,
commander,noun,society,chỉ huy,,cefrj,
commemorate,verb,society,tưởng niệm,,cefrj,
commonwealth,noun,society,khối thịnh vượng chung,,cefrj,
community,noun,society,cộng đồng,,cefrj,
concession,noun,society,sự nhượng bộ,,cefrj,
condemn,verb,society,lên án,,cefrj,
conquest,noun,society,cuộc chinh phục,,cefrj,
consensus,noun,society,sự đồng thuận,,cefrj,
consent,noun,society,sự đồng ý,,cefrj,
controversy,noun,society,cuộc tranh cãi,,cefrj,
convention,noun,society,hội nghị; quy ước,,cefrj,
corrupt,adjective,society,tham nhũng,,cefrj,
corruption,noun,society,sự tham nhũng,,cefrj,
criminal,adjective,society,thuộc tội phạm,,cefrj,
de facto,adjective,society,thực tế (de facto),,cefrj,
dehumanize,verb,society,làm mất tính người,,cefrj,
developing,adjective,society,đang phát triển,,cefrj,
devil,noun,society,ma quỷ,,cefrj,
dictator,noun,society,nhà độc tài,,cefrj,
diplomat,noun,society,nhà ngoại giao,,cefrj,
disciple,noun,society,môn đồ,,cefrj,
discriminate,verb,society,phân biệt đối xử,,cefrj,
dispute,noun,society,cuộc tranh chấp,,cefrj,
dissident,noun,society,người bất đồng chính kiến,,cefrj,
donate,verb,society,quyên góp,,cefrj,
donation,noun,society,sự quyên góp,,cefrj,
duel,noun,society,cuộc đấu tay đôi,,cefrj,
elect,verb,society,bầu chọn,,cefrj,
elite,noun,society,tầng lớp tinh hoa,,cefrj,
embassy,noun,society,đại sứ quán,,cefrj,
endorse,verb,society,"tán thành, ủng hộ",,cefrj,
enforce,verb,society,thi hành (luật),,cefrj,
entitle,verb,society,cho quyền; đặt tên,,cefrj,
equity,noun,society,sự công bằng; vốn cổ phần,,cefrj,
ethic,noun,society,đạo đức,,cefrj,
ethnic,adjective,society,thuộc dân tộc,,cefrj,
evacuate,verb,society,sơ tán,,cefrj,
evacuation,noun,society,sự sơ tán,,cefrj,
evil,noun,society,cái ác,,cefrj,
execution,noun,society,sự thi hành; sự hành hình,,cefrj,
exile,noun,society,sự lưu đày,,cefrj,
explosive,noun,society,chất nổ,,cefrj,
faith,noun,society,"niềm tin, đức tin",,cefrj,
federal,adjective,society,thuộc liên bang,,cefrj,
fighting,noun,society,sự đánh nhau,,cefrj,
firearm,noun,society,súng,,cefrj,
fraud,noun,society,sự gian lận,,cefrj,
furor,noun,society,sự náo động,,cefrj,
gang,noun,society,băng nhóm,,cefrj,
gangster,noun,society,găng tơ,,cefrj,
glocal,adjective,society,toàn cầu và địa phương,,cefrj,
god,noun,society,"thần, Chúa",,cefrj,
godly,adjective,society,ngoan đạo,,cefrj,
governmental,adjective,society,thuộc chính phủ,,cefrj,
gravestone,noun,society,bia mộ,,cefrj,
guard,verb,society,canh gác,,cefrj,
guerrilla,noun,society,du kích,,cefrj,
gunshot,noun,society,tiếng súng,,cefrj,
hell,noun,society,địa ngục,,cefrj,
heritage,noun,society,di sản,,cefrj,
hijack,noun,society,vụ không tặc; cướp (máy bay),,cefrj,
holocaust,noun,society,cuộc thảm sát,,cefrj,
honor,verb,society,tôn vinh,,cefrj,
human rights,noun,society,nhân quyền,,cefrj,
humanist,noun,society,nhà nhân văn,,cefrj,
ideology,noun,society,hệ tư tưởng,,cefrj,
immoral,adjective,society,vô đạo đức,,cefrj,
immortal,adjective,society,bất tử,,cefrj,
immortality,noun,society,sự bất tử,,cefrj,
imprison,verb,society,bỏ tù,,cefrj,
imprisonment,noun,society,sự bỏ tù,,cefrj,
incense,noun,society,"hương, nhang",,cefrj,
infringe,verb,society,vi phạm,,cefrj,
infringement,noun,society,sự vi phạm,,cefrj,
institution,noun,society,"tổ chức, thể chế",,cefrj,
intruder,noun,society,kẻ xâm nhập,,cefrj,
intrusion,noun,society,sự xâm nhập,,cefrj,
investigate,verb,society,điều tra,,cefrj,
investigator,noun,society,điều tra viên,,cefrj,
juror,noun,society,bồi thẩm viên,,cefrj,
jury,noun,society,bồi thẩm đoàn,,cefrj,
lance,noun,society,ngọn giáo,,cefrj,
lawmaker,noun,society,nhà lập pháp,,cefrj,
lawsuit,noun,society,vụ kiện,,cefrj,
legislate,verb,society,lập pháp,,cefrj,
legislation,noun,society,luật pháp,,cefrj,
legislative,adjective,society,thuộc lập pháp,,cefrj,
legislator,noun,society,nhà lập pháp,,cefrj,
legislature,noun,society,cơ quan lập pháp,,cefrj,
legitimate,adjective,society,"hợp pháp, chính đáng",,cefrj,
liberal,adjective,society,"tự do, phóng khoáng",,cefrj,
massacre,noun,society,cuộc thảm sát,,cefrj,
memorial,noun,society,đài tưởng niệm,,cefrj,
migration,noun,society,sự di cư,,cefrj,
minister,noun,society,bộ trưởng; mục sư,,cefrj,
missile,noun,society,tên lửa,,cefrj,
moral,adjective,society,thuộc đạo đức,,cefrj,
morality,noun,society,đạo đức,,cefrj,
mortal,adjective,society,phải chết; trần tục,,cefrj,
naval,adjective,society,thuộc hải quân,,cefrj,
navy,noun,society,hải quân,,cefrj,
needy,adjective,society,nghèo khó,,cefrj,
nobility,noun,society,giới quý tộc,,cefrj,
noble,adjective,society,cao quý,,cefrj,
nobleman,noun,society,nhà quý tộc,,cefrj,
nomination,noun,society,sự đề cử,,cefrj,
nominee,noun,society,người được đề cử,,cefrj,
oath,noun,society,lời thề,,cefrj,
obey,verb,society,tuân theo,,cefrj,
obligation,noun,society,nghĩa vụ,,cefrj,
offender,noun,society,người phạm tội,,cefrj,
offense,noun,society,tội; sự xúc phạm,,cefrj,
official,noun,society,viên chức,,cefrj,
overthrow,verb,society,lật đổ,,cefrj,
parade,noun,society,cuộc diễu hành,,cefrj,
paratrooper,noun,society,lính dù,,cefrj,
parliament,noun,society,nghị viện,,cefrj,
partisan,noun,society,người theo phe; du kích,,cefrj,
pastor,noun,society,mục sư,,cefrj,
patriot,noun,society,người yêu nước,,cefrj,
patriotic,adjective,society,yêu nước,,cefrj,
patriotism,noun,society,lòng yêu nước,,cefrj,
penalize,verb,society,phạt,,cefrj,
piracy,noun,society,nạn ăn cắp bản quyền,,cefrj,
pirate,noun,society,cướp biển,,cefrj,
plead,verb,society,cầu xin; bào chữa,,cefrj,
polity,noun,society,chính thể,,cefrj,
prehuman,noun,society,tiền nhân loại,,cefrj,
presidency,noun,society,nhiệm kỳ tổng thống,,cefrj,
presidential,adjective,society,thuộc tổng thống,,cefrj,
prime minister,noun,society,thủ tướng,,cefrj,
privilege,noun,society,đặc quyền,,cefrj,
prohibit,verb,society,cấm,,cefrj,
prosecute,verb,society,truy tố,,cefrj,
protest,verb,society,"phản đối, biểu tình",,cefrj,
racism,noun,society,chủ nghĩa phân biệt chủng tộc,,cefrj,
racist,noun,society,kẻ phân biệt chủng tộc,,cefrj,
radical,noun,society,người cấp tiến,,cefrj,
rally,noun,society,cuộc mít tinh,,cefrj,
rape,noun,society,vụ hiếp dâm; cưỡng hiếp,,cefrj,
rebel,noun,society,kẻ nổi loạn,,cefrj,
reform,noun,society,cải cách,,cefrj,
refugee,noun,society,người tị nạn,,cefrj,
regime,noun,society,chế độ,,cefrj,
regulate,verb,society,"điều chỉnh, quản lý",,cefrj,
relic,noun,society,di vật,,cefrj,
repression,noun,society,sự đàn áp,,cefrj,
restriction,noun,society,sự hạn chế,,cefrj,
retreat,noun,society,sự rút lui; nơi nghỉ dưỡng,,cefrj,
revolution,noun,society,cuộc cách mạng,,cefrj,
revolutionary,adjective,society,mang tính cách mạng,,cefrj,
righteousness,noun,society,sự công chính,,cefrj,
rite,noun,society,nghi thức,,cefrj,
ritual,noun,society,nghi lễ,,cefrj,
royalty,noun,society,hoàng tộc; tiền bản quyền,,cefrj,
rule,verb,society,cai trị,,cefrj,
scandal,noun,society,vụ bê bối,,cefrj,
senator,noun,society,thượng nghị sĩ,,cefrj,
sentence,verb,society,kết án,,cefrj,
sexism,noun,society,phân biệt giới tính,,cefrj,
shield,noun,society,cái khiên,,cefrj,
shooting,noun,society,vụ xả súng,,cefrj,
shoplift,verb,society,ăn cắp ở cửa hàng,,cefrj,
shoplifter,noun,society,kẻ cắp vặt ở cửa hàng,,cefrj,
shoplifting,noun,society,tội ăn cắp ở cửa hàng,,cefrj,
slaughter,noun,society,sự tàn sát,,cefrj,
socialize,verb,society,giao lưu,,cefrj,
stab,verb,society,đâm,,cefrj,
starvation,noun,society,nạn đói,,cefrj,
state,adjective,society,thuộc nhà nước,,cefrj,
statesman,noun,society,chính khách,,cefrj,
stereotype,noun,society,"định kiến, khuôn mẫu",,cefrj,
strangle,verb,society,bóp cổ,,cefrj,
subculture,noun,society,tiểu văn hoá,,cefrj,
sue,verb,society,kiện,,cefrj,
supernatural,adjective,society,siêu nhiên,,cefrj,
surrender,verb,society,đầu hàng,,cefrj,
surveillance,noun,society,sự giám sát,,cefrj,
suspect,verb,society,nghi ngờ,,cefrj,
territory,noun,society,lãnh thổ,,cefrj,
testify,verb,society,làm chứng,,cefrj,
testimony,noun,society,lời khai,,cefrj,
tomb,noun,society,ngôi mộ,,cefrj,
torture,verb,society,tra tấn,,cefrj,
traitor,noun,society,kẻ phản bội,,cefrj,
treaty,noun,society,hiệp ước,,cefrj,
trial,noun,society,phiên toà; sự thử nghiệm,,cefrj,
tribe,noun,society,bộ lạc,,cefrj,
troop,noun,society,quân đội,,cefrj,
tyranny,noun,society,sự chuyên chế,,cefrj,
tyrant,noun,society,bạo chúa,,cefrj,
unauthorized,adjective,society,trái phép,,cefrj,
ungodly,adjective,society,vô đạo; bất thường (giờ),,cefrj,
united,adjective,society,thống nhất,,cefrj,
unrest,noun,society,tình trạng bất ổn,,cefrj,
veteran,noun,society,cựu chiến binh,,cefrj,
violate,verb,society,vi phạm,,cefrj,
virtue,noun,society,đức tính,,cefrj,
volunteer,noun,society,tình nguyện viên,,cefrj,
voter,noun,society,cử tri,,cefrj,
vow,noun,society,lời thề,,cefrj,
warship,noun,society,tàu chiến,,cefrj,
welfare,noun,society,phúc lợi,,cefrj,
witness,noun,society,nhân chứng,,cefrj,
worship,noun,society,sự thờ phụng,,cefrj,
access,verb,science-tech,truy cập,,cefrj,
acid,noun,science-tech,axit,,cefrj,
aluminum,noun,science-tech,nhôm,,cefrj,
ammonia,noun,science-tech,a-mô-ni-ắc,,cefrj,
amplifier,noun,science-tech,bộ khuếch đại âm thanh,,cefrj,
antistatic,adjective,science-tech,chống tĩnh điện,,cefrj,
antivirus,noun,science-tech,phần mềm diệt vi rút,,cefrj,
astronomy,noun,science-tech,thiên văn học,,cefrj,
backup,noun,science-tech,bản sao lưu,,cefrj,
barometer,noun,science-tech,khí áp kế,,cefrj,
biological,adjective,science-tech,thuộc sinh học,,cefrj,
biotechnology,noun,science-tech,công nghệ sinh học,,cefrj,
bookmark,noun,science-tech,dấu trang; đánh dấu trang,,cefrj,
broadband,noun,science-tech,băng thông rộng,,cefrj,
browse,verb,science-tech,duyệt (web),,cefrj,
browser,noun,science-tech,trình duyệt,,cefrj,
cable,noun,science-tech,dây cáp,,cefrj,
carbon,noun,science-tech,các-bon,,cefrj,
catalyst,noun,science-tech,chất xúc tác,,cefrj,
chip,noun,science-tech,vi mạch; khoai tây chiên,,cefrj,
circuit,noun,science-tech,mạch điện,,cefrj,
circuitry,noun,science-tech,hệ mạch,,cefrj,
compatible,adjective,science-tech,tương thích,,cefrj,
component,noun,science-tech,"thành phần, linh kiện",,cefrj,
compression,noun,science-tech,sự nén,,cefrj,
compute,verb,science-tech,tính toán,,cefrj,
conferencing,noun,science-tech,hội nghị trực tuyến,,cefrj,
copper,noun,science-tech,đồng (kim loại),,cefrj,
cursor,noun,science-tech,con trỏ,,cefrj,
cyberaddict,noun,science-tech,người nghiện mạng,,cefrj,
cybercafe,noun,science-tech,quán cà phê internet,,cefrj,
cybercrime,noun,science-tech,tội phạm mạng,,cefrj,
cyberpet,noun,science-tech,thú cưng ảo,,cefrj,
cyberschool,noun,science-tech,trường học trực tuyến,,cefrj,
cyberspace,noun,science-tech,không gian mạng,,cefrj,
data,noun,science-tech,dữ liệu,,cefrj,
database,noun,science-tech,cơ sở dữ liệu,,cefrj,
decomposition,noun,science-tech,sự phân huỷ,,cefrj,
desktop,noun,science-tech,máy tính để bàn; màn hình nền,,cefrj,
disconnect,verb,science-tech,ngắt kết nối,,cefrj,
DNA,noun,science-tech,ADN,,cefrj,
download,noun,science-tech,bản tải xuống,,cefrj,
electronics,noun,science-tech,ngành điện tử,,cefrj,
energy,noun,science-tech,năng lượng,,cefrj,
evolution,noun,science-tech,sự tiến hoá,,cefrj,
experiment,verb,science-tech,thí nghiệm,,cefrj,
functionality,noun,science-tech,tính năng,,cefrj,
gravitation,noun,science-tech,lực hấp dẫn,,cefrj,
hard drive,noun,science-tech,ổ cứng,,cefrj,
hardware,noun,science-tech,phần cứng,,cefrj,
high-tech,adjective,science-tech,công nghệ cao,,cefrj,
icon,noun,science-tech,biểu tượng,,cefrj,
input,noun,science-tech,đầu vào,,cefrj,
interactive,adjective,science-tech,tương tác,,cefrj,
kerosene,noun,science-tech,dầu hoả,,cefrj,
keystroke,noun,science-tech,lần gõ phím,,cefrj,
laptop,noun,science-tech,máy tính xách tay,,cefrj,
laser,noun,science-tech,tia laser,,cefrj,
micro,noun,science-tech,vi mô; máy vi tính,,cefrj,
microbe,noun,science-tech,vi khuẩn,,cefrj,
microcomputer,noun,science-tech,máy vi tính,,cefrj,
microorganism,noun,science-tech,vi sinh vật,,cefrj,
microphone,noun,science-tech,micrô,,cefrj,
microscope,noun,science-tech,kính hiển vi,,cefrj,
microscopic,adjective,science-tech,cực nhỏ,,cefrj,
microscopy,noun,science-tech,phép soi kính hiển vi,,cefrj,
nano,noun,science-tech,na-nô,,cefrj,
netsurfer,noun,science-tech,người lướt mạng,,cefrj,
paperless,adjective,science-tech,không dùng giấy,,cefrj,
particle,noun,science-tech,hạt; tiểu từ,,cefrj,
pH,noun,science-tech,độ pH,,cefrj,
probe,noun,science-tech,tàu thăm dò; cuộc điều tra,,cefrj,
programmer,noun,science-tech,lập trình viên,,cefrj,
programming,noun,science-tech,lập trình,,cefrj,
prompt,noun,science-tech,lời nhắc,,cefrj,
radar,noun,science-tech,ra-đa,,cefrj,
radium,noun,science-tech,ra-đi,,cefrj,
refresh,noun,science-tech,làm mới (trang),,cefrj,
relativity,noun,science-tech,thuyết tương đối,,cefrj,
rocket,noun,science-tech,tên lửa,,cefrj,
scan,verb,science-tech,quét; đọc lướt,,cefrj,
solvent,noun,science-tech,dung môi,,cefrj,
spreadsheet,noun,science-tech,bảng tính,,cefrj,
sulfur,noun,science-tech,lưu huỳnh,,cefrj,
telescope,noun,science-tech,kính viễn vọng,,cefrj,
transistor,noun,science-tech,bóng bán dẫn,,cefrj,
transmission,noun,science-tech,sự truyền tải,,cefrj,
transmit,verb,science-tech,truyền tải,,cefrj,
update,noun,science-tech,bản cập nhật,,cefrj,
upgrade,noun,science-tech,sự nâng cấp,,cefrj,
user,noun,science-tech,người dùng,,cefrj,
virtual reality,noun,science-tech,thực tế ảo,,cefrj,
wire,verb,science-tech,đi dây điện,,cefrj,
zoom,noun,science-tech,sự phóng to,,cefrj,
frontier,noun,countries,biên giới,,cefrj,
Olympia,noun,countries,Olympia,,cefrj,
overseas,adjective,countries,ở nước ngoài,,cefrj,
Soviet,noun,countries,Xô viết,,cefrj,
subcontinent,noun,countries,tiểu lục địa,,cefrj,
worldwide,adjective,countries,toàn thế giới,,cefrj,
advent,noun,time,"sự ra đời, sự xuất hiện",,cefrj,
ageless,adjective,time,"không già đi, vĩnh cửu",,cefrj,
coincide,verb,time,trùng khớp,,cefrj,
contemporary,adjective,time,đương đại,,cefrj,
dawn,noun,time,bình minh,,cefrj,
daytime,noun,time,ban ngày,,cefrj,
decade,noun,time,thập kỷ,,cefrj,
everlasting,adjective,time,vĩnh cửu,,cefrj,
formerly,adverb,time,trước đây,,cefrj,
forthcoming,adjective,time,sắp tới,,cefrj,
haste,noun,time,sự vội vàng,,cefrj,
hourly,adjective,time,hằng giờ,,cefrj,
impermanent,adjective,time,vô thường,,cefrj,
last minute,noun,time,phút chót,,cefrj,
last-minute,adjective,time,vào phút chót,,cefrj,
later,adjective,time,sau này,,cefrj,
lifetime,noun,time,cuộc đời,,cefrj,
long-term,adjective,time,dài hạn,,cefrj,
medieval,adjective,time,thuộc thời trung cổ,,cefrj,
momentarily,adverb,time,trong chốc lát,,cefrj,
momentary,adjective,time,nhất thời,,cefrj,
permanence,noun,time,tính lâu dài,,cefrj,
phase,noun,time,giai đoạn,,cefrj,
precede,verb,time,đi trước,,cefrj,
prehistoric,adjective,time,thời tiền sử,,cefrj,
preindustrial,adjective,time,thời tiền công nghiệp,,cefrj,
previously,adverb,time,trước đây,,cefrj,
prior,adjective,time,trước,,cefrj,
seasonal,adjective,time,theo mùa,,cefrj,
short-term,adjective,time,ngắn hạn,,cefrj,
simultaneous,adjective,time,đồng thời,,cefrj,
since,adverb,time,từ đó,,cefrj,
span,verb,time,kéo dài (qua),,cefrj,
temporarily,adverb,time,tạm thời,,cefrj,
thereafter,adverb,time,sau đó,,cefrj,
timeless,adjective,time,vượt thời gian,,cefrj,
timeliness,noun,time,sự kịp thời,,cefrj,
timing,noun,time,thời điểm,,cefrj,
transient,adjective,time,tạm thời,,cefrj,
wait,noun,time,sự chờ đợi,,cefrj,
wartime,noun,time,thời chiến,,cefrj,
ample,adjective,numbers,dồi dào,,cefrj,
approximate,adjective,numbers,xấp xỉ,,cefrj,
armful,noun,numbers,một ôm (đầy tay),,cefrj,
billion,noun,numbers,tỷ,,cefrj,
chunk,noun,numbers,"khúc, miếng lớn",,cefrj,
dimension,noun,numbers,"kích thước, chiều",,cefrj,
division,noun,numbers,phép chia; bộ phận,,cefrj,
double,noun,numbers,gấp đôi; người đóng thế; tăng gấp đôi,,cefrj,
equal,verb,numbers,bằng,,cefrj,
estimate,noun,numbers,sự ước tính,,cefrj,
estimated,adjective,numbers,ước tính,,cefrj,
excessive,adjective,numbers,quá mức,,cefrj,
heap,noun,numbers,đống,,cefrj,
insufficient,adjective,numbers,không đủ,,cefrj,
least,pronoun,numbers,ít nhất,,cefrj,
mass,noun,numbers,khối lượng; đại chúng,,cefrj,
mean,noun,numbers,giá trị trung bình,,cefrj,
metric,adjective,numbers,thuộc hệ mét,,cefrj,
micrometer,noun,numbers,micrô-mét,,cefrj,
millimeter,noun,numbers,mi-li-mét,,cefrj,
multiple,adjective,numbers,nhiều,,cefrj,
multiply,verb,numbers,nhân; tăng lên,,cefrj,
nought,noun,numbers,số không,,cefrj,
numerical,adjective,numbers,thuộc con số,,cefrj,
ounce,noun,numbers,ao-xơ,,cefrj,
percentage,noun,numbers,tỷ lệ phần trăm,,cefrj,
pint,noun,numbers,panh (đơn vị đo),,cefrj,
plus,noun,numbers,dấu cộng; điểm cộng,,cefrj,
portion,noun,numbers,phần,,cefrj,
quantify,verb,numbers,định lượng,,cefrj,
remaining,adjective,numbers,còn lại,,cefrj,
sliver,noun,numbers,mảnh nhỏ,,cefrj,
stack,noun,numbers,"chồng, đống",,cefrj,
stockpile,noun,numbers,kho dự trữ,,cefrj,
successive,adjective,numbers,liên tiếp,,cefrj,
thickness,noun,numbers,độ dày,,cefrj,
times,preposition,numbers,nhân (lần),,cefrj,
ton,noun,numbers,tấn,,cefrj,
unlimited,adjective,numbers,không giới hạn,,cefrj,
width,noun,numbers,chiều rộng,,cefrj,
scarlet,noun,colors,màu đỏ tươi,,cefrj,
alongside,preposition,position,"bên cạnh, cùng với",,cefrj,
backward,adverb,position,về phía sau,,cefrj,
eastward,adverb,position,về phía đông,,cefrj,
external,adjective,position,bên ngoài,,cefrj,
far,adjective,position,xa,,cefrj,
glacis,noun,position,dốc thoai thoải,,cefrj,
homeward,adjective,position,trở về nhà,,cefrj,
inside,adjective,position,bên trong; phía trong,,cefrj,
midst,noun,position,giữa,,cefrj,
neighboring,adjective,position,lân cận,,cefrj,
northward,adverb,position,về phía bắc,,cefrj,
outside,adjective,position,bên ngoài,,cefrj,
proximity,noun,position,sự gần gũi,,cefrj,
rear,adjective,position,phía sau,,cefrj,
round,preposition,position,vòng quanh,,cefrj,
skyward,adverb,position,hướng lên trời,,cefrj,
southward,adverb,position,về phía nam,,cefrj,
surroundings,noun,position,môi trường xung quanh,,cefrj,
underground,adjective,position,dưới mặt đất; dưới lòng đất,,cefrj,
underneath,adverb,position,bên dưới,,cefrj,
underwater,adverb,position,dưới nước,,cefrj,
upside down,adjective,position,lộn ngược,,cefrj,
western,adjective,position,thuộc phương tây,,cefrj,
accumulate,verb,verbs,tích luỹ,,cefrj,
aim,verb,verbs,"nhắm tới, hướng tới",,cefrj,
alter,verb,verbs,thay đổi,,cefrj,
alternate,verb,verbs,"xen kẽ, luân phiên",,cefrj,
amplify,verb,verbs,khuếch đại,,cefrj,
animate,verb,verbs,làm sinh động,,cefrj,
anticipate,verb,verbs,"dự đoán, trông đợi",,cefrj,
appeal,verb,verbs,kêu gọi; hấp dẫn,,cefrj,
approach,verb,verbs,"tiếp cận, đến gần",,cefrj,
assemble,verb,verbs,lắp ráp; tập hợp,,cefrj,
assess,verb,verbs,đánh giá,,cefrj,
attribute,verb,verbs,quy cho,,cefrj,
await,verb,verbs,chờ đợi,,cefrj,
balance,verb,verbs,cân bằng,,cefrj,
bare,verb,verbs,để lộ,,cefrj,
beautify,verb,verbs,làm đẹp,,cefrj,
benefit,verb,verbs,"có lợi, hưởng lợi",,cefrj,
bestow,verb,verbs,ban tặng,,cefrj,
bind,verb,verbs,"buộc, ràng buộc",,cefrj,
blast,verb,verbs,nổ tung; phát to (nhạc),,cefrj,
blur,verb,verbs,làm mờ,,cefrj,
bolt,verb,verbs,chốt cửa; lao đi,,cefrj,
boost,verb,verbs,"thúc đẩy, tăng cường",,cefrj,
bounce,noun,verbs,sự nảy lên,,cefrj,
broaden,verb,verbs,mở rộng,,cefrj,
burden,verb,verbs,"đè nặng, làm gánh nặng",,cefrj,
bustle,verb,verbs,hối hả,,cefrj,
buzz,verb,verbs,kêu vo ve,,cefrj,
cast,verb,verbs,ném; tuyển vai,,cefrj,
cease,verb,verbs,ngừng,,cefrj,
challenge,verb,verbs,thách thức,,cefrj,
chase,verb,verbs,đuổi theo,,cefrj,
clog,verb,verbs,làm tắc,,cefrj,
collapse,verb,verbs,sụp đổ,,cefrj,
compile,verb,verbs,biên soạn,,cefrj,
compromise,verb,verbs,thoả hiệp,,cefrj,
conceal,verb,verbs,che giấu,,cefrj,
conduct,verb,verbs,tiến hành; chỉ huy,,cefrj,
confine,verb,verbs,"giam giữ, giới hạn",,cefrj,
confront,verb,verbs,đối mặt,,cefrj,
convert,verb,verbs,chuyển đổi,,cefrj,
cool,verb,verbs,làm mát,,cefrj,
cooperate,verb,verbs,hợp tác,,cefrj,
cope,verb,verbs,đối phó,,cefrj,
crack,verb,verbs,làm nứt; bẻ khoá,,cefrj,
crawl,verb,verbs,bò,,cefrj,
crystallize,verb,verbs,"kết tinh, định hình rõ",,cefrj,
dash,noun,verbs,cú lao nhanh; dấu gạch ngang,,cefrj,
decline,verb,verbs,từ chối; suy giảm,,cefrj,
deduce,verb,verbs,suy luận,,cefrj,
deem,verb,verbs,cho là,,cefrj,
defy,verb,verbs,"thách thức, bất chấp",,cefrj,
demolish,verb,verbs,phá huỷ,,cefrj,
descend,verb,verbs,đi xuống,,cefrj,
detach,verb,verbs,tháo rời,,cefrj,
detect,verb,verbs,phát hiện,,cefrj,
devote,verb,verbs,cống hiến,,cefrj,
dignify,verb,verbs,làm cho trang trọng,,cefrj,
dip,verb,verbs,nhúng,,cefrj,
discredit,verb,verbs,làm mất uy tín,,cefrj,
displace,verb,verbs,di dời,,cefrj,
disrupt,verb,verbs,làm gián đoạn,,cefrj,
distract,verb,verbs,làm xao nhãng,,cefrj,
distraction,noun,verbs,sự xao nhãng,,cefrj,
divert,verb,verbs,chuyển hướng,,cefrj,
dominate,verb,verbs,thống trị,,cefrj,
drain,verb,verbs,"rút nước, làm cạn",,cefrj,
droop,noun,verbs,sự rủ xuống,,cefrj,
ease,verb,verbs,"làm dịu, xoa dịu",,cefrj,
encounter,verb,verbs,"chạm trán, gặp phải",,cefrj,
engulf,verb,verbs,nhấn chìm,,cefrj,
enhance,verb,verbs,nâng cao,,cefrj,
equip,verb,verbs,trang bị,,cefrj,
evaluate,verb,verbs,đánh giá,,cefrj,
evolve,verb,verbs,"tiến hoá, phát triển",,cefrj,
exalt,verb,verbs,tán dương,,cefrj,
exceed,verb,verbs,vượt quá,,cefrj,
excel,verb,verbs,xuất sắc,,cefrj,
exclude,verb,verbs,loại trừ,,cefrj,
execute,verb,verbs,thi hành; xử tử,,cefrj,
explode,verb,verbs,nổ,,cefrj,
exploit,verb,verbs,khai thác; bóc lột,,cefrj,
extract,verb,verbs,chiết xuất; nhổ (răng),,cefrj,
facilitate,verb,verbs,tạo điều kiện,,cefrj,
falter,verb,verbs,"chùn bước, ấp úng",,cefrj,
familiarize,verb,verbs,làm quen,,cefrj,
feature,verb,verbs,có sự góp mặt; làm nổi bật,,cefrj,
flap,verb,verbs,vỗ (cánh),,cefrj,
flash,verb,verbs,loé sáng,,cefrj,
flee,verb,verbs,bỏ chạy,,cefrj,
flip,verb,verbs,lật,,cefrj,
flutter,noun,verbs,sự rung rinh,,cefrj,
force,verb,verbs,ép buộc,,cefrj,
foresee,verb,verbs,tiên đoán,,cefrj,
found,verb,verbs,thành lập,,cefrj,
frame,verb,verbs,đóng khung; gài bẫy,,cefrj,
free,verb,verbs,"giải phóng, thả",,cefrj,
fulfill,verb,verbs,"hoàn thành, thực hiện",,cefrj,
gaze,noun,verbs,cái nhìn chằm chằm,,cefrj,
generalize,verb,verbs,khái quát hoá,,cefrj,
glare,noun,verbs,ánh nhìn trừng trừng; ánh chói,,cefrj,
glorify,verb,verbs,tôn vinh,,cefrj,
grip,noun,verbs,sự nắm chặt,,cefrj,
hammer,verb,verbs,đóng (đinh),,cefrj,
heap,verb,verbs,chất đống,,cefrj,
hook,verb,verbs,móc vào,,cefrj,
hover,verb,verbs,bay lượn,,cefrj,
humanize,verb,verbs,nhân văn hoá,,cefrj,
identify,verb,verbs,"xác định, nhận dạng",,cefrj,
immerse,verb,verbs,đắm chìm,,cefrj,
implement,verb,verbs,thực hiện,,cefrj,
impose,verb,verbs,áp đặt,,cefrj,
inch,verb,verbs,nhích dần,,cefrj,
incur,verb,verbs,"chịu (chi phí, tổn thất)",,cefrj,
infer,verb,verbs,suy ra,,cefrj,
inflate,verb,verbs,bơm phồng; thổi phồng,,cefrj,
influence,verb,verbs,ảnh hưởng,,cefrj,
inspect,verb,verbs,kiểm tra,,cefrj,
instill,verb,verbs,"thấm nhuần, truyền dạy",,cefrj,
integrate,verb,verbs,hội nhập,,cefrj,
interfere,verb,verbs,can thiệp,,cefrj,
intrude,verb,verbs,xâm phạm,,cefrj,
invoke,verb,verbs,viện dẫn,,cefrj,
issue,verb,verbs,"ban hành, phát hành",,cefrj,
jeopardize,verb,verbs,gây nguy hiểm,,cefrj,
justify,verb,verbs,biện minh,,cefrj,
lack,verb,verbs,thiếu,,cefrj,
leak,verb,verbs,rò rỉ,,cefrj,
lean,verb,verbs,dựa vào; nghiêng,,cefrj,
leap,noun,verbs,bước nhảy vọt,,cefrj,
lengthen,verb,verbs,kéo dài,,cefrj,
level,verb,verbs,san bằng,,cefrj,
lick,verb,verbs,liếm,,cefrj,
lighten,verb,verbs,làm nhẹ bớt; làm sáng,,cefrj,
line,verb,verbs,xếp hàng; lót,,cefrj,
linger,verb,verbs,nán lại,,cefrj,
load,verb,verbs,chất (hàng),,cefrj,
lower,verb,verbs,hạ xuống,,cefrj,
magnify,verb,verbs,phóng to,,cefrj,
manipulate,verb,verbs,thao túng,,cefrj,
merge,verb,verbs,hợp nhất,,cefrj,
mess,verb,verbs,làm lộn xộn,,cefrj,
mistreat,verb,verbs,ngược đãi,,cefrj,
modernize,verb,verbs,hiện đại hoá,,cefrj,
mount,verb,verbs,leo lên; gắn,,cefrj,
muse,verb,verbs,trầm ngâm,,cefrj,
originate,verb,verbs,bắt nguồn,,cefrj,
outdistance,verb,verbs,bỏ xa,,cefrj,
outdo,verb,verbs,vượt trội hơn,,cefrj,
outgrow,verb,verbs,lớn quá (không còn vừa),,cefrj,
outlive,verb,verbs,sống lâu hơn,,cefrj,
outshine,verb,verbs,làm lu mờ,,cefrj,
overestimate,verb,verbs,đánh giá quá cao,,cefrj,
overlook,verb,verbs,bỏ qua; nhìn ra (cảnh),,cefrj,
overshadow,verb,verbs,làm lu mờ,,cefrj,
overstep,verb,verbs,vượt quá (giới hạn),,cefrj,
overturn,verb,verbs,lật ngược,,cefrj,
part,verb,verbs,chia tay; chia ra,,cefrj,
peep,noun,verbs,cái nhìn trộm,,cefrj,
penetrate,verb,verbs,xâm nhập,,cefrj,
perceive,verb,verbs,nhận thức,,cefrj,
permeate,verb,verbs,"thấm vào, lan toả",,cefrj,
persist,verb,verbs,kiên trì; dai dẳng,,cefrj,
picture,verb,verbs,hình dung,,cefrj,
pluck,verb,verbs,"nhổ, hái",,cefrj,
poison,verb,verbs,đầu độc,,cefrj,
ponder,verb,verbs,cân nhắc,,cefrj,
pop,verb,verbs,nổ bốp; ghé qua,,cefrj,
popularize,verb,verbs,phổ biến,,cefrj,
pound,verb,verbs,đập mạnh,,cefrj,
prance,noun,verbs,sự nhảy cẫng,,cefrj,
predicate,verb,verbs,dựa vào; khẳng định,,cefrj,
prejudge,verb,verbs,phán xét trước,,cefrj,
present,verb,verbs,trình bày; trao tặng,,cefrj,
prevail,verb,verbs,thịnh hành; chiếm ưu thế,,cefrj,
process,verb,verbs,xử lý,,cefrj,
progress,verb,verbs,tiến bộ,,cefrj,
project,verb,verbs,chiếu; dự đoán,,cefrj,
prompt,verb,verbs,"thúc giục, nhắc",,cefrj,
radiate,verb,verbs,toả ra,,cefrj,
range,verb,verbs,dao động trong khoảng,,cefrj,
rate,verb,verbs,"đánh giá, xếp hạng",,cefrj,
reckon,verb,verbs,cho rằng,,cefrj,
recollect,verb,verbs,hồi tưởng,,cefrj,
reconsider,verb,verbs,cân nhắc lại,,cefrj,
redo,verb,verbs,làm lại,,cefrj,
reinforce,verb,verbs,củng cố,,cefrj,
rejoin,verb,verbs,tham gia lại,,cefrj,
relieve,verb,verbs,làm giảm (đau); giải toả,,cefrj,
reorganize,verb,verbs,tổ chức lại,,cefrj,
repress,verb,verbs,"đàn áp, kìm nén",,cefrj,
resume,verb,verbs,tiếp tục,,cefrj,
retard,verb,verbs,làm chậm lại,,cefrj,
retrieve,verb,verbs,lấy lại,,cefrj,
reverse,verb,verbs,đảo ngược,,cefrj,
review,verb,verbs,xem xét lại; ôn tập,,cefrj,
revive,verb,verbs,làm sống lại,,cefrj,
revolutionize,verb,verbs,cách mạng hoá,,cefrj,
revolve,verb,verbs,xoay quanh,,cefrj,
reward,verb,verbs,thưởng,,cefrj,
rip,verb,verbs,xé rách,,cefrj,
risk,verb,verbs,"liều, mạo hiểm",,cefrj,
roam,noun,verbs,sự đi lang thang,,cefrj,
rock,verb,verbs,đung đưa,,cefrj,
roll,verb,verbs,lăn; cuộn,,cefrj,
round,verb,verbs,làm tròn; đi vòng,,cefrj,
rub,verb,verbs,chà xát,,cefrj,
safeguard,verb,verbs,bảo vệ,,cefrj,
saw,verb,verbs,cưa,,cefrj,
scramble,verb,verbs,"bò, trèo; tranh giành",,cefrj,
scratch,verb,verbs,"cào, gãi",,cefrj,
screen,verb,verbs,sàng lọc; chiếu phim,,cefrj,
select,verb,verbs,chọn,,cefrj,
sense,verb,verbs,cảm nhận,,cefrj,
separate,verb,verbs,tách ra,,cefrj,
shatter,verb,verbs,vỡ tan,,cefrj,
shell,verb,verbs,bóc vỏ; nã pháo,,cefrj,
shrink,verb,verbs,co lại,,cefrj,
skip,verb,verbs,bỏ qua; nhảy dây,,cefrj,
slam,verb,verbs,đóng sầm,,cefrj,
slap,noun,verbs,cái tát,,cefrj,
slide,verb,verbs,trượt,,cefrj,
smash,verb,verbs,đập vỡ,,cefrj,
snap,verb,verbs,bẻ gãy; chụp nhanh,,cefrj,
sneak,verb,verbs,lẻn,,cefrj,
soar,verb,verbs,bay vút lên,,cefrj,
sort,verb,verbs,"sắp xếp, phân loại",,cefrj,
spare,verb,verbs,dành ra; tha,,cefrj,
specify,verb,verbs,nêu rõ,,cefrj,
spin,verb,verbs,quay tròn,,cefrj,
split,verb,verbs,"chia, tách",,cefrj,
spot,verb,verbs,phát hiện,,cefrj,
spread,verb,verbs,lan rộng; phết,,cefrj,
squash,verb,verbs,"ép, nén",,cefrj,
squeeze,verb,verbs,"vắt, siết",,cefrj,
stagger,noun,verbs,sự lảo đảo,,cefrj,
stimulate,verb,verbs,kích thích,,cefrj,
straighten,verb,verbs,làm thẳng,,cefrj,
strain,verb,verbs,làm căng; lọc,,cefrj,
stride,verb,verbs,sải bước,,cefrj,
strip,verb,verbs,"lột, cởi",,cefrj,
strive,verb,verbs,phấn đấu,,cefrj,
stroke,verb,verbs,vuốt ve,,cefrj,
struggle,verb,verbs,"vật lộn, đấu tranh",,cefrj,
stuff,verb,verbs,nhồi,,cefrj,
subside,verb,verbs,lắng xuống,,cefrj,
substitute,verb,verbs,thay thế,,cefrj,
suck,verb,verbs,"mút, hút",,cefrj,
suppress,verb,verbs,"đàn áp, kìm nén",,cefrj,
suspend,verb,verbs,đình chỉ; treo,,cefrj,
sustain,verb,verbs,duy trì,,cefrj,
swing,verb,verbs,đung đưa,,cefrj,
tack,verb,verbs,đóng đinh bấm,,cefrj,
tackle,verb,verbs,giải quyết; cản bóng,,cefrj,
tap,verb,verbs,gõ nhẹ; vòi nước,,cefrj,
threaten,verb,verbs,đe doạ,,cefrj,
tickle,verb,verbs,cù,,cefrj,
time,verb,verbs,bấm giờ; chọn thời điểm,,cefrj,
tiptoe,verb,verbs,đi nhón chân,,cefrj,
trace,verb,verbs,truy tìm,,cefrj,
track,verb,verbs,theo dõi,,cefrj,
trail,verb,verbs,kéo lê; theo dấu,,cefrj,
trample,noun,verbs,sự giẫm đạp,,cefrj,
tread,verb,verbs,giẫm lên,,cefrj,
treat,verb,verbs,đối xử; điều trị; đãi,,cefrj,
trick,verb,verbs,lừa,,cefrj,
trip,verb,verbs,vấp,,cefrj,
tug,noun,verbs,sự kéo mạnh,,cefrj,
underestimate,verb,verbs,đánh giá thấp,,cefrj,
undertake,verb,verbs,đảm nhận,,cefrj,
untie,verb,verbs,cởi (nút thắt),,cefrj,
urge,verb,verbs,thúc giục,,cefrj,
usher,verb,verbs,dẫn (chỗ ngồi),,cefrj,
utilize,verb,verbs,sử dụng,,cefrj,
value,verb,verbs,coi trọng; định giá,,cefrj,
vanish,verb,verbs,biến mất,,cefrj,
verse,verb,verbs,"làm quen, thông thạo (well versed)",,cefrj,
vibrate,verb,verbs,rung,,cefrj,
weaken,verb,verbs,làm suy yếu,,cefrj,
widen,verb,verbs,mở rộng,,cefrj,
wind,verb,verbs,quấn; lên dây cót,,cefrj,
worsen,verb,verbs,làm tệ hơn,,cefrj,
yield,verb,verbs,mang lại; nhường,,cefrj,
abandoned,adjective,adjectives,"bị bỏ hoang, bị bỏ rơi",,cefrj,
absurd,adjective,adjectives,"vô lý, ngớ ngẩn",,cefrj,
achievable,adjective,adjectives,có thể đạt được,,cefrj,
actual,adjective,adjectives,"thực tế, thực sự",,cefrj,
adaptable,adjective,adjectives,dễ thích nghi,,cefrj,
adequate,adjective,adjectives,"đủ, thoả đáng",,cefrj,
adverse,adjective,adjectives,bất lợi,,cefrj,
anonymous,adjective,adjectives,nặc danh,,cefrj,
attached,adjective,adjectives,gắn bó; đính kèm,,cefrj,
attainable,adjective,adjectives,có thể đạt được,,cefrj,
atypical,adjective,adjectives,không điển hình,,cefrj,
authoritative,adjective,adjectives,có thẩm quyền,,cefrj,
balanced,adjective,adjectives,cân bằng,,cefrj,
beneficial,adjective,adjectives,có lợi,,cefrj,
bizarre,adjective,adjectives,kỳ quặc,,cefrj,
breakable,adjective,adjectives,dễ vỡ,,cefrj,
breathtaking,adjective,adjectives,ngoạn mục,,cefrj,
burdensome,adjective,adjectives,nặng nề,,cefrj,
bustling,adjective,adjectives,nhộn nhịp,,cefrj,
catastrophic,adjective,adjectives,thảm khốc,,cefrj,
chaotic,adjective,adjectives,hỗn loạn,,cefrj,
characteristic,adjective,adjectives,đặc trưng,,cefrj,
coarse,adjective,adjectives,thô,,cefrj,
comprehensive,adjective,adjectives,toàn diện,,cefrj,
conceivable,adjective,adjectives,có thể tưởng tượng được,,cefrj,
concrete,adjective,adjectives,cụ thể,,cefrj,
consistent,adjective,adjectives,nhất quán,,cefrj,
constant,adjective,adjectives,"liên tục, không đổi",,cefrj,
contradictory,adjective,adjectives,mâu thuẫn,,cefrj,
conventional,adjective,adjectives,"thông thường, truyền thống",,cefrj,
cooperative,adjective,adjectives,có tính hợp tác,,cefrj,
corresponding,adjective,adjectives,tương ứng,,cefrj,
crucial,adjective,adjectives,cốt yếu,,cefrj,
dated,adjective,adjectives,lỗi thời,,cefrj,
decent,adjective,adjectives,"tử tế, đàng hoàng",,cefrj,
deceptive,adjective,adjectives,dễ gây lầm tưởng,,cefrj,
decisive,adjective,adjectives,quyết đoán,,cefrj,
deep,adjective,adjectives,sâu,,cefrj,
deliberate,adjective,adjectives,cố ý; thận trọng,,cefrj,
demanding,adjective,adjectives,đòi hỏi khắt khe,,cefrj,
dense,adjective,adjectives,dày đặc,,cefrj,
dependable,adjective,adjectives,đáng tin cậy,,cefrj,
desirable,adjective,adjectives,đáng mơ ước,,cefrj,
detailed,adjective,adjectives,chi tiết,,cefrj,
dim,adjective,adjectives,mờ,,cefrj,
disorderly,adjective,adjectives,mất trật tự,,cefrj,
disorganized,adjective,adjectives,thiếu tổ chức,,cefrj,
dispensable,adjective,adjectives,không cần thiết,,cefrj,
distinguished,adjective,adjectives,"xuất sắc, lỗi lạc",,cefrj,
divided,adjective,adjectives,bị chia rẽ,,cefrj,
dreadful,adjective,adjectives,khủng khiếp,,cefrj,
dynamic,adjective,adjectives,năng động,,cefrj,
eligible,adjective,adjectives,đủ tư cách,,cefrj,
enduring,adjective,adjectives,"bền bỉ, lâu dài",,cefrj,
erect,adjective,adjectives,thẳng đứng,,cefrj,
evil,adjective,adjectives,xấu xa,,cefrj,
exceptional,adjective,adjectives,"đặc biệt, xuất chúng",,cefrj,
existing,adjective,adjectives,hiện có,,cefrj,
exotic,adjective,adjectives,"kỳ lạ, ngoại lai",,cefrj,
expected,adjective,adjectives,được mong đợi,,cefrj,
explosive,adjective,adjectives,dễ nổ,,cefrj,
exquisite,adjective,adjectives,"tinh tế, tuyệt đẹp",,cefrj,
extensive,adjective,adjectives,rộng lớn,,cefrj,
faulty,adjective,adjectives,bị lỗi,,cefrj,
fearsome,adjective,adjectives,đáng sợ,,cefrj,
fierce,adjective,adjectives,"dữ dội, hung tợn",,cefrj,
fixed,adjective,adjectives,cố định,,cefrj,
flawless,adjective,adjectives,hoàn hảo,,cefrj,
flexible,adjective,adjectives,linh hoạt,,cefrj,
fluid,adjective,adjectives,lỏng; uyển chuyển,,cefrj,
formidable,adjective,adjectives,đáng gờm,,cefrj,
foul,adjective,adjectives,hôi; phạm lỗi,,cefrj,
functional,adjective,adjectives,có chức năng,,cefrj,
fundamental,adjective,adjectives,cơ bản,,cefrj,
genuine,adjective,adjectives,"thật, chân thật",,cefrj,
gradual,adjective,adjectives,dần dần,,cefrj,
grand,adjective,adjectives,"vĩ đại, hoành tráng",,cefrj,
grim,adjective,adjectives,nghiệt ngã,,cefrj,
gross,adjective,adjectives,tổng (gộp); thô tục,,cefrj,
growing,adjective,adjectives,ngày càng tăng,,cefrj,
harmless,adjective,adjectives,vô hại,,cefrj,
hazardous,adjective,adjectives,nguy hiểm,,cefrj,
hollow,adjective,adjectives,rỗng,,cefrj,
honorable,adjective,adjectives,đáng kính,,cefrj,
hybrid,adjective,adjectives,lai,,cefrj,
identical,adjective,adjectives,giống hệt,,cefrj,
idle,adjective,adjectives,nhàn rỗi,,cefrj,
impartial,adjective,adjectives,công bằng,,cefrj,
impractical,adjective,adjectives,không thực tế,,cefrj,
improbable,adjective,adjectives,không chắc xảy ra,,cefrj,
improved,adjective,adjectives,được cải thiện,,cefrj,
inaccurate,adjective,adjectives,không chính xác,,cefrj,
inadequate,adjective,adjectives,không đủ,,cefrj,
inanimate,adjective,adjectives,vô tri vô giác,,cefrj,
inborn,adjective,adjectives,bẩm sinh,,cefrj,
indescribable,adjective,adjectives,không thể tả,,cefrj,
indispensable,adjective,adjectives,không thể thiếu,,cefrj,
ineffective,adjective,adjectives,không hiệu quả,,cefrj,
inert,adjective,adjectives,"trơ, ì",,cefrj,
influential,adjective,adjectives,có ảnh hưởng,,cefrj,
informal,adjective,adjectives,không trang trọng,,cefrj,
initial,adjective,adjectives,ban đầu,,cefrj,
innate,adjective,adjectives,bẩm sinh,,cefrj,
innovative,adjective,adjectives,"đổi mới, sáng tạo",,cefrj,
inseparable,adjective,adjectives,không thể tách rời,,cefrj,
invariable,adjective,adjectives,không thay đổi,,cefrj,
invisible,adjective,adjectives,vô hình,,cefrj,
irrational,adjective,adjectives,phi lý,,cefrj,
irresistible,adjective,adjectives,không cưỡng lại được,,cefrj,
known,adjective,adjectives,được biết đến,,cefrj,
lame,adjective,adjectives,què; nhạt nhẽo,,cefrj,
legendary,adjective,adjectives,huyền thoại,,cefrj,
lengthy,adjective,adjectives,dài dòng,,cefrj,
lifeless,adjective,adjectives,vô hồn,,cefrj,
manual,adjective,adjectives,"thủ công, bằng tay",,cefrj,
mediocre,adjective,adjectives,tầm thường,,cefrj,
mighty,adjective,adjectives,hùng mạnh,,cefrj,
miniature,adjective,adjectives,thu nhỏ,,cefrj,
misleading,adjective,adjectives,gây hiểu lầm,,cefrj,
mock,adjective,adjectives,"giả, thử (thi thử)",,cefrj,
mutable,adjective,adjectives,dễ thay đổi,,cefrj,
neat,adjective,adjectives,gọn gàng,,cefrj,
needless,adjective,adjectives,không cần thiết,,cefrj,
objective,adjective,adjectives,khách quan,,cefrj,
odd,adjective,adjectives,kỳ quặc; lẻ (số),,cefrj,
optional,adjective,adjectives,tuỳ chọn,,cefrj,
oval,adjective,adjectives,hình bầu dục,,cefrj,
overall,adjective,adjectives,tổng thể,,cefrj,
oversize,adjective,adjectives,quá khổ,,cefrj,
packed,adjective,adjectives,chật cứng,,cefrj,
particular,adjective,adjectives,"cụ thể, đặc biệt",,cefrj,
persistent,adjective,adjectives,dai dẳng,,cefrj,
petty,adjective,adjectives,vặt vãnh,,cefrj,
pointless,adjective,adjectives,vô nghĩa,,cefrj,
posh,adjective,adjectives,sang trọng,,cefrj,
potent,adjective,adjectives,có hiệu lực mạnh,,cefrj,
potential,adjective,adjectives,tiềm năng,,cefrj,
predictable,adjective,adjectives,có thể đoán trước,,cefrj,
predictive,adjective,adjectives,mang tính dự đoán,,cefrj,
preferable,adjective,adjectives,thích hơn,,cefrj,
preliminary,adjective,adjectives,sơ bộ,,cefrj,
prestigious,adjective,adjectives,danh giá,,cefrj,
pretend,adjective,adjectives,giả vờ,,cefrj,
primary,adjective,adjectives,"chính, sơ cấp",,cefrj,
prime,adjective,adjectives,"chủ yếu, hàng đầu",,cefrj,
probable,adjective,adjectives,có khả năng xảy ra,,cefrj,
prompt,adjective,adjectives,nhanh chóng; đúng giờ,,cefrj,
proposed,adjective,adjectives,được đề xuất,,cefrj,
proven,adjective,adjectives,đã được chứng minh,,cefrj,
punctual,adjective,adjectives,đúng giờ,,cefrj,
purposeful,adjective,adjectives,có mục đích,,cefrj,
queer,adjective,adjectives,kỳ quặc,,cefrj,
quit,adjective,adjectives,thoát khỏi,,cefrj,
rash,adjective,adjectives,hấp tấp,,cefrj,
recommendable,adjective,adjectives,đáng giới thiệu,,cefrj,
reflective,adjective,adjectives,phản chiếu; trầm tư,,cefrj,
related,adjective,adjectives,có liên quan,,cefrj,
relevant,adjective,adjectives,có liên quan,,cefrj,
resonant,adjective,adjectives,vang vọng,,cefrj,
respected,adjective,adjectives,được kính trọng,,cefrj,
risky,adjective,adjectives,rủi ro,,cefrj,
rosy,adjective,adjectives,hồng hào; lạc quan,,cefrj,
ruinous,adjective,adjectives,gây thiệt hại,,cefrj,
rusty,adjective,adjectives,rỉ sét,,cefrj,
satisfactory,adjective,adjectives,thoả đáng,,cefrj,
secondary,adjective,adjectives,thứ yếu; trung học,,cefrj,
shaky,adjective,adjectives,"run rẩy, lung lay",,cefrj,
slight,adjective,adjectives,"nhỏ, không đáng kể",,cefrj,
sloppy,adjective,adjectives,cẩu thả,,cefrj,
soaked,adjective,adjectives,ướt sũng,,cefrj,
soaking,adjective,adjectives,ướt đẫm,,cefrj,
so-called,adjective,adjectives,cái gọi là,,cefrj,
sophisticated,adjective,adjectives,"tinh vi, sành điệu",,cefrj,
sound,adjective,adjectives,"vững chắc, lành mạnh",,cefrj,
spare,adjective,adjectives,"dư, dự phòng",,cefrj,
standard,adjective,adjectives,tiêu chuẩn,,cefrj,
standby,adjective,adjectives,dự phòng,,cefrj,
steely,adjective,adjectives,cứng rắn,,cefrj,
stiff,adjective,adjectives,cứng,,cefrj,
straightforward,adjective,adjectives,"đơn giản, thẳng thắn",,cefrj,
striking,adjective,adjectives,nổi bật,,cefrj,
subtle,adjective,adjectives,tinh tế,,cefrj,
swift,adjective,adjectives,nhanh chóng,,cefrj,
symbolic,adjective,adjectives,tượng trưng,,cefrj,
technical,adjective,adjectives,thuộc kỹ thuật,,cefrj,
tough,adjective,adjectives,khó khăn; cứng rắn,,cefrj,
transparent,adjective,adjectives,trong suốt,,cefrj,
tricky,adjective,adjectives,"khó, rắc rối",,cefrj,
trivial,adjective,adjectives,tầm thường,,cefrj,
troublesome,adjective,adjectives,phiền phức,,cefrj,
trusty,adjective,adjectives,đáng tin,,cefrj,
turbulent,adjective,adjectives,hỗn loạn,,cefrj,
twisted,adjective,adjectives,bị xoắn; méo mó,,cefrj,
ultimate,adjective,adjectives,"tối thượng, cuối cùng",,cefrj,
unacceptable,adjective,adjectives,không thể chấp nhận,,cefrj,
unavailable,adjective,adjectives,không có sẵn,,cefrj,
unaware,adjective,adjectives,không biết,,cefrj,
unbearable,adjective,adjectives,không thể chịu đựng,,cefrj,
unbeatable,adjective,adjectives,"vô địch, không thể đánh bại",,cefrj,
unchanged,adjective,adjectives,không thay đổi,,cefrj,
uncharacteristic,adjective,adjectives,khác thường (với tính cách),,cefrj,
uncommon,adjective,adjectives,không phổ biến,,cefrj,
understandable,adjective,adjectives,dễ hiểu,,cefrj,
undreamed,adjective,adjectives,không ngờ tới,,cefrj,
uneven,adjective,adjectives,không đều,,cefrj,
unfamiliar,adjective,adjectives,không quen thuộc,,cefrj,
unforeseen,adjective,adjectives,không lường trước,,cefrj,
unhelpful,adjective,adjectives,không giúp ích,,cefrj,
unimaginable,adjective,adjectives,không thể tưởng tượng,,cefrj,
universal,adjective,adjectives,phổ quát,,cefrj,
unmistakable,adjective,adjectives,không thể nhầm lẫn,,cefrj,
unnatural,adjective,adjectives,không tự nhiên,,cefrj,
unofficial,adjective,adjectives,không chính thức,,cefrj,
unpopular,adjective,adjectives,không được ưa chuộng,,cefrj,
unrealistic,adjective,adjectives,không thực tế,,cefrj,
unreasonable,adjective,adjectives,vô lý,,cefrj,
unreliable,adjective,adjectives,không đáng tin cậy,,cefrj,
unsafe,adjective,adjectives,không an toàn,,cefrj,
unsatisfactory,adjective,adjectives,không đạt yêu cầu,,cefrj,
unstoppable,adjective,adjectives,không thể ngăn cản,,cefrj,
unsuccessful,adjective,adjectives,không thành công,,cefrj,
unsuitable,adjective,adjectives,không phù hợp,,cefrj,
untreated,adjective,adjectives,không được xử lý,,cefrj,
untrimmed,adjective,adjectives,không cắt tỉa,,cefrj,
unwise,adjective,adjectives,không khôn ngoan,,cefrj,
upright,adjective,adjectives,thẳng đứng; ngay thẳng,,cefrj,
vacant,adjective,adjectives,"trống, bỏ không",,cefrj,
valid,adjective,adjectives,hợp lệ,,cefrj,
varied,adjective,adjectives,đa dạng,,cefrj,
very,adjective,adjectives,"chính (là), đúng",,cefrj,
vigorous,adjective,adjectives,mạnh mẽ,,cefrj,
vital,adjective,adjectives,thiết yếu,,cefrj,
well-balanced,adjective,adjectives,cân bằng,,cefrj,
well-organized,adjective,adjectives,có tổ chức tốt,,cefrj,
wondrous,adjective,adjectives,kỳ diệu,,cefrj,
worse,noun,adjectives,điều tệ hơn,,cefrj,
worthless,adjective,adjectives,vô giá trị,,cefrj,
abnormally,adverb,adverbs,bất thường,,cefrj,
abruptly,adverb,adverbs,đột ngột,,cefrj,
actively,adverb,adverbs,tích cực,,cefrj,
adequately,adverb,adverbs,"đầy đủ, thoả đáng",,cefrj,
admiringly,adverb,adverbs,một cách ngưỡng mộ,,cefrj,
admittedly,adverb,adverbs,phải thừa nhận rằng,,cefrj,
adversely,adverb,adverbs,một cách bất lợi,,cefrj,
affectionately,adverb,adverbs,trìu mến,,cefrj,
aggressively,adverb,adverbs,hung hăng,,cefrj,
amazingly,adverb,adverbs,đáng kinh ngạc,,cefrj,
appropriately,adverb,adverbs,một cách thích hợp,,cefrj,
artificially,adverb,adverbs,một cách nhân tạo,,cefrj,
attentively,adverb,adverbs,chăm chú,,cefrj,
bitterly,adverb,adverbs,cay đắng,,cefrj,
blindly,adverb,adverbs,mù quáng,,cefrj,
bloody,adverb,adverbs,cực kỳ (lóng),,cefrj,
brilliantly,adverb,adverbs,"rực rỡ, xuất sắc",,cefrj,
broadly,adverb,adverbs,nói chung,,cefrj,
calmly,adverb,adverbs,bình tĩnh,,cefrj,
casually,adverb,adverbs,"tình cờ, bình thường",,cefrj,
cheerfully,adverb,adverbs,vui vẻ,,cefrj,
comfortably,adverb,adverbs,thoải mái,,cefrj,
confidently,adverb,adverbs,tự tin,,cefrj,
considerably,adverb,adverbs,đáng kể,,cefrj,
conveniently,adverb,adverbs,thuận tiện,,cefrj,
creatively,adverb,adverbs,sáng tạo,,cefrj,
critically,adverb,adverbs,nghiêm trọng; phê phán,,cefrj,
crossly,adverb,adverbs,cáu kỉnh,,cefrj,
cruelly,adverb,adverbs,tàn nhẫn,,cefrj,
culturally,adverb,adverbs,về mặt văn hoá,,cefrj,
damn,adverb,adverbs,cực kỳ (lóng),,cefrj,
dearly,adverb,adverbs,tha thiết,,cefrj,
deliberately,adverb,adverbs,cố ý,,cefrj,
delicately,adverb,adverbs,tinh tế,,cefrj,
densely,adverb,adverbs,dày đặc,,cefrj,
desperately,adverb,adverbs,tuyệt vọng,,cefrj,
doubly,adverb,adverbs,gấp đôi,,cefrj,
dramatically,adverb,adverbs,"đáng kể, đột ngột",,cefrj,
eagerly,adverb,adverbs,háo hức,,cefrj,
ecologically,adverb,adverbs,về mặt sinh thái,,cefrj,
effectively,adverb,adverbs,hiệu quả,,cefrj,
electronically,adverb,adverbs,bằng điện tử,,cefrj,
elegantly,adverb,adverbs,thanh lịch,,cefrj,
emphatically,adverb,adverbs,dứt khoát,,cefrj,
endlessly,adverb,adverbs,không ngừng,,cefrj,
enthusiastically,adverb,adverbs,nhiệt tình,,cefrj,
environmentally,adverb,adverbs,về mặt môi trường,,cefrj,
essentially,adverb,adverbs,về cơ bản,,cefrj,
eternally,adverb,adverbs,mãi mãi,,cefrj,
evidently,adverb,adverbs,rõ ràng,,cefrj,
exceptionally,adverb,adverbs,đặc biệt,,cefrj,
exclusively,adverb,adverbs,độc quyền,,cefrj,
extraordinarily,adverb,adverbs,phi thường,,cefrj,
fantastically,adverb,adverbs,tuyệt vời,,cefrj,
financially,adverb,adverbs,về mặt tài chính,,cefrj,
fine,adverb,adverbs,"ổn, tốt",,cefrj,
finely,adverb,adverbs,tinh tế; nhỏ mịn,,cefrj,
flat,adverb,adverbs,nằm sõng soài; đúng (thời gian),,cefrj,
flexibly,adverb,adverbs,linh hoạt,,cefrj,
fondly,adverb,adverbs,trìu mến,,cefrj,
foolishly,adverb,adverbs,dại dột,,cefrj,
forcefully,adverb,adverbs,mạnh mẽ,,cefrj,
frankly,adverb,adverbs,thẳng thắn,,cefrj,
frantically,adverb,adverbs,điên cuồng,,cefrj,
furiously,adverb,adverbs,giận dữ,,cefrj,
generously,adverb,adverbs,hào phóng,,cefrj,
gently,adverb,adverbs,nhẹ nhàng,,cefrj,
genuinely,adverb,adverbs,thật sự,,cefrj,
globally,adverb,adverbs,trên toàn cầu,,cefrj,
graphically,adverb,adverbs,bằng hình ảnh,,cefrj,
hastily,adverb,adverbs,vội vàng,,cefrj,
hugely,adverb,adverbs,rất lớn,,cefrj,
ideally,adverb,adverbs,lý tưởng nhất là,,cefrj,
impatiently,adverb,adverbs,sốt ruột,,cefrj,
impolitely,adverb,adverbs,bất lịch sự,,cefrj,
improperly,adverb,adverbs,không đúng cách,,cefrj,
independently,adverb,adverbs,độc lập,,cefrj,
innocently,adverb,adverbs,ngây thơ,,cefrj,
instantly,adverb,adverbs,ngay lập tức,,cefrj,
invariably,adverb,adverbs,lúc nào cũng,,cefrj,
invitingly,adverb,adverbs,"hấp dẫn, mời gọi",,cefrj,
ironically,adverb,adverbs,trớ trêu thay,,cefrj,
irresistibly,adverb,adverbs,không cưỡng lại được,,cefrj,
jealously,adverb,adverbs,ghen tuông,,cefrj,
knowingly,adverb,adverbs,cố ý,,cefrj,
leisurely,adverb,adverbs,thong thả,,cefrj,
literally,adverb,adverbs,"theo nghĩa đen, thật sự",,cefrj,
loosely,adverb,adverbs,lỏng lẻo,,cefrj,
morally,adverb,adverbs,về mặt đạo đức,,cefrj,
narrowly,adverb,adverbs,suýt soát,,cefrj,
necessarily,adverb,adverbs,nhất thiết,,cefrj,
negatively,adverb,adverbs,tiêu cực,,cefrj,
nervously,adverb,adverbs,lo lắng,,cefrj,
nicely,adverb,adverbs,"tốt, đẹp",,cefrj,
offhand,adverb,adverbs,"ngẫu hứng, tuỳ tiện",,cefrj,
openly,adverb,adverbs,công khai,,cefrj,
originally,adverb,adverbs,ban đầu,,cefrj,
outwardly,adverb,adverbs,bề ngoài,,cefrj,
overall,adverb,adverbs,nhìn chung,,cefrj,
overly,adverb,adverbs,quá mức,,cefrj,
passionately,adverb,adverbs,say mê,,cefrj,
patiently,adverb,adverbs,kiên nhẫn,,cefrj,
peacefully,adverb,adverbs,yên bình,,cefrj,
politically,adverb,adverbs,về mặt chính trị,,cefrj,
potentially,adverb,adverbs,có khả năng,,cefrj,
powerfully,adverb,adverbs,mạnh mẽ,,cefrj,
practically,adverb,adverbs,hầu như; một cách thực tế,,cefrj,
precisely,adverb,adverbs,chính xác,,cefrj,
preferably,adverb,adverbs,tốt hơn là,,cefrj,
presumably,adverb,adverbs,có lẽ,,cefrj,
privately,adverb,adverbs,riêng tư,,cefrj,
promptly,adverb,adverbs,ngay lập tức,,cefrj,
proudly,adverb,adverbs,tự hào,,cefrj,
psychologically,adverb,adverbs,về mặt tâm lý,,cefrj,
radically,adverb,adverbs,triệt để,,cefrj,
readily,adverb,adverbs,sẵn sàng; dễ dàng,,cefrj,
reasonably,adverb,adverbs,hợp lý,,cefrj,
regrettably,adverb,adverbs,đáng tiếc là,,cefrj,
remarkably,adverb,adverbs,đáng chú ý,,cefrj,
respectably,adverb,adverbs,đáng kính,,cefrj,
rightly,adverb,adverbs,đúng đắn,,cefrj,
scarcely,adverb,adverbs,hầu như không,,cefrj,
scientifically,adverb,adverbs,một cách khoa học,,cefrj,
seldom,adverb,adverbs,hiếm khi,,cefrj,
separately,adverb,adverbs,riêng biệt,,cefrj,
sharp,adverb,adverbs,đúng (giờ),,cefrj,
sharply,adverb,adverbs,"mạnh, đột ngột",,cefrj,
significantly,adverb,adverbs,đáng kể,,cefrj,
skillfully,adverb,adverbs,khéo léo,,cefrj,
solo,adverb,adverbs,một mình,,cefrj,
somewhat,adverb,adverbs,"hơi, phần nào",,cefrj,
specifically,adverb,adverbs,cụ thể,,cefrj,
strictly,adverb,adverbs,nghiêm khắc,,cefrj,
stubbornly,adverb,adverbs,bướng bỉnh,,cefrj,
sufficiently,adverb,adverbs,đầy đủ,,cefrj,
suitably,adverb,adverbs,phù hợp,,cefrj,
suspiciously,adverb,adverbs,đáng ngờ,,cefrj,
technically,adverb,adverbs,về mặt kỹ thuật,,cefrj,
tenderly,adverb,adverbs,dịu dàng,,cefrj,
that,adverb,adverbs,đến mức đó,,cefrj,
thickly,adverb,adverbs,dày đặc,,cefrj,
thoroughly,adverb,adverbs,kỹ lưỡng,,cefrj,
tight,adverb,adverbs,chặt,,cefrj,
tremendously,adverb,adverbs,vô cùng,,cefrj,
ultimately,adverb,adverbs,cuối cùng,,cefrj,
unashamedly,adverb,adverbs,không hề xấu hổ,,cefrj,
unclearly,adverb,adverbs,không rõ ràng,,cefrj,
uncomfortably,adverb,adverbs,khó chịu,,cefrj,
undoubtedly,adverb,adverbs,chắc chắn,,cefrj,
uneasily,adverb,adverbs,lo lắng,,cefrj,
unimaginably,adverb,adverbs,không thể tưởng tượng,,cefrj,
unjustly,adverb,adverbs,bất công,,cefrj,
unmistakably,adverb,adverbs,không thể nhầm lẫn,,cefrj,
unthinkably,adverb,adverbs,không thể tưởng tượng,,cefrj,
upright,adverb,adverbs,thẳng đứng,,cefrj,
urgently,adverb,adverbs,khẩn cấp,,cefrj,
utterly,adverb,adverbs,hoàn toàn,,cefrj,
verbally,adverb,adverbs,bằng lời,,cefrj,
vigorously,adverb,adverbs,mạnh mẽ,,cefrj,
virtually,adverb,adverbs,hầu như,,cefrj,
visibly,adverb,adverbs,rõ ràng,,cefrj,
weakly,adverb,adverbs,yếu ớt,,cefrj,
willingly,adverb,adverbs,sẵn lòng,,cefrj,
wordlessly,adverb,adverbs,không nói một lời,,cefrj,
worst,adverb,adverbs,tệ nhất,,cefrj,
wrongly,adverb,adverbs,sai,,cefrj,
accordingly,adverb,function-words,"theo đó, do đó",,cefrj,
additionally,adverb,function-words,thêm vào đó,,cefrj,
alternatively,adverb,function-words,"ngoài ra, hoặc là",,cefrj,
amongst,preposition,function-words,"giữa, trong số",,cefrj,
concerning,preposition,function-words,liên quan đến,,cefrj,
considering,conjunction,function-words,"xét rằng; xét về, xét đến",,cefrj,
conversely,adverb,function-words,ngược lại,,cefrj,
firstly,adverb,function-words,thứ nhất là,,cefrj,
following,preposition,function-words,"sau, tiếp theo",,cefrj,
lastly,adverb,function-words,cuối cùng là,,cefrj,
latter,adjective,function-words,cái sau,,cefrj,
lest,conjunction,function-words,"e rằng, kẻo",,cefrj,
likewise,adverb,function-words,tương tự như vậy,,cefrj,
neither,adverb,function-words,cũng không; không … cũng không; không cái nào (trong hai); không ai (trong hai),,cefrj,
next,pronoun,function-words,người/cái tiếp theo,,cefrj,
now,conjunction,function-words,"giờ thì, vì giờ đây",,cefrj,
once,conjunction,function-words,một khi,,cefrj,
owing to,preposition,function-words,"do, bởi vì",,cefrj,
regardless,adverb,function-words,bất kể,,cefrj,
secondly,adverb,function-words,thứ hai là,,cefrj,
thirdly,adverb,function-words,thứ ba là,,cefrj,
though,adverb,function-words,tuy nhiên,,cefrj,
unlike,preposition,function-words,không giống,,cefrj,
unto,preposition,function-words,cho đến; tới (cổ),,cefrj,
versus,preposition,function-words,đấu với,,cefrj,
whereas,conjunction,function-words,trong khi (đối lập),,cefrj,
whichever,pronoun,function-words,bất cứ cái nào,,cefrj,
accessibility,noun,ideas,khả năng tiếp cận,,cefrj,
adjustment,noun,ideas,sự điều chỉnh,,cefrj,
advance,noun,ideas,sự tiến bộ; tiền ứng trước,,cefrj,
advancement,noun,ideas,sự thăng tiến,,cefrj,
adversity,noun,ideas,nghịch cảnh,,cefrj,
analogy,noun,ideas,"sự tương tự, phép loại suy",,cefrj,
assumption,noun,ideas,giả định,,cefrj,
assurance,noun,ideas,sự đảm bảo,,cefrj,
attainment,noun,ideas,"sự đạt được, thành tựu",,cefrj,
attribute,noun,ideas,thuộc tính,,cefrj,
availability,noun,ideas,tính sẵn có,,cefrj,
barrier,noun,ideas,rào cản,,cefrj,
beam,noun,ideas,tia sáng; xà nhà,,cefrj,
bearing,noun,ideas,sự liên quan; phương hướng,,cefrj,
blast,noun,ideas,vụ nổ; luồng gió mạnh,,cefrj,
boost,noun,ideas,sự thúc đẩy,,cefrj,
breakdown,noun,ideas,sự hỏng hóc; sự suy sụp,,cefrj,
buzz,noun,ideas,tiếng vo ve; sự xôn xao,,cefrj,
capability,noun,ideas,khả năng,,cefrj,
cardboard,noun,ideas,bìa các-tông,,cefrj,
categorization,noun,ideas,sự phân loại,,cefrj,
cause,noun,ideas,nguyên nhân,,cefrj,
circumstance,noun,ideas,hoàn cảnh,,cefrj,
classification,noun,ideas,sự phân loại,,cefrj,
clearness,noun,ideas,sự rõ ràng,,cefrj,
closure,noun,ideas,sự đóng cửa,,cefrj,
coincidence,noun,ideas,sự trùng hợp,,cefrj,
completion,noun,ideas,sự hoàn thành,,cefrj,
complexity,noun,ideas,sự phức tạp,,cefrj,
conception,noun,ideas,quan niệm; sự thụ thai,,cefrj,
cone,noun,ideas,hình nón,,cefrj,
contradiction,noun,ideas,sự mâu thuẫn,,cefrj,
conversion,noun,ideas,sự chuyển đổi,,cefrj,
cooperation,noun,ideas,sự hợp tác,,cefrj,
core,noun,ideas,"lõi, cốt lõi",,cefrj,
cornerstone,noun,ideas,nền tảng,,cefrj,
correctness,noun,ideas,sự đúng đắn,,cefrj,
crack,noun,ideas,vết nứt,,cefrj,
creation,noun,ideas,sự sáng tạo; tác phẩm,,cefrj,
culmination,noun,ideas,đỉnh điểm,,cefrj,
deduction,noun,ideas,sự suy luận; khoản khấu trừ,,cefrj,
defeat,noun,ideas,sự thất bại,,cefrj,
destiny,noun,ideas,số phận,,cefrj,
dilemma,noun,ideas,tình thế khó xử,,cefrj,
disappearance,noun,ideas,sự biến mất,,cefrj,
distortion,noun,ideas,sự bóp méo,,cefrj,
doom,noun,ideas,sự diệt vong,,cefrj,
downfall,noun,ideas,sự sụp đổ,,cefrj,
duplication,noun,ideas,sự trùng lặp,,cefrj,
effectiveness,noun,ideas,tính hiệu quả,,cefrj,
emergence,noun,ideas,sự nổi lên,,cefrj,
endeavor,noun,ideas,nỗ lực,,cefrj,
exactness,noun,ideas,sự chính xác,,cefrj,
exception,noun,ideas,ngoại lệ,,cefrj,
exclusion,noun,ideas,sự loại trừ,,cefrj,
expansion,noun,ideas,sự mở rộng,,cefrj,
extension,noun,ideas,sự mở rộng; số máy lẻ,,cefrj,
factor,noun,ideas,yếu tố,,cefrj,
fame,noun,ideas,danh tiếng,,cefrj,
fate,noun,ideas,số phận,,cefrj,
feat,noun,ideas,kỳ công,,cefrj,
flash,noun,ideas,"tia chớp, ánh loé",,cefrj,
flaw,noun,ideas,khuyết điểm,,cefrj,
flexibility,noun,ideas,tính linh hoạt,,cefrj,
focus,noun,ideas,tiêu điểm,,cefrj,
formation,noun,ideas,sự hình thành,,cefrj,
generalization,noun,ideas,sự khái quát hoá,,cefrj,
gleam,noun,ideas,tia sáng le lói,,cefrj,
glow,noun,ideas,ánh sáng rực,,cefrj,
good,noun,ideas,điều tốt; lợi ích,,cefrj,
grasp,noun,ideas,sự nắm bắt,,cefrj,
greatness,noun,ideas,sự vĩ đại,,cefrj,
guideline,noun,ideas,"hướng dẫn, nguyên tắc chỉ đạo",,cefrj,
hang,noun,ideas,sự hiểu cách làm (get the hang),,cefrj,
harm,noun,ideas,sự tổn hại,,cefrj,
highlight,noun,ideas,điểm nổi bật,,cefrj,
identification,noun,ideas,sự nhận dạng,,cefrj,
ignorance,noun,ideas,sự thiếu hiểu biết,,cefrj,
imitation,noun,ideas,sự bắt chước; đồ giả,,cefrj,
implication,noun,ideas,hàm ý,,cefrj,
impossibility,noun,ideas,điều không thể,,cefrj,
inference,noun,ideas,sự suy luận,,cefrj,
initiative,noun,ideas,sáng kiến,,cefrj,
innovation,noun,ideas,sự đổi mới,,cefrj,
instinct,noun,ideas,bản năng,,cefrj,
involvement,noun,ideas,sự tham gia,,cefrj,
leak,noun,ideas,chỗ rò rỉ,,cefrj,
margin,noun,ideas,lề; biên độ,,cefrj,
mastery,noun,ideas,sự thành thạo,,cefrj,
means,noun,ideas,"phương tiện, cách thức",,cefrj,
misconception,noun,ideas,quan niệm sai lầm,,cefrj,
misfortune,noun,ideas,sự bất hạnh,,cefrj,
mobility,noun,ideas,tính di động,,cefrj,
modernization,noun,ideas,sự hiện đại hoá,,cefrj,
modification,noun,ideas,sự sửa đổi,,cefrj,
motion,noun,ideas,chuyển động; kiến nghị,,cefrj,
mutability,noun,ideas,tính dễ thay đổi,,cefrj,
necessity,noun,ideas,sự cần thiết,,cefrj,
need,noun,ideas,nhu cầu,,cefrj,
neglect,noun,ideas,sự sao nhãng,,cefrj,
novelty,noun,ideas,sự mới lạ,,cefrj,
original,noun,ideas,bản gốc,,cefrj,
originality,noun,ideas,tính độc đáo,,cefrj,
outcome,noun,ideas,kết quả,,cefrj,
outline,noun,ideas,"đề cương, phác thảo",,cefrj,
outlook,noun,ideas,triển vọng; quan điểm,,cefrj,
overlap,noun,ideas,sự chồng chéo,,cefrj,
panel,noun,ideas,bảng; hội đồng,,cefrj,
paradox,noun,ideas,nghịch lý,,cefrj,
participation,noun,ideas,sự tham gia,,cefrj,
perception,noun,ideas,nhận thức,,cefrj,
perspective,noun,ideas,góc nhìn,,cefrj,
point of view,noun,ideas,quan điểm,,cefrj,
popularity,noun,ideas,sự nổi tiếng,,cefrj,
practicality,noun,ideas,tính thực tế,,cefrj,
predicament,noun,ideas,tình thế khó khăn,,cefrj,
predictor,noun,ideas,yếu tố dự báo,,cefrj,
prestige,noun,ideas,uy tín,,cefrj,
priority,noun,ideas,sự ưu tiên,,cefrj,
procedure,noun,ideas,"thủ tục, quy trình",,cefrj,
projection,noun,ideas,sự chiếu; dự báo,,cefrj,
prominence,noun,ideas,sự nổi bật,,cefrj,
prospect,noun,ideas,triển vọng,,cefrj,
provision,noun,ideas,sự cung cấp; điều khoản,,cefrj,
punctuality,noun,ideas,sự đúng giờ,,cefrj,
pursuit,noun,ideas,sự theo đuổi,,cefrj,
quiet,noun,ideas,sự yên tĩnh,,cefrj,
rattle,noun,ideas,tiếng lạch cạch,,cefrj,
ravage,noun,ideas,sự tàn phá,,cefrj,
reaction,noun,ideas,phản ứng,,cefrj,
realization,noun,ideas,sự nhận ra; sự thực hiện,,cefrj,
recognition,noun,ideas,sự công nhận,,cefrj,
recollection,noun,ideas,sự hồi tưởng,,cefrj,
regard,noun,ideas,sự quan tâm; lời hỏi thăm,,cefrj,
reinforcement,noun,ideas,sự củng cố,,cefrj,
rejection,noun,ideas,sự từ chối,,cefrj,
remains,noun,ideas,phần còn lại; di hài,,cefrj,
repetition,noun,ideas,sự lặp lại,,cefrj,
replacement,noun,ideas,sự thay thế,,cefrj,
replica,noun,ideas,bản sao,,cefrj,
resistance,noun,ideas,sự kháng cự,,cefrj,
resolution,noun,ideas,nghị quyết; độ phân giải,,cefrj,
revelation,noun,ideas,sự tiết lộ,,cefrj,
revival,noun,ideas,sự hồi sinh,,cefrj,
rim,noun,ideas,vành,,cefrj,
rubble,noun,ideas,đống đổ nát,,cefrj,
sag,noun,ideas,sự võng xuống,,cefrj,
scheme,noun,ideas,kế hoạch; âm mưu,,cefrj,
segment,noun,ideas,"đoạn, phần",,cefrj,
setback,noun,ideas,"sự thất bại, trở ngại",,cefrj,
shortness,noun,ideas,sự ngắn ngủi,,cefrj,
simplification,noun,ideas,sự đơn giản hoá,,cefrj,
softness,noun,ideas,sự mềm mại,,cefrj,
solidity,noun,ideas,sự vững chắc,,cefrj,
splash,noun,ideas,tiếng tõm; vết bắn,,cefrj,
splatter,noun,ideas,vết văng,,cefrj,
spur,noun,ideas,sự thúc đẩy,,cefrj,
stability,noun,ideas,sự ổn định,,cefrj,
standstill,noun,ideas,sự bế tắc,,cefrj,
stimulation,noun,ideas,sự kích thích,,cefrj,
strand,noun,ideas,sợi; mạch (câu chuyện),,cefrj,
subdivision,noun,ideas,sự chia nhỏ; khu nhà,,cefrj,
substance,noun,ideas,chất,,cefrj,
surge,noun,ideas,sự dâng trào,,cefrj,
theme,noun,ideas,chủ đề,,cefrj,
trait,noun,ideas,đặc điểm,,cefrj,
transfer,noun,ideas,sự chuyển giao,,cefrj,
transition,noun,ideas,sự chuyển tiếp,,cefrj,
understanding,noun,ideas,sự hiểu biết,,cefrj,
unusualness,noun,ideas,sự khác thường,,cefrj,
variation,noun,ideas,sự biến đổi,,cefrj,
version,noun,ideas,phiên bản,,cefrj,
vibration,noun,ideas,sự rung động,,cefrj,
want,noun,ideas,sự thiếu; nhu cầu,,cefrj,
will,noun,ideas,ý chí; di chúc,,cefrj,
worldview,noun,ideas,thế giới quan,,cefrj,
