text,romanization,pos,category,meaning_vi,meaning_en,hanja,source,note
감사하다,gamsahada,adjective,greetings,"biết ơn, mang ơn","thankful, grateful",感謝,krdict,
계시다,gyesida,verb,greetings,"ở, có (kính ngữ của 있다)","be, stay (honorific)",,krdict,
고맙다,gomapda,adjective,greetings,"cảm ơn, biết ơn","thankful, grateful",,krdict,
그래,geurae,interjection,greetings,"vậy nhé, đúng vậy, vậy đấy","okay, sure",,krdict,
그럼,geureom,interjection,greetings,"tất nhiên rồi, chứ còn gì nữa",of course,,krdict,
네,ne,interjection,greetings,"vâng, dạ","yes, yes sir, yes ma'am",,krdict,
뭐,mwo,interjection,greetings,"cái gì, sao, hả","what, oh my goodness, oh my gosh",,krdict,
미안하다,mianhada,adjective,greetings,áy náy,"regrettable, sorry",未安,krdict,
반갑다,bangapda,adjective,greetings,"hân hoan, vui sướng, hân hạnh","glad, joyful",,krdict,
실례,sillye,noun,greetings,"thất lễ, hành động thất lễ, lời nói thất lễ","rudeness, impoliteness",失禮,krdict,
실례하다,sillyehada,verb,greetings,thất lễ,"commit a breach of etiquette, commit a discourtesy",失禮,krdict,
아,a,interjection,greetings,"a, ô, ôi","oh, ah",,krdict,
아뇨,anyo,interjection,greetings,"thưa không, không ạ","no, no sir, no ma'am",,krdict,
아니야,aniya,interjection,greetings,"không, không phải","no, no way, absolutely not",,krdict,
아니요,aniyo,interjection,greetings,"không, không phải","no, no sir, no ma'am",,krdict,
아야,aya,interjection,greetings,ái ái! ai da!,"ouch, ow",,krdict,
안녕,annyeong,interjection,greetings,"chào (bạn, em…)","hello, hi, good-bye",安寧,krdict,
안녕하다,annyeonghada,adjective,greetings,"bình an, khoẻ (dùng khi chào hỏi)","peaceful, calm",安寧,krdict,
안녕히,annyeonghi,adverb,greetings,bình an (안녕히 가세요: đi bình an),in peace,安寧,krdict,
야,ya,interjection,greetings,"ồ, chao ôi","wow, yay",,krdict,
어,eo,interjection,greetings,"ớ, ối, á","oh no, what, huh",,krdict,
어디,eodi,interjection,greetings,"nào, để xem nào","well, let me see",,krdict,
여보세요,yeoboseyo,interjection,greetings,alô (nghe điện thoại); này (gọi người),"hello (on the phone), hey",,krdict,
예,ye,interjection,greetings,"dạ, vâng","yes sir, yes ma'am",,krdict,
와,wa,interjection,greetings,"ồ, à, ôi chao","wow, ooh",,krdict,
우아,ua,interjection,greetings,"oa, ua","wow, yay, whooppee",,krdict,
우와,uwa,interjection,greetings,"ồ, ôi",wow,,krdict,
으응,eueung,interjection,greetings,"hử, ừ","mhm, uh-huh, yes",,krdict,
음,eum,interjection,greetings,ừ,"mhm, uh-huh",,krdict,
응,eung,interjection,greetings,"ừ, ơi",yes,,krdict,
인사,insa,noun,greetings,chào hỏi,greetings,人事,krdict,
인사말,insamal,noun,greetings,lời chào,"greetings, words of greeting",人事,krdict,
인사하다,insahada,verb,greetings,chào hỏi,"greet, salute",人事,krdict,
좋아,joa,interjection,greetings,"được, tốt",okay,,krdict,
죄송하다,joesonghada,adjective,greetings,"xin lỗi, cảm thấy có lỗi",sorry,罪悚,krdict,
참,cham,interjection,greetings,à,aha,,krdict,
축하,chuka,noun,greetings,chúc mừng,"congratulations, celebration",祝賀,krdict,
축하하다,chukahada,verb,greetings,"chúc mừng, chúc","congratulate, celebrate",祝賀,krdict,
파이팅,paiting,interjection,greetings,cố lên,Go,,krdict,
환영,hwanyeong,noun,greetings,"hoan nghênh, nghênh tiếp",welcome,歡迎,krdict,
환영하다,hwanyeonghada,verb,greetings,"chào mừng, hoan nghênh","welcome, greet",歡迎,krdict,
후,hu,interjection,greetings,phù (thở ra),phew,,krdict,
게스트,geseuteu,noun,people,khách mời,guest,,krdict,
관광객,gwangwanggaek,noun,people,"khách tham quan, khách du lịch",tourist,觀光客,krdict,
나이,nai,noun,people,tuổi,age,,krdict,
날씬하다,nalssinhada,adjective,people,"mảnh mai, thon thả","slender, svelte",,krdict,
남,nam,noun,people,người khác,"others, another person",,krdict,
남녀,namnyeo,noun,people,nam nữ,man and woman,男女,krdict,
남성,namseong,noun,people,"nam giới, đàn ông",male,男性,krdict,
남자,namja,noun,people,nam giới,"man, male",男子,krdict,
남자아이,namjaai,noun,people,bé trai,"son, boy",男子,krdict,
남자 친구,namja chingu,noun,people,bạn trai,boyfriend,男子親舊,krdict,
노인,noin,noun,people,"người cao tuổi, người già","old person, the aged, senior citizen",老人,krdict,
뚱뚱하다,ttungttunghada,adjective,people,"béo, mập","fat, corpulent",,krdict,
마르다,mareuda,verb,people,gầy; khô,be thin; dry up,,krdict,
못생기다,motsaenggida,verb,people,"xấu xí, khó nhìn","ugly-looking, homely",,krdict,
배우,baeu,noun,people,diễn viên,"actor, actress",俳優,krdict,
부자,buja,noun,people,"người giàu, người giàu có","the rich, the wealthy",富者,krdict,
사람,saram,noun,people,con người,"human, man",,krdict,
서로,seoro,noun,people,"nhau, lẫn nhau","each other, one another",,krdict,
서로서로,seoroseoro,noun,people,"qua lại, lẫn nhau","each other, one another",,krdict,
선배,seonbae,noun,people,"đàn anh, đàn chị, người đi trước","senior, veteran",先輩,krdict,
성,seong,noun,people,họ (tên họ),"surname, family name",姓,krdict,
성함,seongham,noun,people,quý danh (kính ngữ của tên),name,姓銜,krdict,
손님,sonnim,noun,people,vị khách,"visitor, caller, guest",,krdict,
스타,seuta,noun,people,"ngôi sao, minh tinh",star,,krdict,
아가씨,agassi,noun,people,cô gái,"young lady, Miss",,krdict,
아기,agi,noun,people,"trẻ sơ sinh, trẻ nhỏ",baby,,krdict,
아름답다,areumdapda,adjective,people,"đẹp, hay","beautiful, pretty",,krdict,
아이,ai,noun,people,"trẻ em, trẻ nhỏ, đứa trẻ","child, kid",,krdict,
아저씨,ajeossi,noun,people,"bác, chú, cậu",uncle,,krdict,
아주머니,ajumeoni,noun,people,"cô, dì",aunt,,krdict,
아줌마,ajumma,noun,people,"dì, cô","auntie, aunty, lady",,krdict,
안내인,annaein,noun,people,người hướng dẫn,"guide, docent, receptionist",案內人,krdict,
애,ae,noun,people,trẻ con,"child, kid",,krdict,
애인,aein,noun,people,người yêu,"lover, one's beloved",愛人,krdict,
어른,eoreun,noun,people,người lớn,adult,,krdict,
어리다,eorida,adjective,people,"nhỏ tuổi, ít tuổi, trẻ",young,,krdict,
어린아이,eorinai,noun,people,"trẻ nhỏ, trẻ con","child, kid",,krdict,
어린이,eorini,noun,people,trẻ em,"children, kids",,krdict,
여성,yeoseong,noun,people,"phụ nữ, giới nữ",woman,女性,krdict,
여자,yeoja,noun,people,"con gái, phụ nữ",woman,女子,krdict,
여자아이,yeojaai,noun,people,bé gái,"daughter, girl",女子,krdict,
여자 친구,yeoja chingu,noun,people,bạn gái,girl friend,女子親舊,krdict,
연세,yeonse,noun,people,tuổi (kính ngữ),age,年歲,krdict,
연예인,yeonyein,noun,people,nghệ sĩ,entertainer,演藝人,krdict,
영화배우,yeonghwabaeu,noun,people,diễn viên điện ảnh,"film actor, movie actress",映畫俳優,krdict,
예쁘다,yeppeuda,adjective,people,"xinh đẹp, xinh xắn","pretty, beautiful, comely",,krdict,
외국인,oegugin,noun,people,"người ngoại quốc, người nước ngoài",foreigner,外國人,krdict,
음악가,eumakga,noun,people,"nhạc sĩ, nhà hoạt động âm nhạc",musician,音樂家,krdict,
이름,ireum,noun,people,"tên, tên gọi",name,,krdict,
이웃,iut,noun,people,láng giềng,neighbor,,krdict,
잘생기다,jalsaenggida,verb,people,"ưa nhìn, bắt mắt","good-looking, handsome, comely",,krdict,
젊다,jeomda,adjective,people,trẻ,young,,krdict,
청년,cheongnyeon,noun,people,thanh niên,"young person, youth",靑年,krdict,
청소년,cheongsonyeon,noun,people,thanh thiếu niên,teenager,靑少年,krdict,
친구,chingu,noun,people,bạn,friend,親舊,krdict,
친하다,chinhada,adjective,people,"thân, thân thiết",close,親,krdict,
헤어지다,heeojida,verb,people,"chia tay, ly biệt","part, bid farewell, say good-bye",,krdict,
화가,hwaga,noun,people,hoạ sĩ,"painter, artist",畫家,krdict,
회원,hoewon,noun,people,hội viên,member,會員,krdict,
후배,hubae,noun,people,"hậu bối, người sau, thế hệ sau",junior,後輩,krdict,
가장,gajang,noun,family,người chủ gia đình,head of a household,家長,krdict,
가족,gajok,noun,family,gia đình,family,家族,krdict,
가족사진,gajoksajin,noun,family,hình ảnh gia đình,family photo,家族寫眞,krdict,
결혼,gyeolhon,noun,family,kết hôn,"marriage, wedding, union",結婚,krdict,
결혼사진,gyeolhonsajin,noun,family,"hình cưới, ảnh cưới",wedding picture,結婚寫眞,krdict,
결혼식,gyeolhonsik,noun,family,"lễ cưới, tiệc cưới",wedding,結婚式,krdict,
결혼하다,gyeolhonhada,verb,family,"kết hôn, thành hôn, lập gia đình",marry,結婚,krdict,
고모,gomo,noun,family,cô,paternal aunt,姑母,krdict,
고모부,gomobu,noun,family,"dượng, bác",uncle by marriage,姑母夫,krdict,
남동생,namdongsaeng,noun,family,em trai,younger brother,男,krdict,
남편,nampyeon,noun,family,chồng,husband,男便,krdict,
누나,nuna,noun,family,chị,elder sister,,krdict,
돌잔치,doljanchi,noun,family,lễ thôi nôi,doljanchi,,krdict,
동생,dongsaeng,noun,family,em,"brother, sister",,krdict,
딸,ttal,noun,family,"con gái, đứa con gái",daughter,,krdict,
부모님,bumonim,noun,family,"phụ mẫu, bố mẹ",parents,父母,krdict,
부부,bubu,noun,family,"phu thê, vợ chồng","couple, married couple",夫婦,krdict,
부인,buin,noun,family,phu nhân,wife,夫人,krdict,
삼촌,samchon,noun,family,chú,"uncle, paternal uncle",三寸,krdict,
생신,saengsin,noun,family,ngày sinh nhật,birthday,生辰,krdict,
생일,saengil,noun,family,sinh nhật,birthday,生日,krdict,
손녀,sonnyeo,noun,family,"cháu gái (nội, ngoại)",granddaughter,孫女,krdict,
손자,sonja,noun,family,"cháu (nội, ngoại) trai",grandson,孫子,krdict,
숙모,sungmo,noun,family,thím,aunt,叔母,krdict,
시아버지,siabeoji,noun,family,"cha chồng, bố chồng",father-in-law,媤,krdict,
시어머니,sieomeoni,noun,family,mẹ chồng,mother-in-law,媤,krdict,
식구,sikgu,noun,family,"người nhà, thành viên gia đình",family member,食口,krdict,
신랑,sillang,noun,family,"chú rể, chú rể mới",bridegroom,新郞,krdict,
신부,sinbu,noun,family,"cô dâu, cô dâu mới",bride,新婦,krdict,
아내,anae,noun,family,vợ,wife,,krdict,
아들,adeul,noun,family,con trai,son,,krdict,
아버님,abeonim,noun,family,"bố, ba","father, male parent",,krdict,
아버지,abeoji,noun,family,"cha, ba, bố","father, male parent",,krdict,
아빠,appa,noun,family,ba,"dad, daddy",,krdict,
어머니,eomeoni,noun,family,"người mẹ, mẹ",mother,,krdict,
어머님,eomeonim,noun,family,"mẹ, má","mother, female parent",,krdict,
언니,eonni,noun,family,"chị, chị gái",older sister,,krdict,
엄마,eomma,noun,family,"mẹ, má",mom,,krdict,
여동생,yeodongsaeng,noun,family,em gái,younger sister,女,krdict,
오빠,oppa,noun,family,anh,elder brother,,krdict,
이모,imo,noun,family,dì,aunt,姨母,krdict,
이모부,imobu,noun,family,dượng,uncle,姨母夫,krdict,
자식,jasik,noun,family,"con, con cái","child, kid",子息,krdict,
작은누나,jageunnuna,noun,family,chị gái thứ,second older sister,,krdict,
작은아버지,jageunabeoji,noun,family,chú,uncle,,krdict,
작은어머니,jageuneomeoni,noun,family,thím,aunt,,krdict,
작은언니,jageuneonni,noun,family,chị gái thứ (đối với em gái),second older sister,,krdict,
작은엄마,jageuneomma,noun,family,"cô, thím",aunt,,krdict,
작은오빠,jageunoppa,noun,family,"anh thứ, anh trai thứ (đối với em gái)",second elder brother,,krdict,
작은형,jageunhyeong,noun,family,"anh thứ, anh trai thứ (đối với em trai)",second older brother,兄,krdict,
조카,joka,noun,family,cháu,"nephew, niece",,krdict,
추석날,chuseongnal,noun,family,ngày Tết Trung Thu,Chuseongnal,秋夕,krdict,
친척,chincheok,noun,family,bà con,relative,親戚,krdict,
큰누나,keunnuna,noun,family,chị cả,eldest sister,,krdict,
큰아버지,keunabeoji,noun,family,bác cả,uncle,,krdict,
큰어머니,keuneomeoni,noun,family,bác cả,aunt,,krdict,
큰언니,keuneonni,noun,family,"chị cả, chị lớn",eldest sister,,krdict,
큰오빠,keunoppa,noun,family,"anh cả, anh lớn",eldest brother,,krdict,
큰형,keunhyeong,noun,family,"anh cả, anh lớn",eldest brother,兄,krdict,
할머니,halmeoni,noun,family,"bà nội, bà","grandmother, granny",,krdict,
할아버지,harabeoji,noun,family,"ông nội, ông","grandfather, grandpa",,krdict,
형,hyeong,noun,family,anh,older brother,兄,krdict,
형제,hyeongje,noun,family,"huynh đệ, anh em trai",brothers,兄弟,krdict,
가루약,garuyak,noun,body-health,thuốc bột,powder medicine,藥,krdict,
가슴,gaseum,noun,body-health,ngực,chest,,krdict,
감기,gamgi,noun,body-health,bệnh cảm,cold,感氣,krdict,
감기약,gamgiyak,noun,body-health,thuốc cảm,cold medicine,感氣藥,krdict,
건강,geongang,noun,body-health,"khỏe mạnh, sức khỏe","health, wellbeing",健康,krdict,
건강 관리,geongang gwanri,noun,body-health,quản lý sức khoẻ,"health care, health management",健康管理,krdict,
건강하다,geonganghada,adjective,body-health,"khỏe mạnh, khỏe khoắn","healthy, strong",健康,krdict,
걸리다,geollida,verb,body-health,"mắc (bệnh), bị (cảm)",catch (a cold),,krdict,
검사,geomsa,noun,body-health,kiểm tra,"examination, inspection",檢査,krdict,
고개,gogae,noun,body-health,"cổ, gáy",head,,krdict,
고치다,gochida,verb,body-health,sửa,"repair, mend",,krdict,
고프다,gopeuda,adjective,body-health,đói bụng,hungry,,krdict,
귀,gwi,noun,body-health,tai,ear,,krdict,
기침,gichim,noun,body-health,ho,cough,,krdict,
기침감기,gichimgamgi,noun,body-health,"cảm viêm họng, cảm ho",chest cold,感氣,krdict,
기침하다,gichimhada,verb,body-health,ho,cough,,krdict,
나다,nada,verb,body-health,"phát ra, nổi lên (sốt, mụn…); mọc ra","come out, break out",,krdict,
낫다,natda,verb,body-health,khỏi,"recover, get well",,krdict,
내과,naegwa,noun,body-health,"khoa nội, bệnh viện nội khoa",internal department,內科,krdict,
냄새,naemsae,noun,body-health,mùi,"smell, scent, odor",,krdict,
눈,nun,noun,body-health,mắt,eye,,krdict,
눈물,nunmul,noun,body-health,nước mắt,tear,,krdict,
눈병,nunbyeong,noun,body-health,"bệnh mắt, chứng đau mắt",eye disease,病,krdict,
늙다,neukda,verb,body-health,"già, luống tuổi, cao tuổi","become old, age",,krdict,
다리,dari,noun,body-health,chân,leg,,krdict,
다치다,dachida,verb,body-health,"bị thương, trầy",be injured,,krdict,
독감,dokgam,noun,body-health,"cảm cúm, cảm độc","flu, influenza",毒感,krdict,
두통,dutong,noun,body-health,đau đầu,headache,頭痛,krdict,
등,deung,noun,body-health,lưng,back,,krdict,
땀,ttam,noun,body-health,mồ hôi,sweat,,krdict,
링거,ringgeo,noun,body-health,dịch truyền,intravenous drip,,krdict,
머리,meori,noun,body-health,"đầu, thủ",head,,krdict,
머리카락,meorikarak,noun,body-health,sợi tóc,hair,,krdict,
모기약,mogiyak,noun,body-health,"thuốc diệt muỗi, thuốc trừ muỗi",mosquito repellent,藥,krdict,
목,mok,noun,body-health,cổ,neck,,krdict,
목감기,mokgamgi,noun,body-health,cảm viêm họng,sore throat,感氣,krdict,
목소리,moksori,noun,body-health,"giọng nói, tiếng nói",voice,,krdict,
몸,mom,noun,body-health,"cơ thể, thân thể",body,,krdict,
몸살,momsal,noun,body-health,chứng đau nhức toàn thân,body aching all over,,krdict,
몸살감기,momsalgamgi,noun,body-health,cảm đau nhức toàn thân,cold from fatigue,感氣,krdict,
무릎,mureup,noun,body-health,đầu gối,knee,,krdict,
물약,mullyak,noun,body-health,thuốc nước,liquid medicine,藥,krdict,
바르다,bareuda,verb,body-health,"bôi, thoa","apply, spread",,krdict,
발,bal,noun,body-health,bàn chân,foot,,krdict,
발가락,balgarak,noun,body-health,ngón chân,toe,,krdict,
발바닥,balbadak,noun,body-health,lòng bàn chân,sole,,krdict,
배,bae,noun,body-health,bụng,"abdomen, belly",,krdict,
배탈,baetal,noun,body-health,rối loạn tiêu hóa,"stomachache, upset stomach, stomach upset",頉,krdict,
밴드,baendeu,noun,body-health,băng dán cá nhân,adhesive bandage,,krdict,
병,byeong,noun,body-health,"bệnh, bệnh tật",disease,病,krdict,
병원,byeongwon,noun,body-health,bệnh viện,"hospital, clinic",病院,krdict,
살,sal,noun,body-health,"thịt (người, động vật)","flesh, weight",,krdict,
상처,sangcheo,noun,body-health,vết thương,"wound, scar, injury",傷處,krdict,
설사병,seolsabyeong,noun,body-health,bệnh tiêu chảy,diarrhea,泄瀉病,krdict,
소화제,sohwaje,noun,body-health,thuốc tiêu hoá,digestive medicine,消化劑,krdict,
손,son,noun,body-health,bàn tay,hand,,krdict,
손가락,songarak,noun,body-health,ngón tay,finger,,krdict,
손바닥,sonbadak,noun,body-health,"lòng bàn tay, gan bàn tay",palm,,krdict,
수술,susul,noun,body-health,phẫu thuật,"surgery, operation",手術,krdict,
수술하다,susulhada,verb,body-health,phẫu thuật,operate,手術,krdict,
스트레스,seuteureseu,noun,body-health,"ức chế thần kinh, căng thẳng thần kinh",stress,,krdict,
식중독,sikjungdok,noun,body-health,"ngộ độc thực phẩm, ngộ độc thức ăn",food poisoning,食中毒,krdict,
아프다,apeuda,adjective,body-health,đau,"hurting, aching",,krdict,
알약,allyak,noun,body-health,thuốc viên,"pill, tablet",藥,krdict,
약,yak,noun,body-health,thuốc,"medicine, medication, pill",藥,krdict,
약국,yakguk,noun,body-health,"nhà thuốc, tiệm thuốc",pharmacy,藥局,krdict,
약하다,yakada,adjective,body-health,yếu,weak,弱,krdict,
어깨,eokkae,noun,body-health,vai,shoulder,,krdict,
얼굴,eolgul,noun,body-health,mặt,face,,krdict,
엄지발가락,eomjibalgarak,noun,body-health,ngón chân cái,big toe,,krdict,
엄지손톱,eomjisontop,noun,body-health,móng tay ngón cái,thumbnail,,krdict,
엉덩이,eongdeongi,noun,body-health,"mông, đít","butt, buttocks",,krdict,
열,yeol,noun,body-health,"nhiệt, bị sốt",fever,熱,krdict,
열나다,yeollada,verb,body-health,"sốt, bị sốt","develop a fever, become feverish, run a fever",熱,krdict,
오른손,oreunson,noun,body-health,tay phải,right hand,,krdict,
왼손,oenson,noun,body-health,tay trái,left hand,,krdict,
이,i,noun,body-health,răng,tooth,,krdict,
이마,ima,noun,body-health,trán,forehead,,krdict,
입,ip,noun,body-health,miệng,mouth,,krdict,
입술,ipsul,noun,body-health,môi,lips,,krdict,
입원,ibwon,noun,body-health,nhập viện,hospitalization,入院,krdict,
입원하다,ibwonhada,verb,body-health,nhập viện,be hospitalized,入院,krdict,
재채기,jaechaegi,noun,body-health,"hắt hơi, hắt xì",sneeze,,krdict,
졸다,jolda,verb,body-health,"gà gật buồn ngủ, díp mắt buồn ngủ","nod, doze off",,krdict,
주사,jusa,noun,body-health,tiêm,injection,注射,krdict,
주사하다,jusahada,verb,body-health,"tiêm, chích",inject,注射,krdict,
찌다,jjida,verb,body-health,"béo ra, mập ra",gain weight,,krdict,
치과,chigwa,noun,body-health,"nha khoa, bệnh viện nha khoa","dental surgery, dentistry, dentist’s office",齒科,krdict,
치료,chiryo,noun,body-health,"chữa trị, điều trị","cure, treatment",治療,krdict,
치료되다,chiryodoeda,verb,body-health,"được chữa trị, được điều trị","be treated, be cured, recover",治療,krdict,
치료하다,chiryohada,verb,body-health,"điều trị, chữa trị","treat, cure",治療,krdict,
코,ko,noun,body-health,mũi,nose,,krdict,
코감기,kogamgi,noun,body-health,cảm sổ mũi,sinus cold,感氣,krdict,
콧물,konmul,noun,body-health,nước mũi,nasal discharge,,krdict,
키,ki,noun,body-health,chiều cao,height,,krdict,
퇴원,toewon,noun,body-health,"xuất viện, ra viện","leaving the hospital, being discharged from the hospital",退院,krdict,
퇴원하다,toewonhada,verb,body-health,"xuất viện, ra viện","leave the hospital, be discharged from the hospital",退院,krdict,
튼튼하다,teunteunhada,adjective,body-health,"rắn chắc, vững chắc",strong,,krdict,
팔,pal,noun,body-health,cánh tay,arm,,krdict,
편찮다,pyeonchanta,adjective,body-health,"ốm, không khoẻ (kính ngữ)",be unwell (honorific),便,krdict,
피,pi,noun,body-health,"máu, huyết",blood,,krdict,
피 검사,pi geomsa,noun,body-health,xét nghiệm máu,blood test,檢査,krdict,
피곤,pigon,noun,body-health,"mệt mỏi, mệt nhọc","tiredness, exhaustion, fatigue",疲困,krdict,
피곤하다,pigonhada,adjective,body-health,"mệt mỏi, mệt nhọc","tired, exhausted, fatigued",疲困,krdict,
허리,heori,noun,body-health,"eo, chỗ thắt lưng",waist,,krdict,
혀,hyeo,noun,body-health,lưỡi,tongue,,krdict,
환자,hwanja,noun,body-health,"bệnh nhân, người bệnh","patient, sick person",患者,krdict,
힘,him,noun,body-health,"sức, sức lực","strength, power",,krdict,
감사,gamsa,noun,feelings,cảm tạ,"gratitude, appreciation, thanks",感謝,krdict,
걱정,geokjeong,noun,feelings,nỗi lo,"worry, concern, care",,krdict,
걱정되다,geokjeongdoeda,verb,feelings,trở nên lo lắng,"be worried, be concerned",,krdict,
걱정하다,geokjeonghada,verb,feelings,"lo lắng, lo ngại, lo sợ","worry, be worried, be concerned",,krdict,
게으르다,geeureuda,adjective,feelings,lười biếng,lazy,,krdict,
관심,gwansim,noun,feelings,mối quan tâm,"interest, attention",關心,krdict,
괜찮다,gwaenchanta,adjective,feelings,được,"nice, fine",,krdict,
귀여워하다,gwiyeowohada,verb,feelings,"yêu quý, yêu mến","love, make a pet of, be affectionate to",,krdict,
귀엽다,gwiyeopda,adjective,feelings,dễ thương,"cute, adorable, sweet",,krdict,
귀찮다,gwichanta,adjective,feelings,"phiền phức, bực mình",feel annoyed,,krdict,
그립다,geuripda,adjective,feelings,"mong nhớ, nhớ nhung",miss,,krdict,
기분,gibun,noun,feelings,tâm trạng,"mood, feelings",氣分,krdict,
기뻐하다,gippeohada,verb,feelings,"vui mừng, vui sướng","be glad, be happy",,krdict,
기쁘다,gippeuda,adjective,feelings,vui,"happy, glad",,krdict,
기쁨,gippeum,noun,feelings,niềm vui,joy,,krdict,
긴장,ginjang,noun,feelings,căng thẳng,"nervousness, tension",緊張,krdict,
긴장되다,ginjangdoeda,verb,feelings,bị căng thẳng,"be nervous, be strained",緊張,krdict,
긴장하다,ginjanghada,verb,feelings,căng thẳng,"be nervous, tense up, be strained",緊張,krdict,
놀라다,nollada,verb,feelings,"giật mình, ngỡ ngàng, hết hồn","be surprised, be astonished, be shocked",,krdict,
느끼다,neukkida,verb,feelings,cảm thấy,feel,,krdict,
느낌,neukkim,noun,feelings,"cảm giác, cảm nhận","feeling, sense, impression",,krdict,
답답하다,dapdapada,adjective,feelings,ngột ngạt,"stifling, suffocating",,krdict,
무섭다,museopda,adjective,feelings,sợ,"fearful, scared of",,krdict,
미안,mian,noun,feelings,"ngại ngùng, có lỗi, ái ngại",being sorry,未安,krdict,
부끄럽다,bukkeureopda,adjective,feelings,"ngượng nghịu, thẹn thùng",shy,,krdict,
부럽다,bureopda,adjective,feelings,"ghen tị, ganh tị, thèm muốn",envious of,,krdict,
부지런하다,bujireonhada,adjective,feelings,"siêng, siêng năng","diligent, industrious",,krdict,
분위기,bunwigi,noun,feelings,"bầu không khí, không khí (của nơi chốn)",mood,雰圍氣,krdict,
불쌍하다,bulssanghada,adjective,feelings,"đáng thương, tội nghiệp","pitiful, pathetic",,krdict,
불안,buran,noun,feelings,bất an,"uneasiness, anxiety",不安,krdict,
불안하다,buranhada,adjective,feelings,bất an,"uneasy, anxious",不安,krdict,
사랑,sarang,noun,feelings,tình yêu,love,,krdict,
사랑하다,saranghada,verb,feelings,yêu,love,,krdict,
섭섭하다,seopseopada,adjective,feelings,"thất vọng, ê chề","sorry, regrettable",,krdict,
성격,seonggyeok,noun,feelings,"tính cách, tính nết","personality, character",性格,krdict,
소중하다,sojunghada,adjective,feelings,quý báu,valuable,所重,krdict,
슬퍼하다,seulpeohada,verb,feelings,đau buồn,be sad,,krdict,
슬프다,seulpeuda,adjective,feelings,"buồn, buồn bã, buồn rầu",sad,,krdict,
슬픔,seulpeum,noun,feelings,"nỗi buồn, nỗi buồn khổ, nỗi đau buồn","sadness, sorrow",,krdict,
싫다,silta,adjective,feelings,"không ưa, không thích","disgusting, distasteful, having no taste for",,krdict,
싫어지다,sireojida,verb,feelings,"trở nên không thích, trở nên không ưa","become disgusted with, get sick of",,krdict,
싫어하다,sireohada,verb,feelings,ghét,"hate, dislike",,krdict,
심심하다,simsimhada,adjective,feelings,"buồn chán, tẻ nhạt",bored,,krdict,
안되다,andoeda,verb,feelings,"không được, không ổn; tội nghiệp","fail, not go well, be unlucky",,krdict,
외롭다,oeropda,adjective,feelings,"cô độc, đơn độc","lonely, solitary",,krdict,
울음,ureum,noun,feelings,khóc,crying,,krdict,
웃음,useum,noun,feelings,"tiếng cười, nụ cười","smile, laughter",,krdict,
자랑,jarang,noun,feelings,"ngợi khen, niềm tự hào, khoe khoang","boast, brag, showing off",,krdict,
자랑하다,jaranghada,verb,feelings,"khoe mẽ, khoe khoang, khoe","boast, brag, make a boast of",,krdict,
재미,jaemi,noun,feelings,thú vị,"fun, interest",,krdict,
재미없다,jaemieopda,adjective,feelings,"tẻ nhạt, vô vị",not interesting,,krdict,
재미있다,jaemiitda,adjective,feelings,thú vị,interesting,,krdict,
재밌다,jaemitda,adjective,feelings,thú vị,interesting,,krdict,
조심,josim,noun,feelings,"cẩn thận, cẩn trọng, thận trọng","caution, carefulness",操心,krdict,
조심하다,josimhada,verb,feelings,"thận trọng, cẩn thận",practice caution,操心,krdict,
좋다,jota,adjective,feelings,"tốt, ngon, hay","good, great, excellent",,krdict,
좋아하다,joahada,verb,feelings,thích,like,,krdict,
즐거워하다,jeulgeowohada,verb,feelings,"vui vẻ, hứng khởi","be pleased, be delighted",,krdict,
즐겁다,jeulgeopda,adjective,feelings,vui vẻ,"joyful, pleasant",,krdict,
지루하다,jiruhada,adjective,feelings,buồn chán,"boring, tedious",,krdict,
짜증,jjajeung,noun,feelings,"nổi giận, nổi khùng, bực tức","irritation, annoyance",,krdict,
착하다,chakada,adjective,feelings,"hiền từ, hiền hậu, ngoan hiền","kind, generous",,krdict,
친절,chinjeol,noun,feelings,"tử tế, niềm nở","kindness, hospitality",親切,krdict,
친절하다,chinjeolhada,adjective,feelings,"tử tế, niềm nở","kind, hospitable",親切,krdict,
태도,taedo,noun,feelings,thái độ,attitude,態度,krdict,
편안,pyeonan,noun,feelings,"bình an, thanh thản","comfort, ease",便安,krdict,
편안하다,pyeonanhada,adjective,feelings,"bình an, thanh thản","comfortable, being at ease",便安,krdict,
편하다,pyeonhada,adjective,feelings,thoải mái,"comfortable, easy, peaceful",便,krdict,
행복,haengbok,noun,feelings,"hạnh phúc, niềm hạnh phúc","blessing, luck, fortune",幸福,krdict,
화,hwa,noun,feelings,giận dữ,"anger, fury",火,krdict,
화나다,hwanada,verb,feelings,giận,"get angry, be furious, be enraged",火,krdict,
화내다,hwanaeda,verb,feelings,nổi giận,"get angry with, be mad at",火,krdict,
희망,huimang,noun,feelings,hi vọng,hope,希望,krdict,
가지,gaji,noun,food,"quả cà tím, cây cà tím",eggplant,,krdict,
간식,gansik,noun,food,"thức ăn giữa buổi, thức ăn nhẹ",snack,間食,krdict,
간장,ganjang,noun,food,"Ganjang, nước tương, xì dầu",soy sauce,醬,krdict,
갈비,galbi,noun,food,"sườn, món sườn",galbi,,krdict,
감,gam,noun,food,quả hồng,persimmon,,krdict,
감자,gamja,noun,food,khoai tây,potato,,krdict,
강냉이,gangnaengi,noun,food,"ngô, bắp","corn, ear of corn",,krdict,
검정콩,geomjeongkong,noun,food,"đỗ đen, đậu đen",black bean,,krdict,
계란,gyeran,noun,food,trứng gà,egg,鷄卵,krdict,
고구마,goguma,noun,food,khoai lang,"sweet potato, yam",,krdict,
고기,gogi,noun,food,thịt,meat,,krdict,
고추,gochu,noun,food,"quả ớt, trái ớt","red pepper, hot pepper",,krdict,
고추장,gochujang,noun,food,"Gochujang, tương ớt","gochujang, red chili paste",醬,krdict,
과일,gwail,noun,food,"trái cây, hoa quả",fruit,,krdict,
과일주,gwailju,noun,food,"rượu trái cây, rượu hoa quả",fruit wine,酒,krdict,
과자,gwaja,noun,food,"bánh ngọt, bánh quy",snack,菓子,krdict,
국,guk,noun,food,"canh, món canh","guk, soup",,krdict,
국수,guksu,noun,food,mì,noodle,,krdict,
굽다,gupda,verb,food,nướng,"bake, roast, grill",,krdict,
귤,gyul,noun,food,quả quýt,"tangerine, mandarin orange",橘,krdict,
그릇,geureut,noun,food,"chén, bát, tô","bowl, dish, container",,krdict,
기름,gireum,noun,food,dầu,"oil, fat",,krdict,
김,gim,noun,food,"Kim, lá kim, rong biển khô","gim, dried laver seaweed",,krdict,
김치,gimchi,noun,food,kimchi,kimchi,,krdict,
껌,kkeom,noun,food,kẹo cao su,chewing gum,,krdict,
끓다,kkeulta,verb,food,sôi,boil,,krdict,
끓이다,kkeurida,verb,food,"đun sôi, nấu sôi",boil,,krdict,
냄비,naembi,noun,food,cái nồi,sauce pan,,krdict,
녹차,nokcha,noun,food,"trà xanh, nước trà xanh",green tea,綠,krdict,
달걀,dalgyal,noun,food,trứng gà,hen's egg,,krdict,
달다,dalda,adjective,food,ngọt,sweet,,krdict,
닭고기,dakgogi,noun,food,thịt gà,chicken,,krdict,
당근,danggeun,noun,food,củ cà rốt,carrot,,krdict,
돼지고기,dwaejigogi,noun,food,"thịt lợn, thịt heo",pork,,krdict,
된장,doenjang,noun,food,"Doenjang, đậu tương lên men","doenjang, soybean paste",醬,krdict,
두부,dubu,noun,food,"đậu hũ, đậu phụ",tofu,豆腐,krdict,
딸기,ttalgi,noun,food,dâu tây,strawberry,,krdict,
떡,tteok,noun,food,bánh Tteok,"tteok, rice cake",,krdict,
라면,ramyeon,noun,food,"mỳ ăn liền, mỳ tôm","ramen, instant noodles",,krdict,
레몬,remon,noun,food,"trái chanh, quả chanh",lemon,,krdict,
레스토랑,reseutorang,noun,food,nhà hàng (kiểu Âu),restaurant,,krdict,
마시다,masida,verb,food,uống,drink,,krdict,
막걸리,makgeolli,noun,food,makgeolli,"makgeolli, unrefined rice wine",,krdict,
맛,mat,noun,food,vị,taste,,krdict,
맛없다,madeopda,adjective,food,không ngon,"ill-tasting, unsavory",,krdict,
맛있다,maditda,adjective,food,"ngon, có vị","tasty, delicious",,krdict,
망고,manggo,noun,food,quả xoài,mango,,krdict,
맥주,maekju,noun,food,bia,beer,麥酒,krdict,
맥주병,maekjubyeong,noun,food,chai bia,beer bottle,麥酒甁,krdict,
맵다,maepda,adjective,food,cay,"spicy, hot",,krdict,
먹다,meokda,verb,food,ăn,"eat, have, consume",,krdict,
메뉴,menyu,noun,food,thực đơn,menu,,krdict,
멜론,mellon,noun,food,quả dưa lưới,melon,,krdict,
무,mu,noun,food,cây củ cải,radish,,krdict,
물,mul,noun,food,nước,water,,krdict,
물병,mulbyeong,noun,food,"bình nước, chai nước, lọ nước","water bottle, carafe",甁,krdict,
밀가루,milgaru,noun,food,bột lúa mì,wheat flour,,krdict,
바나나,banana,noun,food,quả chuối,banana,,krdict,
반찬,banchan,noun,food,"món ăn kèm, thức ăn phụ",side dish,飯饌,krdict,
밥,bap,noun,food,cơm,"steamed rice, rice",,krdict,
배,bae,noun,food,quả lê,pear,,krdict,
배추,baechu,noun,food,cải thảo,kimchi cabbage,,krdict,
버거,beogeo,noun,food,bánh mì hamburger,burger,,krdict,
복숭아,boksunga,noun,food,quả đào,peach,,krdict,
볶다,bokda,verb,food,xào,stir-fry,,krdict,
부르다,bureuda,adjective,food,no (bụng),full,,krdict,
부엌,bueok,noun,food,"bếp, gian bếp",kitchen,,krdict,
분식,bunsik,noun,food,món bột,flour-based food,粉食,krdict,
분식집,bunsikjip,noun,food,"bunsikjip, quán bán món bột","bunsikjip, snack bar",粉食,krdict,
블루베리,beulluberi,noun,food,quả việt quất,blueberry,,krdict,
빵,ppang,noun,food,bánh mì,bread,,krdict,
빵집,ppangjip,noun,food,cửa hàng bánh mỳ,bakery,,krdict,
사과,sagwa,noun,food,quả táo,apple,沙果砂果,krdict,
사이다,saida,noun,food,nước cider,soda pop,,krdict,
사탕,satang,noun,food,kẹo,candy,沙糖砂糖,krdict,
삼,sam,noun,food,sâm,ginseng,蔘,krdict,
삼겹살,samgyeopsal,noun,food,"samgyeopsal, thịt ba chỉ","samgyeopsal, grilled pork belly",三,krdict,
상추,sangchu,noun,food,rau xà lách,lettuce,,krdict,
샐러드,saelleodeu,noun,food,sa lát,salad,,krdict,
생선,saengseon,noun,food,cá tươi,raw fish,生鮮,krdict,
생일상,saengilsang,noun,food,bàn tiệc sinh nhật,meal on one's birthday,生日床,krdict,
샤부샤부,syabusyabu,noun,food,lẩu,shabu shabu,,krdict,
샴페인,syampein,noun,food,rượu sâm panh,champagne,,krdict,
섞다,seokda,verb,food,"trộn, trộn lẫn",mix,,krdict,
설탕,seoltang,noun,food,"đường, đường kính",sugar,雪糖屑糖,krdict,
소고기,sogogi,noun,food,thịt bò,beef,,krdict,
소금,sogeum,noun,food,muối,salt,,krdict,
소주,soju,noun,food,"Soju, rượu Soju",soju,燒酒,krdict,
소주병,sojubyeong,noun,food,chai rượu Soju,soju bottle,燒酒甁,krdict,
소주잔,sojujan,noun,food,"ly uống rượu Soju, cốc uống rượu Soju",soju glass,燒酒盞,krdict,
수박,subak,noun,food,dưa hấu,watermelon,,krdict,
수저,sujeo,noun,food,Muỗng và đũa,spoon and chopsticks,,krdict,
순두부,sundubu,noun,food,đậu phụ tươi,"soft tofu, silken tofu",豆腐,krdict,
숟가락,sutgarak,noun,food,"cái thìa, cái muỗng",spoon,,krdict,
술,sul,noun,food,rượu,"alcohol, liquor",,krdict,
술집,suljip,noun,food,"quán rượu, tửu quán",bar,,krdict,
스푼,seupun,noun,food,"thìa, muỗng",spoon,,krdict,
시다,sida,adjective,food,chua,sour,,krdict,
시키다,sikida,verb,food,"gọi (món); sai bảo, bắt làm",order; make someone do,,krdict,
식다,sikda,verb,food,nguội,"cool, cool down, get cold",,krdict,
식당,sikdang,noun,food,"phòng ăn, nhà ăn","cafeteria, restaurant",食堂,krdict,
식빵,sikppang,noun,food,bánh mỳ gối,bread,食,krdict,
식사,siksa,noun,food,"ăn uống, thức ăn",meal,食事,krdict,
식사하다,siksahada,verb,food,ăn cơm,eat,食事,krdict,
식초,sikcho,noun,food,"dấm, dấm thanh, dấm chua",vinegar,食醋,krdict,
식품,sikpum,noun,food,thực phẩm,food,食品,krdict,
싱겁다,singgeopda,adjective,food,nhạt,"not salty, flat",,krdict,
쌀,ssal,noun,food,"gạo, hạt gạo, gạo tẻ",rice,,krdict,
쌀가루,ssalgaru,noun,food,bột gạo,rice powder,,krdict,
썰다,sseolda,verb,food,"thái, cưa","slice, cut",,krdict,
쓰다,sseuda,adjective,food,đắng,bitter,,krdict,
씹다,ssipda,verb,food,nhai,"chew, masticate",,krdict,
아메리카노,amerikano,noun,food,cà phê Americano,Americano,,krdict,
아이스커피,aiseukeopi,noun,food,cà phê đá,"ice coffee, iced coffee",,krdict,
아이스케이크,aiseukeikeu,noun,food,"kem que, cà rem",ice cream bar,,krdict,
아이스크림,aiseukeurim,noun,food,kem,ice cream,,krdict,
아이스티,aiseuti,noun,food,trà đá,"ice tea, iced tea",,krdict,
야채,yachae,noun,food,"rau củ, rau xanh",vegetable,野菜,krdict,
양식,yangsik,noun,food,món Tây,"western food, western cuisine",洋食,krdict,
얼음,eoreum,noun,food,nước đá,ice,,krdict,
오렌지,orenji,noun,food,quả cam,orange,,krdict,
오이,oi,noun,food,dưa chuột,cucumber,,krdict,
요리,yori,noun,food,"nấu ăn, nấu nướng",cooking,料理,krdict,
요리되다,yoridoeda,verb,food,"được chế biến, được nấu",be cooked,料理,krdict,
요리하다,yorihada,verb,food,"nấu ăn, nấu nướng",cook,料理,krdict,
우유,uyu,noun,food,sữa bò,milk,牛乳,krdict,
음료,eumnyo,noun,food,nước uống,"drink, water, soda",飮料,krdict,
음료수,eumnyosu,noun,food,nước uống,drinking water,飮料水,krdict,
음식,eumsik,noun,food,"thức ăn, đồ ăn",food,飮食,krdict,
음식점,eumsikjeom,noun,food,"quán ăn, tiệm ăn","restaurant, diner",飮食店,krdict,
익다,ikda,verb,food,chín,ripen,,krdict,
인삼,insam,noun,food,"cây nhân sâm, củ nhân sâm",ginseng,人蔘,krdict,
일식,ilsik,noun,food,món Nhật,"Japanese food, Japanese cuisine",日食,krdict,
일식집,ilsikjip,noun,food,nhà hàng Nhật Bản,Japanese restaurant,日食,krdict,
잡수다,japsuda,verb,food,"dùng, ăn","eat, have",,krdict,
잡수시다,japsusida,verb,food,"xơi, dùng","eat, have",,krdict,
재료,jaeryo,noun,food,"vật liệu, chất liệu","material, ingredient",材料,krdict,
전,jeon,noun,food,bánh rán jeon,jeon (Korean pancake),煎,krdict,
접시,jeopsi,noun,food,"jeopsi, đĩa",plate,,krdict,
젓가락,jeogarak,noun,food,đũa,chopsticks,,krdict,
주스,juseu,noun,food,"nước trái cây, nước ép hoa quả",juice,,krdict,
중국집,junggukjip,noun,food,nhà hàng Trung Quốc,Chinese restaurant,中國,krdict,
짜다,jjada,adjective,food,mặn,salty,,krdict,
찌개,jjigae,noun,food,jigae,"jjigae, stew",,krdict,
찌다,jjida,verb,food,hấp (đồ ăn),steam,,krdict,
차,cha,noun,food,trà,tea,,krdict,
찬물,chanmul,noun,food,nước lạnh,cold water,,krdict,
참외,chamoe,noun,food,dưa lê,oriental melon,,krdict,
채소,chaeso,noun,food,"rau củ quả, rau quả",vegetable,菜蔬,krdict,
초,cho,noun,food,giấm,vinegar,醋,krdict,
초콜릿,chokollit,noun,food,sô-cô-la,chocolate,,krdict,
카페,kape,noun,food,quán cà phê,"cafe, coffee shop",,krdict,
카페라테,kaperate,noun,food,cà phê sữa,café latte,,krdict,
카푸치노,kapuchino,noun,food,cà phê cappuccino,cappuccino,,krdict,
칼,kal,noun,food,dao,knife,,krdict,
캔디,kaendi,noun,food,kẹo,candy,,krdict,
커피,keopi,noun,food,cà phê,coffee,,krdict,
커피숍,keopisyop,noun,food,quán cà phê,coffee shop,,krdict,
컵,keop,noun,food,"cái ly, cái tách, cái chén",cup,,krdict,
컵라면,keopramyeon,noun,food,"mì cốc, mì ly",cup ramen noodle,,krdict,
케이크,keikeu,noun,food,"bánh ga tô, bánh kem",cake,,krdict,
코코아,kokoa,noun,food,ca cao,cocoa powder,,krdict,
콜라,kolla,noun,food,cola,"cola, Coke",,krdict,
콩,kong,noun,food,"đỗ, đậu",bean,,krdict,
쿠키,kuki,noun,food,"bánh quy, bánh bích quy",cookie,,krdict,
키위,kiwi,noun,food,quả kiwi,kiwi,,krdict,
타다,tada,verb,food,cháy; pha,"burn; mix, add",,krdict,
토마토,tomato,noun,food,cà chua,tomato,,krdict,
튀기다,twigida,verb,food,"rán, chiên",fry,,krdict,
튀김,twigim,noun,food,"món rán, món chiên",fried food,,krdict,
파,pa,noun,food,hành,"green onion, scallion",,krdict,
파인애플,painaepeul,noun,food,"quả dứa, trái thơm",pineapple,,krdict,
팝콘,papkon,noun,food,"ngô chiên bơ, bắp rang bơ",popcorn,,krdict,
팬,paen,noun,food,chảo,pan,,krdict,
포도,podo,noun,food,"quả nho, trái nho",grape,葡萄,krdict,
프라이팬,peuraipaen,noun,food,chảo rán,frying pan,,krdict,
한식,hansik,noun,food,"Hansik, thức ăn Hàn Quốc",hansik,韓食,krdict,
한식당,hansikdang,noun,food,nhà hàng Hàn Quốc,Korean restaurant,韓食堂,krdict,
한식집,hansikjip,noun,food,quán ăn Hàn Quốc,Korean restaurant,韓食,krdict,
한잔,hanjan,noun,food,"làm một ly, uống một chén","a cup of, a drink, a glass of",盞,krdict,
한잔하다,hanjanhada,verb,food,uống một chén,"have a drink, drink lightly",盞,krdict,
햄,haem,noun,food,thịt hun khói,ham,,krdict,
홍차,hongcha,noun,food,hồng trà (trà như thể loại trà Lipton),"black tea, red tea",紅,krdict,
회,hoe,noun,food,gỏi cá sống (hoe),raw fish,膾,krdict,
가방,gabang,noun,clothing,"túi xách, giỏ xách, ba lô",bag,,krdict,
갈아입다,garaipda,verb,clothing,thay (quần áo),change one's clothes,,krdict,
겨울옷,gyeourot,noun,clothing,áo đông,winter clothes,,krdict,
결혼반지,gyeolhonbanji,noun,clothing,nhẫn cưới,wedding ring,結婚半指,krdict,
구두,gudu,noun,clothing,giày,shoes,,krdict,
귀걸이,gwigeori,noun,clothing,"hoa tai, bông tai, khuyên tai",earrings,,krdict,
귀고리,gwigori,noun,clothing,"hoa tai, bông tai, khuyên tai",earrings,,krdict,
끼다,kkida,verb,clothing,"cài, gài, nút","stick in, fasten",,krdict,
넥타이,nektai,noun,clothing,cà vạt,necktie,,krdict,
넥타이핀,nektaipin,noun,clothing,"cái ghim cà vạt, cái cặp cà vạt",tiepin,,krdict,
농구화,nongguhwa,noun,clothing,giày bóng rổ,basketball shoes,籠球靴,krdict,
단추,danchu,noun,clothing,"cúc áo, nút áo",button,,krdict,
로션,rosyeon,noun,clothing,"kem dưỡng da, kem dưỡng ẩm, lotion",lotion,,krdict,
매다,maeda,verb,clothing,"cột, buộc, thắt","tie, bind, lace",,krdict,
머리빗,meoribit,noun,clothing,lược chải tóc,comb,,krdict,
머리핀,meoripin,noun,clothing,cái/chiếc kẹp tóc,hairpin,,krdict,
멋,meot,noun,clothing,"dáng vẻ, nét đẹp","stylishness, being fashionable, being chic",,krdict,
메다,meda,verb,clothing,"đeo, gùi","shoulder, carry on one's shoulder",,krdict,
면바지,myeonbaji,noun,clothing,quần vải bông,cotton pants,綿,krdict,
모자,moja,noun,clothing,"mũ, nón",hat,帽子,krdict,
목걸이,mokgeori,noun,clothing,dây chuyền,necklace,,krdict,
목도리,mokdori,noun,clothing,"khăn quàng, khăn quàng cổ",scarf,,krdict,
미용실,miyongsil,noun,clothing,"salon làm đẹp, tiệm làm tóc","beauty parlor, beauty salon",美容室,krdict,
바지,baji,noun,clothing,cái quần,pants,,krdict,
반바지,banbaji,noun,clothing,"quần soọc, quần đùi, quần lửng","short pants, shorts",半,krdict,
반지,banji,noun,clothing,nhẫn,ring,半指斑指,krdict,
발찌,baljji,noun,clothing,"cái lắc đeo chân, cái vòng đeo chân","anklet, ankle bracelet",,krdict,
백,baek,noun,clothing,túi,bag,,krdict,
벗다,beotda,verb,clothing,"cởi, tháo",take off,,krdict,
벙어리장갑,beongeorijanggap,noun,clothing,bao tay,mitten,掌匣,krdict,
봄옷,bomot,noun,clothing,"quần áo mùa xuân, thời trang xuân","spring clothing, spring wear",,krdict,
분,bun,noun,clothing,phấn (trang điểm),powder,粉,krdict,
블라우스,beullauseu,noun,clothing,áo sơ mi nữ,blouse,,krdict,
비옷,biot,noun,clothing,"áo mưa, áo đi mưa",raincoat,,krdict,
빨래방,ppallaebang,noun,clothing,"tiệm giặt tự động, hiệu giặt tự động","laundromat, coin laundry",房,krdict,
사이즈,saijeu,noun,clothing,kích cỡ,"size, measurement",,krdict,
세탁소,setakso,noun,clothing,"tiệm giặt ủi, tiệm giặt là",laundry,洗濯所,krdict,
속옷,sogot,noun,clothing,"đồ lót, quần áo mặc trong",underwear,,krdict,
손수건,sonsugeon,noun,clothing,"khăn tay, khăn mùi xoa",handkerchief,手巾,krdict,
수영복,suyeongbok,noun,clothing,quần áo bơi,"swimsuit, bathing suit",水泳服,krdict,
스웨터,seuweteo,noun,clothing,áo len,sweater,,krdict,
스카프,seukapeu,noun,clothing,khăn quàng cổ,scarf,,krdict,
신다,sinda,verb,clothing,mang,"put on, wear",,krdict,
신발,sinbal,noun,clothing,giày dép,"shoes, footwear",,krdict,
쓰다,sseuda,verb,clothing,đội,"wear, put on",,krdict,
아이섀도,aisyaedo,noun,clothing,phấn mắt,eye shadow,,krdict,
안경,angyeong,noun,clothing,mắt kính,"glasses, spectacles",眼鏡,krdict,
안경점,angyeongjeom,noun,clothing,cửa hàng kính mắt,optician´s shop,眼鏡店,krdict,
양말,yangmal,noun,clothing,"tất, vớ",sock,洋襪洋韈,krdict,
양복,yangbok,noun,clothing,Âu phục,suit,洋服,krdict,
여름옷,yeoreumot,noun,clothing,"quần áo mùa hè, đồ hè",summer clothes,,krdict,
옷,ot,noun,clothing,quần áo,"clothes, garment",,krdict,
와이셔츠,waisyeocheu,noun,clothing,áo sơ mi,dress shirt,,krdict,
우산,usan,noun,clothing,ô,"umbrella, parasol",雨傘,krdict,
운동복,undongbok,noun,clothing,quần áo thể thao,"sportswear, sweat suit",運動服,krdict,
운동화,undonghwa,noun,clothing,giày thể thao,"running shoes, sneakers",運動靴,krdict,
원피스,wonpiseu,noun,clothing,"áo đầm dài, áo đầm liền",one-piece dress,,krdict,
입다,ipda,verb,clothing,mặc,"wear, be dressed, put on",,krdict,
잠바,jamba,noun,clothing,"jumper, áo khoác","jumper, jacket",,krdict,
장갑,janggap,noun,clothing,"bao tay, găng tay",glove,掌匣掌甲,krdict,
주머니,jumeoni,noun,clothing,"túi, giỏ",pouch,,krdict,
지갑,jigap,noun,clothing,"cái ví, cái bóp","wallet, purse",紙匣,krdict,
차다,chada,verb,clothing,"mặc, mang, đeo",wear,,krdict,
청바지,cheongbaji,noun,clothing,"quần jean, quần bò",jeans,靑,krdict,
치마,chima,noun,clothing,váy,skirt,,krdict,
카디건,kadigeon,noun,clothing,áo len đan,cardigan,,krdict,
타이,tai,noun,clothing,"ca vát, cà vạt",necktie,,krdict,
투피스,tupiseu,noun,clothing,áo đầm rời,"two-piece suit, suit-dress",,krdict,
티,ti,noun,clothing,"áo phông chữ T, áo phông cộc tay",T-shirt,,krdict,
티셔츠,tisyeocheu,noun,clothing,áo sơ mi cộc tay,T-shirt,,krdict,
팔찌,paljji,noun,clothing,"vòng tay, lắc",bracelet,,krdict,
한복,hanbok,noun,clothing,"Hanbok, Hàn phục",hanbok,韓服,krdict,
화장품,hwajangpum,noun,clothing,mỹ phẩm,"cosmetics, makeup",化粧品,krdict,
가구,gagu,noun,daily-life,đồ nội thất,furniture,家具,krdict,
가루비누,garubinu,noun,daily-life,"bột giặt, xà bông bột",powder detergent,,krdict,
가전,gajeon,noun,daily-life,đồ điện gia dụng,"electronics, household appliances",家電,krdict,
감다,gamda,verb,daily-life,"gội, tắm","wash, bathe",,krdict,
갖다,gatda,verb,daily-life,"mang, cầm","have, hold",,krdict,
거실,geosil,noun,daily-life,"gian giữa, phòng khách",living room,居室,krdict,
거울,geoul,noun,daily-life,"cái gương, gương soi",mirror,,krdict,
계단,gyedan,noun,daily-life,"cầu thang, thang","stairs, staircase",階段,krdict,
고장,gojang,noun,daily-life,hư hỏng,"defect, something wrong",故障,krdict,
그림일기,geurimilgi,noun,daily-life,nhật ký bằng tranh,picture diary,日記,krdict,
그만,geuman,adverb,daily-life,"đến mức đó, thôi",no more,,krdict,
깨끗이,kkaekkeusi,adverb,daily-life,một cách sạch sẽ,clean,,krdict,
깨끗하다,kkaekkeutada,adjective,daily-life,sạch sẽ,clean,,krdict,
깨다,kkaeda,verb,daily-life,"tỉnh ra, tỉnh lại",sober up,,krdict,
꽃병,kkotbyeong,noun,daily-life,bình hoa,vase,甁,krdict,
꾸다,kkuda,verb,daily-life,mơ,dream,,krdict,
꿈,kkum,noun,daily-life,giấc mơ,dream,,krdict,
끄다,kkeuda,verb,daily-life,"tắt, dập","put out, extinguish",,krdict,
나타나다,natanada,verb,daily-life,"xuất hiện, lộ ra","appear, come into sight",,krdict,
낮잠,natjam,noun,daily-life,giấc ngủ ngày,"nap, napping",,krdict,
냉장고,naengjanggo,noun,daily-life,tủ lạnh,"refrigerator, fridge",冷藏庫,krdict,
눕다,nupda,verb,daily-life,nằm,"lie down, lay oneself down, lie",,krdict,
다녀오다,danyeooda,verb,daily-life,đi về,go and come back,,krdict,
다니다,danida,verb,daily-life,lui tới,go continuously,,krdict,
다이어트,daieoteu,noun,daily-life,ăn kiêng,diet,,krdict,
닦다,dakda,verb,daily-life,"lau, chùi, đánh","wipe, scrub",,krdict,
달력,dallyeok,noun,daily-life,lịch,calendar,曆,krdict,
담배,dambae,noun,daily-life,thuốc lá,tobacco,,krdict,
더럽다,deoreopda,adjective,daily-life,"bẩn, dơ",dirty,,krdict,
데이트하다,deiteuhada,verb,daily-life,"hẹn hò, hò hẹn","date, go out with",,krdict,
들르다,deulleuda,verb,daily-life,"ghé qua, ghé vào, tạt vào",drop by,,krdict,
라디오,radio,noun,daily-life,"ra-đi-ô, phát thanh",radio,,krdict,
로비,robi,noun,daily-life,tiền sảnh,lobby,,krdict,
린스,rinseu,noun,daily-life,"dầu xả, xả tóc",rinse,,krdict,
마당,madang,noun,daily-life,sân,"garden, yard",,krdict,
마중하다,majunghada,verb,daily-life,đón,"pick up, go out to meet",,krdict,
맞추다,matchuda,verb,daily-life,"ghép, lắp","piece together, assemble",,krdict,
메모하다,memohada,verb,daily-life,"ghi chú, ghi chép","take note, take a memo, jot down",,krdict,
목욕,mogyok,noun,daily-life,tắm gội,bath,沐浴,krdict,
목욕탕,mogyoktang,noun,daily-life,"phòng tắm, bồn tắm",bathhouse,沐浴湯,krdict,
목욕하다,mogyokada,verb,daily-life,"tắm, tắm rửa","take a bath, bathe",沐浴,krdict,
문,mun,noun,daily-life,cửa,door,門,krdict,
물비누,mulbinu,noun,daily-life,xà phòng nước,liquid soap,,krdict,
물통,multong,noun,daily-life,bình nước,"water bottle, canteen",桶,krdict,
바닥,badak,noun,daily-life,đáy,"bottom, floor",,krdict,
방,bang,noun,daily-life,phòng,room,房,krdict,
버릇,beoreut,noun,daily-life,thói quen,habit,,krdict,
버리다,beorida,verb,daily-life,"bỏ, vứt, quẳng","throw away, dump",,krdict,
벽,byeok,noun,daily-life,bức tường,wall,壁,krdict,
불,bul,noun,daily-life,lửa,fire,,krdict,
불편,bulpyeon,noun,daily-life,bất tiện,inconvenience,不便,krdict,
비누,binu,noun,daily-life,xà phòng,soap,,krdict,
빨다,ppalda,verb,daily-life,giặt,"wash, clean",,krdict,
빨래,ppallae,noun,daily-life,giặt giũ,"washing, laundry",,krdict,
빨래집게,ppallaejipge,noun,daily-life,"cặp quần áo, kẹp quần áo, móc quần áo",clothes pin,,krdict,
빨래하다,ppallaehada,verb,daily-life,giặt giũ,wash clothes,,krdict,
빨랫비누,ppallaebinu,noun,daily-life,"xà phòng giặt, xà bông giặt",laundry soap,,krdict,
사용,sayong,noun,daily-life,sử dụng,"use, usage",使用,krdict,
사용되다,sayongdoeda,verb,daily-life,được sử dụng,be used,使用,krdict,
사용하다,sayonghada,verb,daily-life,sử dụng,use,使用,krdict,
샤워,syawo,noun,daily-life,tắm vòi hoa sen,"shower, shower bath",,krdict,
샤워실,syawosil,noun,daily-life,phòng tắm vòi hoa sen,"shower stall, shower room",室,krdict,
샤워하다,syawohada,verb,daily-life,tắm (vòi sen),shower,,krdict,
샴푸,syampu,noun,daily-life,dầu gội đầu,shampoo,,krdict,
샴푸하다,syampuhada,verb,daily-life,gội đầu,wash one's hair,,krdict,
서랍,seorap,noun,daily-life,ngăn kéo,drawer,,krdict,
선풍기,seonpunggi,noun,daily-life,quạt máy,fan,扇風機,krdict,
설거지,seolgeoji,noun,daily-life,rửa chén bát,dish wash,,krdict,
설거지하다,seolgeojihada,verb,daily-life,rửa chén bát,"wash the dishes, do the dishes",,krdict,
세수,sesu,noun,daily-life,"rửa mặt, rửa tay",washing up,洗手,krdict,
세수하다,sesuhada,verb,daily-life,"rửa mặt, rửa tay",wash up,洗手,krdict,
세숫대야,sesudaeya,noun,daily-life,"thau rửa mặt, chậu rửa mặt",washbowl,洗手,krdict,
세숫물,sesunmul,noun,daily-life,"nước rửa mặt, nước rửa tay",water for washing,洗手,krdict,
세숫비누,sesubinu,noun,daily-life,xà phòng rửa mặt,facial soap,洗手,krdict,
세우다,seuda,verb,daily-life,dựng đứng,"pick up, raise up, make something stand",,krdict,
세탁,setak,noun,daily-life,"giặt, giặt giũ","washing, laundry",洗濯,krdict,
세탁기,setakgi,noun,daily-life,máy giặt,washing machine,洗濯機,krdict,
세탁비누,setakbinu,noun,daily-life,"xà phòng giặt, bột giặt, xà bông giặt",washing soap,洗濯,krdict,
세탁하다,setakada,verb,daily-life,"giặt, giặt giũ","wash, do the laundry",洗濯,krdict,
소파,sopa,noun,daily-life,"ghế trường kỉ, ghế dài, ghế sô-fa","sofa, couch",,krdict,
손거울,songeoul,noun,daily-life,gương cầm tay,hand mirror,,krdict,
쇼핑백,syopingbaek,noun,daily-life,túi đựng hàng,shopping bag,,krdict,
수건,sugeon,noun,daily-life,khăn,towel,手巾,krdict,
쉬다,swida,verb,daily-life,nghỉ ngơi,"rest, repose, take a rest",,krdict,
습관,seupgwan,noun,daily-life,"thói quen, tập quán",habit,習慣,krdict,
시계,sigye,noun,daily-life,đồng hồ,clock,時計,krdict,
시끄럽다,sikkeureopda,adjective,daily-life,ồn,loud,,krdict,
식탁,siktak,noun,daily-life,bàn ăn,dining table,食卓,krdict,
신발장,sinbaljang,noun,daily-life,tủ giày,"shoe rack, shoe closet",欌,krdict,
심다,simda,verb,daily-life,"trồng, cấy, gieo",plant,,krdict,
싱크대,singkeudae,noun,daily-life,"bồn rửa bát, bồn rửa chén",sink,臺,krdict,
쓰다,sseuda,verb,daily-life,"dùng, sử dụng","use, work with, make use of",,krdict,
쓰레기,sseuregi,noun,daily-life,rác,"rubbish, trash, garbage",,krdict,
쓰레기장,sseuregijang,noun,daily-life,bãi rác,"dumping place, garbage dump",場,krdict,
쓰레기통,sseuregitong,noun,daily-life,thùng rác,"garbage can, litter box, trash can",桶,krdict,
씻다,ssitda,verb,daily-life,rửa,wash,,krdict,
양치질,yangchijil,noun,daily-life,đánh răng súc miệng,brushing teeth,,krdict,
에어컨,eeokeon,noun,daily-life,"máy điều hòa nhiệt độ, máy điều hòa không khí",air conditioner,,krdict,
엘리베이터,ellibeiteo,noun,daily-life,thang máy,elevator,,krdict,
열다,yeolda,verb,daily-life,mở,"open, unlock",,krdict,
열쇠,yeolsoe,noun,daily-life,chìa khóa,key,,krdict,
옆방,yeopbang,noun,daily-life,phòng bên cạnh,next room,房,krdict,
옷걸이,otgeori,noun,daily-life,"móc áo, mắc áo","clothes hanger, hanger",,krdict,
옷장,otjang,noun,daily-life,tủ áo,wardrobe,欌,krdict,
외출,oechul,noun,daily-life,"ra ngoài, tạm vắng","going out, outing",外出,krdict,
외출하다,oechulhada,verb,daily-life,đi ra ngoài,go out,外出,krdict,
우유병,uyubyeong,noun,daily-life,"chai sữa, bình sữa",milk bottle,牛乳甁,krdict,
유리,yuri,noun,daily-life,thủy tinh,glass,琉璃,krdict,
의자,uija,noun,daily-life,ghế,"chair, stool",椅子,krdict,
이불,ibul,noun,daily-life,chăn,"bedclothes, comforter, blanket",,krdict,
이사,isa,noun,daily-life,"chuyển chỗ ở, chuyển nhà","house-moving, removal",移徙,krdict,
이사하다,isahada,verb,daily-life,chuyển nhà,"move, change one's abode",移徙,krdict,
이삿짐,isajim,noun,daily-life,hành lý chuyển nhà,goods to be moved,移徙,krdict,
이용,iyong,noun,daily-life,sử dụng,"use, utilization",利用,krdict,
이용되다,iyongdoeda,verb,daily-life,"được sử dụng, được dùng, được tận dụng","be used, be utilized",利用,krdict,
이용하다,iyonghada,verb,daily-life,"sử dụng, tận dụng","use, utilize",利用,krdict,
일,il,noun,daily-life,"việc, công việc","work, labor",,krdict,
일기,ilgi,noun,daily-life,nhật ký,"diary, journal",日記,krdict,
일하다,ilhada,verb,daily-life,làm việc,"work, labor",,krdict,
자다,jada,verb,daily-life,ngủ,sleep,,krdict,
자르다,jareuda,verb,daily-life,"cắt, chặt, thái","cut, sever, chop",,krdict,
작은방,jageunbang,noun,daily-life,phòng nhỏ,second room,房,krdict,
잠,jam,noun,daily-life,"giấc ngủ, ngủ",sleep,,krdict,
잠자다,jamjada,verb,daily-life,ngủ,"sleep, have a sleep",,krdict,
전기,jeongi,noun,daily-life,điện,electricity,電氣,krdict,
전화기,jeonhwagi,noun,daily-life,máy điện thoại,telephone,電話機,krdict,
정리,jeongni,noun,daily-life,"sắp xếp, dọn dẹp",organizing,整理,krdict,
정리되다,jeongnidoeda,verb,daily-life,"được thu dọn, được dọn dẹp",be organized,整理,krdict,
정리하다,jeongnihada,verb,daily-life,"sắp xếp, dọn dẹp",organize,整理,krdict,
정원,jeongwon,noun,daily-life,vườn nhà,garden,庭園,krdict,
주무시다,jumusida,verb,daily-life,ngủ,sleep,,krdict,
준비,junbi,noun,daily-life,chuẩn bị,preparation,準備,krdict,
준비되다,junbidoeda,verb,daily-life,được chuẩn bị,"be prepared, be ready",準備,krdict,
준비하다,junbihada,verb,daily-life,chuẩn bị,prepare,準備,krdict,
줄,jul,noun,daily-life,dây,"rope, string",,krdict,
지하,jiha,noun,daily-life,tầng hầm,basement,地下,krdict,
짐,jim,noun,daily-life,hành lí,baggage,,krdict,
집안일,jibannil,noun,daily-life,công việc nhà,"housework, household chores",,krdict,
차다,chada,verb,daily-life,đầy,be full,,krdict,
창문,changmun,noun,daily-life,cửa sổ,window,窓門,krdict,
찾다,chatda,verb,daily-life,"tìm, tìm kiếm","find, look for",,krdict,
찾아보다,chajaboda,verb,daily-life,tìm gặp,visit,,krdict,
책상,chaeksang,noun,daily-life,"bàn học, bàn làm việc",desk,冊床,krdict,
책장,chaekjang,noun,daily-life,tủ sách,"bookshelf, bookcase",冊欌,krdict,
청소,cheongso,noun,daily-life,"quét dọn, lau chùi, dọn dẹp",cleaning,淸掃,krdict,
청소되다,cheongsodoeda,verb,daily-life,"được quét dọn, được lau chùi, được dọn dẹp",be cleaned,淸掃,krdict,
청소하다,cheongsohada,verb,daily-life,"quét dọn, lau chùi, dọn dẹp",clean,淸掃,krdict,
촛불,chobul,noun,daily-life,"nến, đèn cầy",candlelight,,krdict,
출구,chulgu,noun,daily-life,"lối ra, cửa ra","exit, way out",出口,krdict,
출입,churip,noun,daily-life,ra vào,"going in and out, entry",出入,krdict,
층,cheung,noun,daily-life,"tầng, lớp","floor, layer",層,krdict,
치약,chiyak,noun,daily-life,kem đánh răng,toothpaste,齒藥,krdict,
침대,chimdae,noun,daily-life,giường,bed,寢臺,krdict,
침실,chimsil,noun,daily-life,phòng ngủ,bedroom,寢室,krdict,
칫솔,chisol,noun,daily-life,bàn chải đánh răng,toothbrush,齒,krdict,
카메라,kamera,noun,daily-life,máy ảnh,camera,,krdict,
캔,kaen,noun,daily-life,"lon, hộp",can,,krdict,
켜다,kyeoda,verb,daily-life,"bật (đèn, máy); thắp","turn on, light",,krdict,
쿠션,kusyeon,noun,daily-life,"tấm nệm, tấm đệm, tấm lót",cushion,,krdict,
테이블,teibeul,noun,daily-life,bàn,table,,krdict,
텔레비전,tellebijeon,noun,daily-life,"ti vi, máy vô tuyến truyền hình","TV, television",,krdict,
티브이,tibeui,noun,daily-life,ti vi,"TV, television",,krdict,
포장,pojang,noun,daily-life,"đóng gói, đóng bao bì, giấy gói","wrapping, gift-wrapping, package",包裝,krdict,
풀다,pulda,verb,daily-life,"cởi, tháo, mở",untie,,krdict,
하숙집,hasukjip,noun,daily-life,nhà trọ,"boarding house, lodging house, rooming house",下宿,krdict,
화장실,hwajangsil,noun,daily-life,"toilet, nhà vệ sinh","toilet, restroom, bathroom",化粧室,krdict,
휴지,hyuji,noun,daily-life,"giấy vệ sinh, khăn giấy","tissue, toilet paper",休紙,krdict,
휴지통,hyujitong,noun,daily-life,thùng rác,"garbage can, litter box, trash can",休紙桶,krdict,
흘리다,heullida,verb,daily-life,"làm rơi, đánh rơi; chảy (nước mắt, mồ hôi)",spill,,krdict,
건물,geonmul,noun,places,tòa nhà,"building, structure, edifice",建物,krdict,
고향,gohyang,noun,places,quê hương,"home, hometown",故鄕,krdict,
곳,got,noun,places,"nơi, chốn","place, spot, location",,krdict,
구,gu,noun,places,quận,(no equivalent expression),區,krdict,
국립 공원,gukrip gongwon,noun,places,"công viên quốc gia, vườn quốc gia",national park,國立公園,krdict,
국립 박물관,gukrip bakmulgwan,noun,places,bảo tàng quốc gia,National Museum,國立博物館,krdict,
남산,namsan,noun,places,"Namsan, Nam sơn",Namsan Mountain,南山,krdict,
대사관,daesagwan,noun,places,đại sứ quán,embassy,大使館,krdict,
댁,daek,noun,places,nhà,one's family,宅,krdict,
도시,dosi,noun,places,"thành phố, đô thị",city,都市,krdict,
동네,dongne,noun,places,"làng xóm, thôn xóm, khu phố",neighborhood,洞,krdict,
마을,maeul,noun,places,làng,town,,krdict,
빌딩,bilding,noun,places,"tòa nhà cao tầng, tòa nhà",building,,krdict,
세상,sesang,noun,places,thế gian,world,世上,krdict,
센터,senteo,noun,places,trung tâm,center,,krdict,
시,si,noun,places,thành phố,(no equivalent expression),市,krdict,
시골,sigol,noun,places,"miền quê, vùng quê","rural area, countryside",,krdict,
시내,sinae,noun,places,"nội thành, nội đô, trong thành phố",downtown,市內,krdict,
시청,sicheong,noun,places,"thị chính, ủy ban nhân dân thành phố",city hall,市廳,krdict,
아파트,apateu,noun,places,"căn hộ, chung cư","apartment, apartment building",,krdict,
옆집,yeopjip,noun,places,"nhà bên, nhà hàng xóm",house next door,,krdict,
우체국,ucheguk,noun,places,bưu điện,post office,郵遞局,krdict,
장소,jangso,noun,places,nơi chốn,"place, venue, space",場所,krdict,
지방,jibang,noun,places,"địa phương, địa bàn khu vực","area, district",地方,krdict,
집,jip,noun,places,nhà,house,,krdict,
타워,tawo,noun,places,tòa tháp,tower,,krdict,
한옥,hanok,noun,places,"Hanok, nhà kiểu truyền thống Hàn Quốc",hanok,韓屋,krdict,
갈아타다,garatada,verb,transportation,"chuyển, đổi (tàu, xe…)","transfer, transship",,krdict,
거리,geori,noun,transportation,con phố,"street, road, avenue",,krdict,
건너가다,geonneogada,verb,transportation,"đi qua, vượt qua","cross, go across",,krdict,
건너다,geonneoda,verb,transportation,sang,"cross, go across",,krdict,
건너편,geonneopyeon,noun,transportation,"bên kia đường, phía đối diện",opposite side,便,krdict,
고속버스,gosokbeoseu,noun,transportation,"xe buýt cao tốc, xe buýt tốc hành",express bus,高速,krdict,
공항,gonghang,noun,transportation,sân bay,airport,空港,krdict,
공항버스,gonghangbeoseu,noun,transportation,xe buýt sân bay,airport bus,空港,krdict,
교통,gyotong,noun,transportation,giao thông,"transportation, traffic",交通,krdict,
교통사고,gyotongsago,noun,transportation,tai nạn giao thông,"traffic accident, car crash",交通事故,krdict,
교통 카드,gyotong kadeu,noun,transportation,thẻ giao thông,transportation card,交通,krdict,
국내 여행,guknae yeohaeng,noun,transportation,"du lịch nội địa, du lịch trong nước","local trip, domestic trip",國內旅行,krdict,
기차,gicha,noun,transportation,"tàu hoả, xe lửa",train,汽車,krdict,
기차역,gichayeok,noun,transportation,"ga tàu hoả, ga xe lửa",train station,汽車驛,krdict,
기차표,gichapyo,noun,transportation,"vé tàu hoả, vé xe lửa",train ticket,汽車票,krdict,
길,gil,noun,transportation,"đường, con đường","road, street, way",,krdict,
길옆,gillyeop,noun,transportation,"lề đường, vệ đường",roadside,,krdict,
네거리,negeori,noun,transportation,ngã tư,crossroads,,krdict,
녹색등,noksaekdeung,noun,transportation,"đèn xanh lục, đèn xanh lá cây",green light,綠色燈,krdict,
다리,dari,noun,transportation,cây cầu,bridge,,krdict,
도로,doro,noun,transportation,"đường, con đường, đường xá",road,道路,krdict,
도착,dochak,noun,transportation,đến nơi,arrival,到着,krdict,
도착하다,dochakada,verb,transportation,đến nơi,"arrive, reach",到着,krdict,
막히다,makida,verb,transportation,"bị chặn, bị ngăn, bị bịt","be blocked, be closed, be clogged",,krdict,
멈추다,meomchuda,verb,transportation,dừng,"stop doing, quit",,krdict,
배,bae,noun,transportation,"tàu, thuyền, xuồng","boat, ship, vessel",,krdict,
버스,beoseu,noun,transportation,xe buýt,bus,,krdict,
버스 정류장,beoseu jeongryujang,noun,transportation,trạm dừng xe buýt,bus stop,停留場,krdict,
버스 카드,beoseu kadeu,noun,transportation,thẻ xe buýt,bus card,,krdict,
비행기,bihaenggi,noun,transportation,"máy bay, phi cơ","plane, airplane",飛行機,krdict,
사거리,sageori,noun,transportation,ngã tư,"crossroads, intersection, street corner",四,krdict,
사고,sago,noun,transportation,"cố, tai nạn",accident,事故,krdict,
삼거리,samgeori,noun,transportation,ngã ba,"three-way crossing, intersection of three streets",三,krdict,
스포츠카,seupocheuka,noun,transportation,xe thể thao,sports car,,krdict,
신호등,sinhodeung,noun,transportation,"đèn tín hiệu giao thông, đèn xanh đèn đỏ","traffic light, traffic signal",信號燈,krdict,
안전,anjeon,noun,transportation,an toàn,safety,安全,krdict,
여권,yeogwon,noun,transportation,hộ chiếu,passport,旅券,krdict,
역,yeok,noun,transportation,ga,"station, stop",驛,krdict,
열차,yeolcha,noun,transportation,tàu hỏa,train,列車,krdict,
오거리,ogeori,noun,transportation,ngã năm,five-way intersection,五,krdict,
운전,unjeon,noun,transportation,lái xe,"driving, operation",運轉,krdict,
운전하다,unjeonhada,verb,transportation,lái xe,"drive, operate",運轉,krdict,
위험,wiheom,noun,transportation,"nguy hiểm, tình trạng nguy hiểm","danger, hazard",危險,krdict,
육교,yukgyo,noun,transportation,cầu vượt,overpass,陸橋,krdict,
입구,ipgu,noun,transportation,lối vào,"entrance, entry, gate",入口,krdict,
자동차,jadongcha,noun,transportation,"xe ô tô, xe hơi","car, automobile",自動車,krdict,
자전거,jajeongeo,noun,transportation,xe đạp,bicycle,自轉車,krdict,
전철,jeoncheol,noun,transportation,"tàu điện, tàu điện ngầm","subway, subway train, metro",電鐵,krdict,
정거장,jeonggeojang,noun,transportation,"trạm, bến đỗ (xe buýt, tàu hỏa, điện ngầm…)","stop, station",停車場,krdict,
정류소,jeongnyuso,noun,transportation,"trạm, bến đỗ (xe buýt, tàu hỏa, điện ngầm…)",stop,停留所,krdict,
정류장,jeongnyujang,noun,transportation,"trạm, bến đỗ (xe buýt, tàu hỏa, điện ngầm…)",stop,停留場,krdict,
주차,jucha,noun,transportation,"đỗ xe, đậu xe",parking,駐車,krdict,
주차장,juchajang,noun,transportation,"bãi đỗ xe, bãi đậu xe",parking lot,駐車場,krdict,
주차하다,juchahada,verb,transportation,"đỗ xe, đậu xe",park,駐車,krdict,
지도,jido,noun,transportation,bản đồ,map,地圖,krdict,
지하도,jihado,noun,transportation,"đường ngầm, địa đạo",underground tunnel,地下道,krdict,
지하철,jihacheol,noun,transportation,"xe điện ngầm, tàu điện ngầm",subway,地下鐵,krdict,
지하철역,jihacheollyeok,noun,transportation,"ga xe điện ngầm, ga tàu điện ngầm",subway station,地下鐵驛,krdict,
차,cha,noun,transportation,xe,"car, automobile, vehicle",車,krdict,
출발,chulbal,noun,transportation,khởi hành,"departure, leaving",出發,krdict,
출발되다,chulbaldoeda,verb,transportation,được khởi hành,"depart, leave",出發,krdict,
출발하다,chulbalhada,verb,transportation,khởi hành,"depart, leave",出發,krdict,
출입국,churipguk,noun,transportation,xuất nhập cảnh,"departure, entry",出入國,krdict,
타다,tada,verb,transportation,"đáp, cưỡi","ride, get on, board",,krdict,
택시,taeksi,noun,transportation,xe tắc-xi,"taxi, cab",,krdict,
터미널,teomineol,noun,transportation,"ga, bến xe",terminal,,krdict,
트럭,teureok,noun,transportation,xe tải,truck,,krdict,
편도,pyeondo,noun,transportation,"một lượt, đường một chiều",one-way,片道,krdict,
표,pyo,noun,transportation,"vé, tấm vé",ticket,票,krdict,
항공,hanggong,noun,transportation,hàng không,"aviation, air",航空,krdict,
항공권,hanggonggwon,noun,transportation,vé máy bay,"airline ticket, flight ticket",航空券,krdict,
해외 관광,haeoe gwangwang,noun,transportation,"tham quan nước ngoài, du lịch nước ngoài","overseas travel, trip to another country",海外觀光,krdict,
횡단보도,hoengdanbodo,noun,transportation,đường dành cho người đi bộ,"crosswalk, crossing",橫斷步道,krdict,
가게,gage,noun,shopping,"cửa hàng, cửa hiệu, cửa tiệm","shop, store",,krdict,
가겟집,gagejip,noun,shopping,"cửa hiệu, cửa tiệm","shop, store",,krdict,
가격,gagyeok,noun,shopping,"giá cả, giá",price,價格,krdict,
가구점,gagujeom,noun,shopping,"tiệm bán đồ nội thất, cửa hàng nội thất",furniture store,家具店,krdict,
값,gap,noun,shopping,giá cả,price,,krdict,
갚다,gapda,verb,shopping,trả,"pay back, repay",,krdict,
계산,gyesan,noun,shopping,tính,calculation,計算,krdict,
계좌 번호,gyejwa beonho,noun,shopping,số tài khoản,account number,計座番號,krdict,
공짜,gongjja,noun,shopping,miễn phí,something gained free of charge,空,krdict,
교통비,gyotongbi,noun,shopping,phí giao thông,"fare, transportation expense",交通費,krdict,
교환,gyohwan,noun,shopping,"thay đổi, hoán đổi",exchange,交換,krdict,
교환되다,gyohwandoeda,verb,shopping,"được hoán đổi, được thay đổi",be changed,交換,krdict,
교환하다,gyohwanhada,verb,shopping,"đổi, hoán đổi",change,交換,krdict,
깎다,kkakda,verb,shopping,"gọt; cắt (tóc); mặc cả, giảm giá",peel; cut; haggle,,krdict,
꽃집,kkotjip,noun,shopping,"cửa hàng hoa, tiệm hoa",flower shop,,krdict,
돈,don,noun,shopping,tiền,money,,krdict,
동전,dongjeon,noun,shopping,"tiền xu, đồng xu",coin,,krdict,
들다,deulda,verb,shopping,"tốn (tiền, thời gian)","cost, take",,krdict,
마트,mateu,noun,shopping,siêu thị,mart,,krdict,
모으다,moeuda,verb,shopping,"gom, gộp, chắp","gather, collect, get together",,krdict,
무료,muryo,noun,shopping,Không có phí,"free, no charge, complimentary",無料,krdict,
물건,mulgeon,noun,shopping,"đồ vật, đồ","article, thing, item",物件,krdict,
배달,baedal,noun,shopping,"giao hàng, chuyển hàng",delivery,配達,krdict,
배달되다,baedaldoeda,verb,shopping,"được phát, được giao",be delivered,配達,krdict,
배달하다,baedalhada,verb,shopping,"phát, giao",deliver,配達,krdict,
백화점,baekwajeom,noun,shopping,cửa hàng bách hóa tổng hợp,department store,百貨店,krdict,
벌다,beolda,verb,shopping,kiếm,"make, earn",,krdict,
비싸다,bissada,adjective,shopping,"đắt, đắt tiền","expensive, costly",,krdict,
빌려주다,billyeojuda,verb,shopping,"cho mượn, cho vay",lend,,krdict,
빌리다,billida,verb,shopping,"mượn, thuê","borrow, rent",,krdict,
사다,sada,verb,shopping,mua,"buy, purchase, get",,krdict,
상품,sangpum,noun,shopping,"thương phẩm, hàng hoá","product, goods",商品,krdict,
서비스,seobiseu,noun,shopping,dịch vụ,service,,krdict,
선택,seontaek,noun,shopping,"lựa chọn, chọn lựa","choice, selection",選擇,krdict,
쇼핑,syoping,noun,shopping,mua sắm,shopping,,krdict,
쇼핑하다,syopinghada,verb,shopping,mua sắm,do the shopping,,krdict,
슈퍼,syupeo,noun,shopping,siêu thị,"supermarket, grocery store",,krdict,
슈퍼마켓,syupeomaket,noun,shopping,siêu thị,"supermarket, grocery store",,krdict,
시장,sijang,noun,shopping,chợ,market,市場,krdict,
싸다,ssada,adjective,shopping,rẻ,cheap,,krdict,
쌀가게,ssalgage,noun,shopping,"cửa hàng lương thực, cửa hàng gạo",rice store,,krdict,
아르바이트,areubaiteu,noun,shopping,"làm thêm, làm ngoài giờ, làm bán thời gian","part-time job, side job, student job",,krdict,
아르바이트하다,areubaiteuhada,verb,shopping,"làm thêm, làm ngoài giờ, làm bán thời gian","do a part time job, have a side job, moonlight",,krdict,
알바,alba,noun,shopping,làm thêm,part-time job,,krdict,
영수증,yeongsujeung,noun,shopping,"hóa đơn, biên nhận",receipt,領收證,krdict,
올리다,ollida,verb,shopping,"đưa lên, nâng lên, tăng lên","increase, raise",,krdict,
요금,yogeum,noun,shopping,"chi phí, cước phí","fare, fee, charge",料金,krdict,
월급,wolgeup,noun,shopping,lương tháng,"salary, monthly wage",月給,krdict,
은행,eunhaeng,noun,shopping,ngân hàng,bank,銀行,krdict,
인터넷 쇼핑,inteonet syoping,noun,shopping,mua sắm trên mạng,internet shopping,,krdict,
자동판매기,jadongpanmaegi,noun,shopping,máy bán hàng tự động,vending machine,自動販賣機,krdict,
자판기,japangi,noun,shopping,máy bán tự động,vending machine,自販機,krdict,
저금,jeogeum,noun,shopping,"tiết kiệm tiền, tiền tiết kiệm","saving, savings",貯金,krdict,
저금하다,jeogeumhada,verb,shopping,"để dành tiền, tiết kiệm tiền",save,貯金,krdict,
주문,jumun,noun,shopping,đặt hàng,order,注文,krdict,
주문하다,jumunhada,verb,shopping,đặt hàng,order,注文,krdict,
책방,chaekbang,noun,shopping,"nhà sách, hiệu sách",bookstore,冊房,krdict,
체크 카드,chekeu kadeu,noun,shopping,thẻ ghi nợ,check card,,krdict,
카드,kadeu,noun,shopping,thẻ,card,,krdict,
쿠폰,kupon,noun,shopping,"phiếu mua hàng, phiếu giảm giá","prepaid ticket, voucher",,krdict,
통장,tongjang,noun,shopping,"sổ tài khoản, sổ ngân hàng","bank book, deposit passbook",通帳,krdict,
팔다,palda,verb,shopping,bán,sell,,krdict,
팔리다,pallida,verb,shopping,"bị bán, được bán",be sold,,krdict,
편의점,pyeonuijeom,noun,shopping,cửa hàng tiện lợi,convenience store,便宜店,krdict,
하숙비,hasukbi,noun,shopping,"phí nhà trọ, tiền ở trọ",payment for board and lodgings,下宿費,krdict,
할인,harin,noun,shopping,giảm giá,"discount, reduction",割引,krdict,
할인되다,harindoeda,verb,shopping,được giảm giá,"be discounted, be reduced",割引,krdict,
할인하다,harinhada,verb,shopping,"giảm giá, giảm giá khuyến mại, hạ giá","give a discount, reduce",割引,krdict,
현금,hyeongeum,noun,shopping,hiện kim,cash,現金,krdict,
현금 인출기,hyeongeum inchulgi,noun,shopping,máy rút tiền tự động,"ATM, cash machine",現金引出機,krdict,
현금 자동 지급기,hyeongeum jadong jigeupgi,noun,shopping,máy rút tiền tự động,"ATM, cash machine",現金自動支給機,krdict,
현금 카드,hyeongeum kadeu,noun,shopping,thẻ rút tiền tự động,ATM card,現金,krdict,
홈 쇼핑,hom syoping,noun,shopping,mua sắm qua truyền hình,home shopping,,krdict,
환전,hwanjeon,noun,shopping,đổi tiền,"foreign exchange, money exchange",換錢,krdict,
환전하다,hwanjeonhada,verb,shopping,đổi tiền,"change, exchange",換錢,krdict,
가르치다,gareuchida,verb,school,dạy,"teach, instruct",,krdict,
가위,gawi,noun,school,cái kéo,scissors,,krdict,
겨울 방학,gyeoul banghak,noun,school,"kỳ nghỉ đông, nghỉ đông","winter break, winter vacation",放學,krdict,
결석,gyeolseok,noun,school,vắng mặt,absence,缺席,krdict,
결석하다,gyeolseokada,verb,school,vắng mặt,"be absent from, stay away from",缺席,krdict,
고등학교,godeunghakgyo,noun,school,trường trung học phổ thông,high school,高等學校,krdict,
고등학생,godeunghaksaeng,noun,school,học sinh trung học phổ thông,"high school student, high schooler",高等學生,krdict,
공부,gongbu,noun,school,học,study,工夫,krdict,
공부하다,gongbuhada,verb,school,"học, học tập, học hành",study,工夫,krdict,
공책,gongchaek,noun,school,"quyển tập, quyển vở",notebook,空冊,krdict,
교과서,gyogwaseo,noun,school,sách giáo khoa,textbook,敎科書,krdict,
교사,gyosa,noun,school,giáo viên,teacher,敎師,krdict,
교수,gyosu,noun,school,giáo sư,professor,敎授,krdict,
교실,gyosil,noun,school,"phòng học, lớp học",classroom,敎室,krdict,
교육,gyoyuk,noun,school,giáo dục,education,敎育,krdict,
교육되다,gyoyukdoeda,verb,school,"được giáo dục, được đào tạo","be educated, be trained",敎育,krdict,
교육하다,gyoyukada,verb,school,"giáo dục, dạy","educate, train",敎育,krdict,
기숙사,gisuksa,noun,school,ký túc xá,dormitory,寄宿舍,krdict,
남학생,namhaksaeng,noun,school,"nam sinh, học sinh nam",male student,男學生,krdict,
노트,noteu,noun,school,"quyển tập, quyển vở, quyển sổ",notebook,,krdict,
단어장,daneojang,noun,school,sổ tay từ vựng,"lexical notebook, vocabulary notebook",單語帳,krdict,
대학,daehak,noun,school,đại học,"university, college",大學,krdict,
대학교,daehakgyo,noun,school,trường đại học,"university, college",大學校,krdict,
대학생,daehaksaeng,noun,school,sinh viên,college student,大學生,krdict,
대학원,daehagwon,noun,school,"trường cao học, trường sau đại học",graduate school,大學院,krdict,
대학원생,daehagwonsaeng,noun,school,"học viên cao học, nghiên cứu sinh sau đại học",graduate student,大學院生,krdict,
도서관,doseogwan,noun,school,thư viện,library,圖書館,krdict,
문구,mungu,noun,school,văn phòng phẩm,"stationery, writing supplies",文具,krdict,
문제,munje,noun,school,đề (bài thi),"problem, question",問題,krdict,
반,ban,noun,school,"lớp, nhóm","class, group",班,krdict,
받아쓰기,badasseugi,noun,school,viết chính tả,dictation,,krdict,
받아쓰다,badasseuda,verb,school,viết chính tả,dictate,,krdict,
방학,banghak,noun,school,"nghỉ hè, kỳ nghỉ",vacation,放學,krdict,
방학하다,banghakada,verb,school,"nghỉ (hè, đông)","be on vacation, close for a vacation",放學,krdict,
배우다,baeuda,verb,school,"học, học tập",learn,,krdict,
보기,bogi,noun,school,"ví dụ, mẫu",example,,krdict,
복습,bokseup,noun,school,ôn tập,review,復習,krdict,
복습하다,bokseupada,verb,school,ôn tập,review,復習,krdict,
볼펜,bolpen,noun,school,bút bi,ballpoint pen,,krdict,
봉투,bongtu,noun,school,phong bì,envelope,封套,krdict,
사전,sajeon,noun,school,từ điển,dictionary,辭典,krdict,
상,sang,noun,school,"phần thưởng, giải thưởng","prize, reward",賞,krdict,
샤프,syapeu,noun,school,bút chì kim,mechanical pencil,,krdict,
서점,seojeom,noun,school,"nhà sách, cửa hàng sách",bookstore,書店,krdict,
선생님,seonsaengnim,noun,school,"thầy giáo, cô giáo","teacher, master",先生,krdict,
성적,seongjeok,noun,school,thành tích,"record, results",成績,krdict,
세계 지도,segye jido,noun,school,bản đồ thế giới,world map,世界地圖,krdict,
수업,sueop,noun,school,"dạy học, giảng dạy","class, lesson, course",授業,krdict,
수업하다,sueopada,verb,school,"dạy học, giảng dạy","teach, give a lesson, teach a course",授業,krdict,
수첩,sucheop,noun,school,sổ tay,pocket notebook,手帖,krdict,
숙제,sukje,noun,school,bài tập về nhà,homework,宿題,krdict,
숙제하다,sukjehada,verb,school,làm bài tập về nhà,do one's homework,宿題,krdict,
시간표,siganpyo,noun,school,"thời gian biểu, thời khóa biểu",schedule,時間表,krdict,
시험,siheom,noun,school,"thi cử, kiểm tra, sát hạch","test, exam",試驗,krdict,
시험공부,siheomgongbu,noun,school,ôn thi,cramming for an examination,試驗工夫,krdict,
여자 고등학교,yeoja godeunghakgyo,noun,school,trường cấp ba nữ sinh,girls' high school,女子高等學校,krdict,
여자 대학,yeoja daehak,noun,school,trường đại học nữ sinh,women's college,女子大學,krdict,
여자 중학교,yeoja junghakgyo,noun,school,trường cấp hai nữ sinh,girls' middle school,女子中學校,krdict,
여학생,yeohaksaeng,noun,school,nữ sinh,female student,女學生,krdict,
역사,yeoksa,noun,school,"lịch sử, tiến trình lịch sử",history,歷史,krdict,
연습,yeonseup,noun,school,"luyện tập, thực tập, thực hành; luyện tập, tập luyện","practice, rehearsal; practice",演習,krdict,
연습되다,yeonseupdoeda,verb,school,"được luyện tập, được tập luyện",be practiced,練習鍊習,krdict,
연습장,yeonseupjang,noun,school,Vở viết,exercise book,練習帳,krdict,
연습하다,yeonseupada,verb,school,"luyện tập, thực hành; luyện tập, tập luyện","practice, rehearse; practice",演習,krdict,
연필,yeonpil,noun,school,"bút chì, viết chì",pencil,鉛筆,krdict,
열심히,yeolsimhi,adverb,school,"một cách chăm chỉ, một cách cần mẫn","hard, diligently, zealously",熱心,krdict,
예습,yeseup,noun,school,luyện tập trước học bài trước,studying in advance,豫習,krdict,
예습하다,yeseupada,verb,school,"luyện tập trước, học bài trước",study in advance,豫習,krdict,
오전반,ojeonban,noun,school,lớp buổi sáng,morning class,午前班,krdict,
오후반,ohuban,noun,school,lớp buổi chiều,afternoon class,午後班,krdict,
유치원,yuchiwon,noun,school,trường mẫu giáo,kindergarten,幼稚園,krdict,
유학,yuhak,noun,school,du học,studying abroad,留學,krdict,
유학생,yuhaksaeng,noun,school,du học sinh,"international student, student studying abroad",留學生,krdict,
유학하다,yuhakada,verb,school,du học,study abroad,留學,krdict,
입학,ipak,noun,school,nhập học,"admission to a school, entrance into a school",入學,krdict,
입학하다,ipakada,verb,school,nhập học,"be enrolled at a school, enter a school",入學,krdict,
전공,jeongong,noun,school,"nghiên cứu chuyên ngành, học chuyên ngành","major, specialty",專攻,krdict,
전공하다,jeongonghada,verb,school,chuyên về,"major in, specialize in",專攻,krdict,
점수,jeomsu,noun,school,"điểm số, điểm",score,點數,krdict,
정문,jeongmun,noun,school,"cửa chính, cổng chính, lối vào chính",main gate,正門,krdict,
졸업,joreop,noun,school,tốt nghiệp,graduation,卒業,krdict,
졸업하다,joreopada,verb,school,tốt nghiệp,graduate,卒業,krdict,
종이,jongi,noun,school,giấy,paper,,krdict,
중간시험,junggansiheom,noun,school,"thi giữa kì, kiểm tra giữa kì",midterm,中間試驗,krdict,
중학교,junghakgyo,noun,school,trường trung học cơ sở,middle school,中學校,krdict,
중학생,junghaksaeng,noun,school,học sinh trung học cơ sở,middle school student,中學生,krdict,
지각,jigak,noun,school,"đến muộn, đi làm ( đi học) muộn",tardiness,遲刻,krdict,
지각하다,jigakada,verb,school,"đi muộn, đến trễ",be late,遲刻,krdict,
지우개,jiugae,noun,school,"cục tẩy, viên tẩy, cục gôm",eraser,,krdict,
초등학교,chodeunghakgyo,noun,school,"trường tiểu học, trường cấp một","elementary school, primary school",初等學校,krdict,
초등학생,chodeunghaksaeng,noun,school,học sinh tiểu học,"elementary school student, primary school student",初等學生,krdict,
출석,chulseok,noun,school,"có mặt, xuất hiện",attendance,出席,krdict,
칠판,chilpan,noun,school,tấm bảng,blackboard,漆板,krdict,
칠판지우개,chilpanjiugae,noun,school,đồ lau bảng,board eraser,漆板,krdict,
컴퓨터실,keompyuteosil,noun,school,phòng máy tính,computer lab,室,krdict,
펜,pen,noun,school,"bút, bút mực",pen,,krdict,
필통,piltong,noun,school,ống đựng bút,pencil holder,筆筒,krdict,
학교,hakgyo,noun,school,trường học,school,學校,krdict,
학교생활,hakgyosaenghwal,noun,school,sinh hoạt học đường,"school life, student life",學校生活,krdict,
학생,haksaeng,noun,school,học sinh,"student, learner",學生,krdict,
학생증,haksaengjeung,noun,school,"thẻ học sinh, thẻ sinh viên",student identification,學生證,krdict,
학원,hagwon,noun,school,"trung tâm đào tạo, học viện",school,學院,krdict,
한글 학교,hangeul hakgyo,noun,school,trường Hangeul,Hangeul hakgyo,學校,krdict,
가수,gasu,noun,work,ca sĩ,singer,歌手,krdict,
가이드,gaideu,noun,work,hướng dẫn viên,tour guide,,krdict,
간호사,ganhosa,noun,work,y tá,nurse,看護師,krdict,
간호원,ganhowon,noun,work,y tá viên,nurse,看護員,krdict,
게이머,geimeo,noun,work,người chơi game,gamer,,krdict,
경찰서,gyeongchalseo,noun,work,đồn cảnh sát,police station,警察署,krdict,
공장,gongjang,noun,work,"nhà máy, công xưởng, xưởng","factory, plant",工場,krdict,
기자,gija,noun,work,"ký giả, nhà báo, phóng viên","reporter, journalist",記者,krdict,
디자인,dijain,noun,work,thiết kế,design,,krdict,
방송국,bangsongguk,noun,work,đài phát thanh truyền hình,broadcasting station,放送局,krdict,
배달원,baedarwon,noun,work,"nhân viên giao hàng, nhân viên chuyển hàng","delivery man, delivery person",配達員,krdict,
부장,bujang,noun,work,"trưởng bộ phận, trưởng ban","department head, division head",部長,krdict,
사무실,samusil,noun,work,văn phòng,"office, place of business, workplace",事務室,krdict,
사업,saeop,noun,work,làm ăn kinh doanh,business,事業,krdict,
사업하다,saeopada,verb,work,kinh doanh,"do business, operate",事業,krdict,
사장,sajang,noun,work,giám đốc,"president, chief executive",社長,krdict,
사장님,sajangnim,noun,work,giám đốc,president,社長,krdict,
사진 기자,sajin gija,noun,work,phóng viên ảnh,photo journalist,寫眞記者,krdict,
사진사,sajinsa,noun,work,"thợ chụp ảnh, người thợ ảnh",photographer,寫眞師,krdict,
사진작가,sajinjakga,noun,work,nhiếp ảnh gia,photographer,寫眞作家,krdict,
서류,seoryu,noun,work,"tài liệu, hồ sơ, giấy tờ","document, papers",書類,krdict,
선수,seonsu,noun,work,"tuyển thủ, cầu thủ, vận động viên","athlete, player, representative player",選手,krdict,
신문 기자,sinmun gija,noun,work,"nhà báo, ký giả, phóng viên","reporter, journalist",新聞記者,krdict,
신입 사원,sinip sawon,noun,work,nhân viên mới,"new hire, new employee",新入社員,krdict,
아나운서,anaunseo,noun,work,"Người dẫn chương trình, phát thanh viên",announcer,,krdict,
약사,yaksa,noun,work,dược sĩ,pharmacist,藥師,krdict,
여행사,yeohaengsa,noun,work,"công ty du lịch, công ty lữ hành",travel agency,旅行社,krdict,
요리사,yorisa,noun,work,đầu bếp,"cook, chef",料理師,krdict,
운전사,unjeonsa,noun,work,"tài xế, lái xe","driver, operator",運轉士,krdict,
은행원,eunhaengwon,noun,work,nhân viên ngân hàng,bank teller,銀行員,krdict,
의사,uisa,noun,work,bác sĩ,"doctor, physician",醫師,krdict,
종업원,jongeobwon,noun,work,"nhân viên, công nhân viên","employee, staff",從業員,krdict,
주부,jubu,noun,work,người nội trợ,homemaker,主婦,krdict,
주인,juin,noun,work,"chủ, chủ nhân",owner,主人,krdict,
직원,jigwon,noun,work,nhân viên,employee,職員,krdict,
직장,jikjang,noun,work,"cơ quan, nơi làm việc, chỗ làm",workplace,職場,krdict,
출근,chulgeun,noun,work,đi làm,"going to work, arriving at work",出勤,krdict,
출근하다,chulgeunhada,verb,work,đi làm,"go to work, arrive at work",出勤,krdict,
출장,chuljang,noun,work,đi công tác,business trip,出張,krdict,
출장하다,chuljanghada,verb,work,đi công tác,go somewhere,出場,krdict,
출퇴근,chultoegeun,noun,work,đi làm và tan sở,commuting,出退勤,krdict,
출퇴근하다,chultoegeunhada,verb,work,đi làm và tan sở,commute,出退勤,krdict,
취직,chwijik,noun,work,"tìm được việc, có việc làm",getting a job,就職,krdict,
퇴근,toegeun,noun,work,tan sở,"leaving work, arriving home from work",退勤,krdict,
퇴근하다,toegeunhada,verb,work,tan sở,"leaving work, arriving home from work",退勤,krdict,
회사,hoesa,noun,work,công ty,"company, corporation",會社,krdict,
회사원,hoesawon,noun,work,nhân viên công ty,"employee, office worker, staff",會社員,krdict,
회의,hoeui,noun,work,"hội ý, bàn bạc, cuộc họp","meeting, conference",會議,krdict,
회의하다,hoeuihada,verb,work,"họp, họp bàn","hold a meeting, have a conference",會議,krdict,
가요,gayo,noun,hobbies,"bài hát đại chúng, ca khúc được yêu thích",Korean popular song,歌謠,krdict,
가위바위보,gawibawibo,noun,hobbies,oẳn tù tì,"rock, paper, scissors",褓,krdict,
감상,gamsang,noun,hobbies,sự thưởng thức (nghệ thuật); cảm tưởng,appreciation; impressions,感想,krdict,
게임,geim,noun,hobbies,trò chơi,game,,krdict,
게임기,geimgi,noun,hobbies,máy chơi game,"game console, portable video game",機,krdict,
게임방,geimbang,noun,hobbies,"phòng chơi game, nơi chơi game, tiệm game",game room,房,krdict,
경기,gyeonggi,noun,hobbies,"trận thi đấu, thi thố","game, match",競技,krdict,
경기하다,gyeonggihada,verb,hobbies,"thi đấu, thi thố, tranh tài",play,競技,krdict,
공,gong,noun,hobbies,"quả bóng, quả banh",ball,,krdict,
공원,gongwon,noun,hobbies,công viên,park,公園,krdict,
관광,gwangwang,noun,hobbies,"tham quan, chuyến du lịch",tourism,觀光,krdict,
관광지,gwangwangji,noun,hobbies,"điểm tham quan, điểm du lịch",tourist attraction,觀光地,krdict,
관광하다,gwangwanghada,verb,hobbies,"đi tham quan, đi du lịch","go on a tour, see the sights",觀光,krdict,
관광호텔,gwangwanghotel,noun,hobbies,khách sạn du lịch,tourist hotel,觀光,krdict,
교회 음악,gyohoe eumak,noun,hobbies,nhạc nhà thờ,church music,敎會音樂,krdict,
구경,gugyeong,noun,hobbies,"ngắm nghía, nhìn ngắm",sightseeing,,krdict,
구경하다,gugyeonghada,verb,hobbies,"ngắm, ngắm nghía",watch,,krdict,
그리기,geurigi,noun,hobbies,vẽ,"drawing, painting",,krdict,
그리다,geurida,verb,hobbies,vẽ,"draw, paint",,krdict,
그림,geurim,noun,hobbies,tranh vẽ,"drawing, painting, sketch",,krdict,
극장,geukjang,noun,hobbies,nhà hát,"theater, cinema",劇場,krdict,
기타,gita,noun,hobbies,đàn ghi-ta,guitar,,krdict,
꽃구경,kkotgugyeong,noun,hobbies,ngắm hoa,flower viewing,,krdict,
꽃구경하다,kkotgugyeonghada,verb,hobbies,ngắm hoa,view flowers,,krdict,
꽃다발,kkotdabal,noun,hobbies,"bó hoa, lẵng hoa","bouquet, bunch of flowers",,krdict,
낚시,naksi,noun,hobbies,câu cá,fishing,,krdict,
낚시하다,naksihada,verb,hobbies,câu cá,"do fishing, fish",,krdict,
노래,norae,noun,hobbies,"bài hát, ca khúc, ca hát","song, music, singing",,krdict,
노래방,noraebang,noun,hobbies,phòng hát karaoke,"noraebang, singing room",房,krdict,
노래자랑,noraejarang,noun,hobbies,cuộc thi hát,singing contest,,krdict,
노래하다,noraehada,verb,hobbies,"hát, ca",sing,,krdict,
놀다,nolda,verb,hobbies,"chơi, chơi đùa","play, have fun",,krdict,
놀이,nori,noun,hobbies,chơi đùa,"play, entertainment",,krdict,
놀이동산,noridongsan,noun,hobbies,công viên trò chơi,amusement park,,krdict,
놀이하다,norihada,verb,hobbies,"chơi, đùa nghịch",have fun,,krdict,
농구,nonggu,noun,hobbies,bóng rổ,basketball,籠球,krdict,
농구공,nonggugong,noun,hobbies,quả bóng rổ,basketball ball,籠球,krdict,
농구대,nonggudae,noun,hobbies,cột bóng rổ,basketball stand,籠球臺,krdict,
농구장,nonggujang,noun,hobbies,sân bóng rổ,basketball court,籠球場,krdict,
단풍,danpung,noun,hobbies,"thu vàng, lá mùa thu",autumn foliage,丹楓,krdict,
단풍놀이,danpungnori,noun,hobbies,"thưởng ngoạn lá phong, ngắm cảnh lá phong",excursion for viewing autumn leaves,丹楓,krdict,
달구경,dalgugyeong,noun,hobbies,ngắm trăng,enjoying the moon,,krdict,
달리기,dalligi,noun,hobbies,chạy,run,,krdict,
독서,dokseo,noun,hobbies,đọc sách,reading,讀書,krdict,
독서하다,dokseohada,verb,hobbies,đọc sách,read,讀書,krdict,
동물원,dongmurwon,noun,hobbies,sở thú,zoo,動物園,krdict,
등산,deungsan,noun,hobbies,"leo núi, môn leo núi","hike, mountain climbing",登山,krdict,
등산하다,deungsanhada,verb,hobbies,leo núi,"hike, climb",登山,krdict,
디자인하다,dijainhada,verb,hobbies,thiết kế,design,,krdict,
만화,manhwa,noun,hobbies,"tranh hoạt hình, truyện tranh",comics,漫畫,krdict,
만화 영화,manhwa yeonghwa,noun,hobbies,phim hoạt hình,"animation, cartoon film",漫畫映畫,krdict,
만화책,manhwachaek,noun,hobbies,"truyện tranh, truyện tranh hoạt hình",comic book,漫畫冊,krdict,
매표소,maepyoso,noun,hobbies,nơi bán vé,ticket office,賣票所,krdict,
목 운동,mok undong,noun,hobbies,"vận động cổ, thể dục phần cổ",neck exercise,運動,krdict,
문화,munhwa,noun,hobbies,văn hóa,culture,文化,krdict,
물놀이,mullori,noun,hobbies,"nghịch nước, chơi nước, trò chơi nước",dabbling in water,,krdict,
미끄럼,mikkeureom,noun,hobbies,"trơn trượt, trò chơi trượt băng",sliding,,krdict,
미끄럼틀,mikkeureomteul,noun,hobbies,cầu trượt,slide,,krdict,
미술관,misulgwan,noun,hobbies,phòng trưng bày đồ mỹ nghệ,"art museum, art gallery",美術館,krdict,
바다낚시,badanaksi,noun,hobbies,câu cá biển,sea fishing,,krdict,
바이올린,baiollin,noun,hobbies,"đàn vi-ô-lông, vĩ cầm",violin,,krdict,
박물관,bangmulgwan,noun,hobbies,viện bảo tàng,museum,博物館,krdict,
박수,baksu,noun,hobbies,vỗ tay,"applause, clapping",拍手,krdict,
배드민턴,baedeuminteon,noun,hobbies,cầu lông,badminton,,krdict,
부르다,bureuda,verb,hobbies,hát; gọi,sing; call,,krdict,
사진,sajin,noun,hobbies,"bức ảnh, bức hình","picture, photo",寫眞,krdict,
사진기,sajingi,noun,hobbies,máy ảnh,camera,寫眞機,krdict,
사진반,sajinban,noun,hobbies,câu lạc bộ chụp ảnh,photography club,寫眞班,krdict,
산책,sanchaek,noun,hobbies,"đi dạo, đi tản bộ","walk, stroll",散策,krdict,
산책하다,sanchaekada,verb,hobbies,"tản bộ, đi dạo","walk, stroll",散策,krdict,
색소폰,saeksopon,noun,hobbies,đàn saxophone,saxophone,,krdict,
소설,soseol,noun,hobbies,tiểu thuyết,novel,小說,krdict,
소풍,sopung,noun,hobbies,"cắm trại, dã ngoại","trip, picnic, outing",逍風消風,krdict,
수영,suyeong,noun,hobbies,bơi lội,swimming,水泳,krdict,
수영장,suyeongjang,noun,hobbies,"hồ bơi, bể bơi",swimming pool,水泳場,krdict,
수영하다,suyeonghada,verb,hobbies,"bơi, bơi lội",swim,水泳,krdict,
스케이트,seukeiteu,noun,hobbies,giày trượt băng,skate,,krdict,
스키,seuki,noun,hobbies,ván trượt tuyết,ski,,krdict,
스키장,seukijang,noun,hobbies,sân trượt tuyết,ski resort,場,krdict,
스트레칭,seuteureching,noun,hobbies,kéo căng người,stretching,,krdict,
스포츠,seupocheu,noun,hobbies,thể thao,sports,,krdict,
스포츠맨,seupocheumaen,noun,hobbies,"vận động viên, cầu thủ",sportsman,,krdict,
시,si,noun,hobbies,"thơ, thơ ca","poem, poetry",詩,krdict,
신혼여행,sinhonnyeohaeng,noun,hobbies,du lịch tuần trăng mật,honeymoon,新婚旅行,krdict,
아쿠아리움,akuarium,noun,hobbies,công viên thuỷ sinh,aquarium,,krdict,
악기,akgi,noun,hobbies,nhạc cụ,musical instrument,樂器,krdict,
액션,aeksyeon,noun,hobbies,hành động,action,,krdict,
앨범,aelbeom,noun,hobbies,"album, tập ảnh","album, photo album",,krdict,
야구,yagu,noun,hobbies,bóng chày,baseball,野球,krdict,
야구공,yagugong,noun,hobbies,quả bóng chày,baseball ball,野球,krdict,
얼음낚시,eoreumnaksi,noun,hobbies,câu cá trên băng,ice fishing,,krdict,
여행,yeohaeng,noun,hobbies,du lịch,"travel, trip",旅行,krdict,
여행지,yeohaengji,noun,hobbies,"điểm du lịch, địa điểm du lịch",travel destination,旅行地,krdict,
여행하다,yeohaenghada,verb,hobbies,"đi du lịch, đi tham quan","travel, trip",旅行,krdict,
연극,yeongeuk,noun,hobbies,diễn kịch,"play, drama, theater",演劇,krdict,
연습생,yeonseupsaeng,noun,hobbies,thực tập sinh,"trainee, apprentice",練習生,krdict,
연습장,yeonseupjang,noun,hobbies,"khu luyện tập, khu tập luyện","practice field, practice room",演習場,krdict,
영화,yeonghwa,noun,hobbies,"điện ảnh, phim","film, movie",映畫,krdict,
영화관,yeonghwagwan,noun,hobbies,"phòng chiếu phim, rạp chiếu phim",movie theater,映畫館,krdict,
예매,yemae,noun,hobbies,đặt mua trước,advance purchase,豫買,krdict,
예매되다,yemaedoeda,verb,hobbies,được đặt mua trước,be bought in advance,豫買,krdict,
예매하다,yemaehada,verb,hobbies,đặt mua trước,purchase in advance,豫買,krdict,
예술,yesul,noun,hobbies,nghệ thuật,art,藝術,krdict,
예약,yeyak,noun,hobbies,đặt trước,"reservation, booking",豫約,krdict,
올림픽,ollimpik,noun,hobbies,"thế vận hội, đại hội thể thao olympic",Olympics,,krdict,
외국 영화,oeguk yeonghwa,noun,hobbies,phim nước ngoài,foreign film,外國映畫,krdict,
요가,yoga,noun,hobbies,yoga,yoga,,krdict,
운동,undong,noun,hobbies,tập luyện thể thao,exercise,運動,krdict,
운동 경기,undong gyeonggi,noun,hobbies,"thi đấu thể thao, cuộc thi đấu, trận thi đấu","sports, game",運動競技,krdict,
운동장,undongjang,noun,hobbies,sân vận động,"playground, sports field",運動場,krdict,
운동하다,undonghada,verb,hobbies,tập luyện thể thao,"exercise, take exercise",運動,krdict,
유행,yuhaeng,noun,hobbies,"sự thịnh hành, mốt","fashion, trend",流行,krdict,
유행되다,yuhaengdoeda,verb,hobbies,được thịnh hành,become popular,流行,krdict,
유행하다,yuhaenghada,verb,hobbies,"thịnh hành, phổ biến",be in fashion,流行,krdict,
음악,eumak,noun,hobbies,âm nhạc,music,音樂,krdict,
이기다,igida,verb,hobbies,thắng,"win, beat, defeat",,krdict,
인기,ingi,noun,hobbies,"được ưa thích, được mến mộ",popularity,人氣,krdict,
인형,inhyeong,noun,hobbies,búp bê,"doll, figure",人形,krdict,
입장권,ipjanggwon,noun,hobbies,"vé vào cửa, vé vào cổng","admission ticket, entrance ticket",入場券,krdict,
장난감,jangnangam,noun,hobbies,đồ chơi,toy,,krdict,
조깅,joging,noun,hobbies,chạy bộ,jogging,,krdict,
주말여행,jumallyeohaeng,noun,hobbies,du lịch cuối tuần,weekend getaway,週末旅行,krdict,
즐기다,jeulgida,verb,hobbies,tận hưởng,"appreciate, enjoy, delight in",,krdict,
지다,jida,verb,hobbies,thua,lose,,krdict,
찍다,jjikda,verb,hobbies,chụp (ảnh); đóng (dấu),take (a photo); stamp,,krdict,
체육관,cheyukgwan,noun,hobbies,nhà thi đấu,"gym, gymnasium",體育館,krdict,
추다,chuda,verb,hobbies,"nhảy, múa",dance,,krdict,
축구,chukgu,noun,hobbies,bóng đá,soccer,蹴球,krdict,
축구공,chukgugong,noun,hobbies,quả bóng đá,soccer ball,蹴球,krdict,
춤,chum,noun,hobbies,nhảy múa,dance,,krdict,
춤추다,chumchuda,verb,hobbies,múa,dance,,krdict,
취미,chwimi,noun,hobbies,sở thích,hobby,趣味,krdict,
컴퓨터 게임,keompyuteo geim,noun,hobbies,"trò chơi điện tử, trò chơi trên máy tính",computer game,,krdict,
케이팝,keipap,noun,hobbies,k-pop,K-Pop,,krdict,
켜다,kyeoda,verb,hobbies,kéo (đàn vĩ cầm),play (a bowed instrument),,krdict,
코미디언,komidieon,noun,hobbies,"diễn viên hài, nghệ sĩ hài",comedian,,krdict,
콘서트,konseoteu,noun,hobbies,buổi hòa nhạc,music concert,,krdict,
클럽,keulleop,noun,hobbies,câu lạc bộ,club,,krdict,
탁구,takgu,noun,hobbies,bóng bàn,"table tennis, ping-pong",卓球,krdict,
태권도,taegwondo,noun,hobbies,Taekwondo,"taegwondo, taekwondo",跆拳道,krdict,
테니스,teniseu,noun,hobbies,"ten-nít, quần vợt",tennis,,krdict,
테니스장,teniseujang,noun,hobbies,sân quần vợt,tennis court,場,krdict,
티켓,tiket,noun,hobbies,vé,ticket,,krdict,
팀,tim,noun,hobbies,"đội, tổ",team,,krdict,
팔 운동,pal undong,noun,hobbies,"thể dục tay, tập tay",arm exercise,運動,krdict,
팝,pap,noun,hobbies,pop,western popular song,,krdict,
팝송,papsong,noun,hobbies,bài nhạc pop,western popular song,,krdict,
풍경,punggyeong,noun,hobbies,phong cảnh,"scenery, scene, view",風景,krdict,
피시방,pisibang,noun,hobbies,"tiệm internet, quán nét",internet cafe,房,krdict,
피아노,piano,noun,hobbies,"đàn piano, dương cầm",piano,,krdict,
하이킹,haiking,noun,hobbies,cuốc bộ,hiking,,krdict,
해외여행,haeoeyeohaeng,noun,hobbies,"du lịch nước ngoài, chuyến du lịch ngoại quốc","overseas travel, trip abroad",海外旅行,krdict,
헬스,helseu,noun,hobbies,thể dục,fitness,,krdict,
헬스장,helseujang,noun,hobbies,trung tâm thể hình,"health club, fitness center, gym",場,krdict,
헬스클럽,helseukeulleop,noun,hobbies,câu lạc bộ thể hình,"health club, fitness center, gym",,krdict,
호텔,hotel,noun,hobbies,"hotel, khách sạn",hotel,,krdict,
휴가,hyuga,noun,hobbies,"nghỉ phép, kì nghỉ","leave, break, vacation",休暇,krdict,
휴게실,hyugesil,noun,hobbies,phòng tạm nghỉ,"lounge, waiting room",休憩室,krdict,
휴일,hyuil,noun,hobbies,ngày nghỉ,holiday,休日,krdict,
거짓말,geojinmal,noun,communication,lời nói dối,"lie, falsehood",,krdict,
거짓말하다,geojinmalhada,verb,communication,"nói dối, dối trá","lie, tell a lie",,krdict,
광고,gwanggo,noun,communication,"quảng bá, quảng cáo","advertisement, publicity",廣告,krdict,
광고하다,gwanggohada,verb,communication,quảng bá,publicize,廣告,krdict,
구,gu,noun,communication,"từ ghép, cụm từ, mệnh đề",phrase,句,krdict,
국제 전화,gukje jeonhwa,noun,communication,điện thoại quốc tế,international call,國際電話,krdict,
그림엽서,geurimnyeopseo,noun,communication,"bưu thiếp hình, bưu thiếp tranh","postcard, picture postcard",葉書,krdict,
글,geul,noun,communication,"bài viết, đoạn viết, bài văn","writing, text",,krdict,
글쓰기,geulsseugi,noun,communication,viết văn,writing,,krdict,
글씨,geulssi,noun,communication,"chữ viết, nét chữ",form of letters,,krdict,
글자,geulja,noun,communication,"chữ viết, chữ","letter, character",字,krdict,
끊다,kkeunta,verb,communication,cắt; cúp (máy); bỏ (thói quen),cut; hang up; quit,,krdict,
내용,naeyong,noun,communication,nội dung,content,內容,krdict,
농담,nongdam,noun,communication,"câu nói đùa, lời nói đùa",joke,弄談,krdict,
농담하다,nongdamhada,verb,communication,nói đùa,joke,弄談,krdict,
뉴스,nyuseu,noun,communication,chương trình thời sự,news,,krdict,
단어,daneo,noun,communication,từ,word,單語,krdict,
답,dap,noun,communication,"trả lời, lời đáp","answer, response",答,krdict,
답장,dapjang,noun,communication,"thư hồi đáp, thư hồi âm","reply, answer",答狀,krdict,
답장하다,dapjanghada,verb,communication,"hồi đáp, hồi âm","reply, answer",答狀,krdict,
답하다,dapada,verb,communication,đáp lời,"answer, reply",答,krdict,
대답,daedap,noun,communication,đáp lời,"answer, reply",對答,krdict,
대답하다,daedapada,verb,communication,"đáp lời, đáp lại","answer, reply",對答,krdict,
대화,daehwa,noun,communication,"đối thoại, cuộc đối thoại","dialogue, conversation, talk",對話,krdict,
대화하다,daehwahada,verb,communication,đối thoại,talk,對話,krdict,
드라마,deurama,noun,communication,"kịch, phim truyền hình",drama,,krdict,
들리다,deullida,verb,communication,"được nghe, bị nghe","be heard, be audible",,krdict,
떠들다,tteodeulda,verb,communication,"làm ồn, gây ồn","clamor, make a noise",,krdict,
말,mal,noun,communication,"tiếng nói, giọng nói, lời nói","speech, words",,krdict,
말씀,malsseum,noun,communication,lời,words,,krdict,
말씀하다,malsseumhada,verb,communication,"thưa, nói","say, speak",,krdict,
말하다,malhada,verb,communication,nói,"say, tell, speak",,krdict,
메모,memo,noun,communication,"ghi lại để nhớ, từ ghi nhớ",memo,,krdict,
메시지,mesiji,noun,communication,"tin nhắn, lời nhắn",message,,krdict,
메일,meil,noun,communication,"mail, thư điện tử","e-mail, electronic mail",,krdict,
묻다,mutda,verb,communication,hỏi,"ask, inquire, interrogate",,krdict,
물어보다,mureoboda,verb,communication,"hỏi xem, hỏi thử","ask, inquire, interrogate",,krdict,
부치다,buchida,verb,communication,gửi,send,,krdict,
비디오,bidio,noun,communication,"video, băng hình",video,,krdict,
서울말,seoulmal,noun,communication,tiếng Seoul,Seoul dialect,,krdict,
설명,seolmyeong,noun,communication,"giải thích, trình bày, lời giải thích","explanation, account",說明,krdict,
설명되다,seolmyeongdoeda,verb,communication,được giải thích,"be explained, be accounted for",說明,krdict,
설명하다,seolmyeonghada,verb,communication,giải thích,"explain, account for",說明,krdict,
소개되다,sogaedoeda,verb,communication,được giới thiệu,be introduced,紹介,krdict,
소개하다,sogaehada,verb,communication,giới thiệu,introduce,紹介,krdict,
소리,sori,noun,communication,"âm thanh, tiếng","sound, noise",,krdict,
소식,sosik,noun,communication,tin tức,news,消息,krdict,
소포,sopo,noun,communication,"bưu phẩm, bưu kiện","package, parcel",小包,krdict,
신문,sinmun,noun,communication,"báo, báo chí","newspaper, paper",新聞,krdict,
신호,sinho,noun,communication,tín hiệu,"code, sign",信號,krdict,
신호하다,sinhohada,verb,communication,"ra hiệu, phát tín hiệu","signal, make a sign, give a sign",信號,krdict,
쓰다,sseuda,verb,communication,"viết, chép",write,,krdict,
안내되다,annaedoeda,verb,communication,được hướng dẫn,be made known,案內,krdict,
안내문,annaemun,noun,communication,tờ hướng dẫn,"letter of notice, notice, introduction",案內文,krdict,
안내하다,annaehada,verb,communication,hướng dẫn,make known,案內,krdict,
알람,allam,noun,communication,báo thức,alarm,,krdict,
알파벳,alpabet,noun,communication,bảng chữ cái,alphabet,,krdict,
얘기,yaegi,noun,communication,câu chuyện,story,,krdict,
얘기되다,yaegidoeda,verb,communication,"được nói đến, được nhắc đến",be told,,krdict,
얘기하다,yaegihada,verb,communication,"nói chuyện, kể chuyện","tell, say, speak",,krdict,
언어,eoneo,noun,communication,ngôn ngữ,language,言語,krdict,
여쭙다,yeojjupda,verb,communication,"thưa, trình",ask politely,,krdict,
연결,yeongyeol,noun,communication,"liên kết, liên tục, kết nối",connection,連結,krdict,
연락처,yeollakcheo,noun,communication,"địa chỉ liên lạc, số điện thoại liên lạc",contact information,連絡處,krdict,
연락하다,yeollakada,verb,communication,"liên lạc, thông báo, cho biết","notify, communicate, speak to",連絡聯絡,krdict,
엽서,yeopseo,noun,communication,bưu thiếp,postcard,葉書,krdict,
올림,ollim,noun,communication,"kính thư, kính tặng","Sincerely yours, Yours very truly",,krdict,
외국어,oegugeo,noun,communication,"ngoại ngữ, tiếng nước ngoài",foreign language,外國語,krdict,
우편 번호,upyeon beonho,noun,communication,mã số bưu điện,"zip code, postal code",郵便番號,krdict,
우편 요금,upyeon yogeum,noun,communication,"cước phí vận chuyển, cước phí bưu điện","postage, postal charges",郵便料金,krdict,
우표,upyo,noun,communication,tem,postage stamp,郵票,krdict,
의미,uimi,noun,communication,"ý nghĩa, nghĩa","meaning, sense",意味,krdict,
이야기,iyagi,noun,communication,câu chuyện,story,,krdict,
이야기되다,iyagidoeda,verb,communication,"được kể lại, được thuật lại",be told,,krdict,
이야기하다,iyagihada,verb,communication,nói chuyện,"tell, say, speak",,krdict,
읽다,ikda,verb,communication,đọc,"read, read out",,krdict,
잡지,japji,noun,communication,tạp chí,magazine,雜誌,krdict,
장,jang,noun,communication,chương,chapter,章,krdict,
전자 우편,jeonja upyeon,noun,communication,thư điện tử,"email, e-mail",電子郵便,krdict,
전화,jeonhwa,noun,communication,"cuộc điện thoại, cú điện thoại","call, phone call",電話,krdict,
전화번호,jeonhwabeonho,noun,communication,số điện thoại,phone number,電話番號,krdict,
전화 카드,jeonhwa kadeu,noun,communication,thẻ điện thoại,telephone card,電話,krdict,
전화하다,jeonhwahada,verb,communication,"điện thoại, gọi điện","call, phone",電話,krdict,
제목,jemok,noun,communication,"đề mục, tên, tiêu đề",title,題目,krdict,
주,ju,noun,communication,"chú thích, chú giải",note,註注,krdict,
주소,juso,noun,communication,địa chỉ,address,住所,krdict,
질문,jilmun,noun,communication,"hỏi, chất vấn, câu hỏi",question,質問,krdict,
질문하다,jilmunhada,verb,communication,"đặt câu hỏi, chất vấn, hỏi",ask a question,質問,krdict,
책,chaek,noun,communication,sách,book,冊,krdict,
초대장,chodaejang,noun,communication,thư mời,"invitation, invitation card",招待狀,krdict,
칭찬,chingchan,noun,communication,"khen ngợi, tán dương, lời khen ngợi","praise, compliment",稱讚,krdict,
칭찬하다,chingchanhada,verb,communication,"khen ngợi, tán dương","praise, compliment",稱讚,krdict,
큰소리,keunsori,noun,communication,"tiếng to, tiếng lớn","shouting, yelling",,krdict,
택배,taekbae,noun,communication,giao tận nơi,"parcel delivery service, home-delivery service",宅配,krdict,
통화,tonghwa,noun,communication,Việc nói chuyện điện thoại,talking over the telephone,通話,krdict,
통화되다,tonghwadoeda,verb,communication,"gọi được điện thoại, nối máy được",be talked about over the telephone,通話,krdict,
통화하다,tonghwahada,verb,communication,gọi điện thoại,talk over the telephone,通話,krdict,
편지,pyeonji,noun,communication,bức thư,letter,便紙片紙,krdict,
편지봉투,pyeonjibongtu,noun,communication,bì thư,letter envelope,便紙封套,krdict,
편지하다,pyeonjihada,verb,communication,gửi thư,send a letter,便紙片紙,krdict,
프로그램,peurogeuraem,noun,communication,chương trình,"program, list of shows",,krdict,
한글,hangeul,noun,communication,Hangeul,Hangeul,,krdict,
핸드폰,haendeupon,noun,communication,"điện thoại cầm tay, điện thoại di động","mobile phone, cellular phone",,krdict,
휴대 전화,hyudae jeonhwa,noun,communication,"điện thoại cầm tay, điện thoại di động","mobile phone, cellular phone",携帶電話,krdict,
휴대폰,hyudaepon,noun,communication,"điện thoại cầm tay, điện thoại di động","mobile phone, cellular phone",携帶,krdict,
가을바람,gaeulbaram,noun,nature,gió thu,fall breeze,,krdict,
가을비,gaeulbi,noun,nature,mưa thu,autumn rain,,krdict,
강,gang,noun,nature,sông,river,江,krdict,
겨울나무,gyeoullamu,noun,nature,cây mùa đông,winter tree,,krdict,
겨울눈,gyeoullun,noun,nature,chồi đông,winter bud,,krdict,
겨울바람,gyeoulbaram,noun,nature,gió đông,winter wind,,krdict,
겨울비,gyeoulbi,noun,nature,mưa đông,winter rain,,krdict,
경치,gyeongchi,noun,nature,cảnh trí,"scenery, scene, view",景致,krdict,
과일나무,gwaillamu,noun,nature,"cây ăn trái, cây ăn quả",fruit tree,,krdict,
구름,gureum,noun,nature,đám mây,cloud,,krdict,
그치다,geuchida,verb,nature,"dừng, ngừng, hết",stop,,krdict,
기온,gion,noun,nature,"nhiệt độ thời tiết, nhiệt độ khí hậu",air temperature,氣溫,krdict,
김,gim,noun,nature,cỏ dại,weed,,krdict,
꽃,kkot,noun,nature,"hoa, cây hoa",flower,,krdict,
나무,namu,noun,nature,cây,tree,,krdict,
날씨,nalssi,noun,nature,thời tiết,weather,,krdict,
내리다,naerida,verb,nature,"rơi, rơi xuống","fall, descend",,krdict,
녹다,nokda,verb,nature,"tan, tan ra","melt, thaw",,krdict,
눈,nun,noun,nature,tuyết,snow,,krdict,
단풍잎,danpungnip,noun,nature,lá cây phong,tinged autumnal leaf,丹楓,krdict,
더워지다,deowojida,verb,nature,"nóng lên, trở nên nóng",become hot,,krdict,
덥다,deopda,adjective,nature,nóng,hot,,krdict,
따듯하다,ttadeutada,adjective,nature,ấm áp,warm,,krdict,
따뜻하다,ttatteutada,adjective,nature,"ấm áp, ấm",warm,,krdict,
땅,ttang,noun,nature,"đất, đất liền","ground, land",,krdict,
뜨겁다,tteugeopda,adjective,nature,nóng,hot,,krdict,
맑다,makda,adjective,nature,trong,"clean, clear",,krdict,
맑아지다,malgajida,verb,nature,trở nên trong,"become clean, become clear",,krdict,
무궁화,mugunghwa,noun,nature,"Mugunghwa, hoa Mugung, cây hoa Mugung",mugunghwa,無窮花,krdict,
바다,bada,noun,nature,biển,sea,,krdict,
바닷가,badaga,noun,nature,bờ biển,"beach, coast, seaside",,krdict,
바람,baram,noun,nature,gió,wind,,krdict,
별,byeol,noun,nature,"sao, ông sao, ngôi sao",star,,krdict,
봄비,bombi,noun,nature,mưa xuân,spring rain,,krdict,
불다,bulda,verb,nature,thổi,blow,,krdict,
비,bi,noun,nature,hạt mưa,rain,,krdict,
비구름,bigureum,noun,nature,"mây đen, mây mưa",rain cloud,,krdict,
산,san,noun,nature,núi,mountain,山,krdict,
선선하다,seonseonhada,adjective,nature,"rười rượi, lành lạnh","cool, refreshing",,krdict,
섬,seom,noun,nature,đảo,island,,krdict,
쌀쌀하다,ssalssalhada,adjective,nature,"se lạnh, lành lạnh","chilly, rather cold",,krdict,
안개,angae,noun,nature,sương mù,"fog, mist, haze",,krdict,
얼다,eolda,verb,nature,"đông cứng, đóng băng",freeze,,krdict,
여름날,yeoreumnal,noun,nature,ngày hè,summer day,,krdict,
영상,yeongsang,noun,nature,"độ dương, trên không độ C",temperature above zero,零上,krdict,
영하,yeongha,noun,nature,"độ âm, âm",temperature below zero,零下,krdict,
온도,ondo,noun,nature,nhiệt độ,temperature,溫度,krdict,
일기 예보,ilgi yebo,noun,nature,dự báo thời tiết,weather forecast,日氣豫報,krdict,
잎,ip,noun,nature,lá,leaf,,krdict,
자연,jayeon,noun,nature,"tự nhiên, thiên nhiên",nature,自然,krdict,
장마,jangma,noun,nature,"mưa dai dẳng, mùa mưa","monsoon, monsoon season",,krdict,
장미,jangmi,noun,nature,hoa hồng,rose,薔薇,krdict,
장미꽃,jangmikkot,noun,nature,hoa hồng,rose flower,薔薇,krdict,
차갑다,chagapda,adjective,nature,lạnh,cold,,krdict,
차다,chada,adjective,nature,lạnh,cold,,krdict,
추워지다,chuwojida,verb,nature,trở nên lạnh,"grow cold, become chilly, cool down",,krdict,
춥다,chupda,adjective,nature,lạnh,cold,,krdict,
크리스마스트리,keuriseumaseuteuri,noun,nature,cây thông Nô-en,Christmas tree,,krdict,
태풍,taepung,noun,nature,bão,typhoon,颱風,krdict,
피다,pida,verb,nature,"nở, trổ","bloom, blossom",,krdict,
피우다,piuda,verb,nature,làm nở (hoa); hút (thuốc),make bloom; smoke,,krdict,
하늘,haneul,noun,nature,"trời, bầu trời",sky,,krdict,
해,hae,noun,nature,mặt trời,sun,,krdict,
햇빛,haebit,noun,nature,ánh mặt trời,"sunlight, sunbeam, sunshine",,krdict,
호수,hosu,noun,nature,hồ,lake,湖水,krdict,
흐리다,heurida,adjective,nature,"âm u (trời); mờ, đục",cloudy; dim,,krdict,
강아지,gangaji,noun,animals,"chó con, cún con",puppy,,krdict,
개,gae,noun,animals,chó,dog,,krdict,
검정말,geomjeongmal,noun,animals,"ngựa ô, ngựa đen",black horse,,krdict,
고양이,goyangi,noun,animals,con mèo,cat,,krdict,
날다,nalda,verb,animals,bay,fly,,krdict,
네발,nebal,noun,animals,bốn chân,four feet,,krdict,
닭,dak,noun,animals,con gà,hen,,krdict,
동물,dongmul,noun,animals,động vật,animal,動物,krdict,
돼지,dwaeji,noun,animals,"con lợn, con heo",pig,,krdict,
말,mal,noun,animals,con ngựa,horse,,krdict,
모기,mogi,noun,animals,muỗi,mosquito,,krdict,
문어,muneo,noun,animals,con bạch tuộc,octopus,文魚,krdict,
문어발,muneobal,noun,animals,chân bạch tuộc,"legs of octopus, tentacles",文魚,krdict,
물고기,mulgogi,noun,animals,cá,fish,,krdict,
뱀,baem,noun,animals,con rắn,snake,,krdict,
벌,beol,noun,animals,con ong,bee,,krdict,
산토끼,santokki,noun,animals,thỏ rừng,wild rabbit,山,krdict,
새,sae,noun,animals,chim,bird,,krdict,
소,so,noun,animals,con bò,cow,,krdict,
얼룩말,eollungmal,noun,animals,ngựa vằn,zebra,,krdict,
캥거루,kaenggeoru,noun,animals,"con căngguru, chuột túi",kangaroo,,krdict,
코끼리,kokkiri,noun,animals,con voi,elephant,,krdict,
토끼,tokki,noun,animals,con thỏ,rabbit,,krdict,
판다,panda,noun,animals,"panda, gấu trúc",panda,,krdict,
호랑이,horangi,noun,animals,con hổ,tiger,虎狼,krdict,
가격표,gagyeokpyo,noun,society,bảng giá,"price list, price table",價格表,krdict,
거절,geojeol,noun,society,"từ chối, cự tuyệt","refusal, rejection, denial",拒絕,krdict,
거절되다,geojeoldoeda,verb,society,"bị từ chối, bị cự tuyệt","be refused, be rejected, be denied",拒絕,krdict,
거절하다,geojeolhada,verb,society,"từ chối, khước từ","refuse, reject, deny",拒絕,krdict,
검사하다,geomsahada,verb,society,kiểm tra,"examine, inspect",檢査,krdict,
경찰,gyeongchal,noun,society,cảnh sát,"police, policing",警察,krdict,
공무원,gongmuwon,noun,society,"công chức, viên chức",civil servant,公務員,krdict,
관계,gwangye,noun,society,quan hệ,relationship,關係,krdict,
교회,gyohoe,noun,society,"giáo hội, nhà thờ",church,敎會,krdict,
국제,gukje,noun,society,quốc tế,"being international, being global",國際,krdict,
군인,gunin,noun,society,"quân nhân, bộ đội",soldier,軍人,krdict,
규칙,gyuchik,noun,society,quy tắc,rule,規則,krdict,
그만두다,geumanduda,verb,society,"bỏ dở, từ bỏ",stop,,krdict,
금지되다,geumjidoeda,verb,society,"bị cấm đoán, bị cấm","be banned, be prohibited",禁止,krdict,
금지하다,geumjihada,verb,society,"cấm chỉ, cấm","ban, prohibit",禁止,krdict,
대회,daehoe,noun,society,đại hội,"meeting, convention",大會,krdict,
덕분,deokbun,noun,society,"nhờ vào, nhờ ơn, nhờ sự giúp đỡ",indebtedness,德分,krdict,
데려가다,deryeogada,verb,society,"dẫn đi, dẫn theo","take someone away, take someone with one",,krdict,
데려오다,deryeooda,verb,society,"dẫn đến, dắt theo","bring someone with one, come in company with",,krdict,
데이트,deiteu,noun,society,"hẹn hò, cuộc hẹn hò",date,,krdict,
도움,doum,noun,society,giúp đỡ,help,,krdict,
마중,majung,noun,society,ra đón,pick up,,krdict,
명절,myeongjeol,noun,society,"ngày lễ tết, ngày tết",national holiday,名節,krdict,
모시다,mosida,verb,society,phụng dưỡng,"serve, attend, wait on",,krdict,
모임,moim,noun,society,"cuộc gặp mặt, cuộc họp","meeting, gathering",,krdict,
반대하다,bandaehada,verb,society,phản đối,"oppose, object",反對,krdict,
방문,bangmun,noun,society,"thăm viếng, đến gặp, đến thăm",visit,訪問,krdict,
방문하다,bangmunhada,verb,society,"thăm, thăm viếng, viếng thăm",visit,訪問,krdict,
변호사,byeonhosa,noun,society,luật sư,lawyer,辯護士,krdict,
병문안,byeongmunan,noun,society,đi thăm bệnh,visit to a sick person,病問安,krdict,
뵙다,boepda,verb,society,"gặp, thăm","see, meet, meet with",,krdict,
부탁,butak,noun,society,"nhờ cậy, nhờ vả",request,付託,krdict,
부탁하다,butakada,verb,society,"nhờ, phó thác",request,付託,krdict,
비밀,bimil,noun,society,bí mật,"secret, covertness",祕密,krdict,
사귀다,sagwida,verb,society,"kết giao, kết bạn","get along with, go around with, go out with",,krdict,
생일잔치,saengiljanchi,noun,society,tiệc sinh nhật,birthday party,生日,krdict,
서비스하다,seobiseuhada,verb,society,làm dịch vụ,"give service, provide service",,krdict,
선물,seonmul,noun,society,"tặng quà, món quà","gift, present",膳物,krdict,
선물하다,seonmulhada,verb,society,"tặng quà, cho quà, biếu quà",give a gift,膳物,krdict,
선택되다,seontaekdoeda,verb,society,"được chọn, được lựa, được chọn lựa","be chosen, be selected",選擇,krdict,
선택하다,seontaekada,verb,society,"chọn, lựa, chọn lựa","choose, make a choice, select",選擇,krdict,
세배,sebae,noun,society,"sebae, tuế bái, lạy chào",sebae,歲拜,krdict,
세뱃돈,sebaedon,noun,society,"tiền mừng tuổi, tiền lì xì","sebaedon, sebaetdon",歲拜,krdict,
소개,sogae,noun,society,giới thiệu,mediation,紹介,krdict,
시민,simin,noun,society,"thị dân, dân thành thị","urbanite, city dweller",市民,krdict,
신분증,sinbunjeung,noun,society,"chứng minh thư, giấy tờ tùy thân",identification card,身分證,krdict,
신청,sincheong,noun,society,đăng kí,application,申請,krdict,
신청되다,sincheongdoeda,verb,society,được đăng kí,be applied,申請,krdict,
신청하다,sincheonghada,verb,society,đăng kí,apply,申請,krdict,
실례되다,sillyedoeda,verb,society,thất lễ,"commit a breach of etiquette, commit a discourtesy",失禮,krdict,
실수하다,silsuhada,verb,society,"sai sót, sơ xuất","make a mistake, make a slip",失手,krdict,
싸우다,ssauda,verb,society,"đánh lộn, cãi vã","fight, quarrel, dispute",,krdict,
안내,annae,noun,society,hướng dẫn,introduction,案內,krdict,
약속,yaksok,noun,society,"hứa hẹn, lời hứa","promise, appointment, pledge",約束,krdict,
약속되다,yaksokdoeda,verb,society,"được hứa hẹn, được hẹn",be agreed,約束,krdict,
약속하다,yaksokada,verb,society,"hẹn, hứa hẹn","promise, pledge, make an appointment",約束,krdict,
어울리다,eoullida,verb,society,"hòa hợp, phù hợp",harmonize,,krdict,
연락,yeollak,noun,society,liên lạc,communication,連絡聯絡,krdict,
예약되다,yeyakdoeda,verb,society,được đặt trước,"be booked, be reserved in advance",豫約,krdict,
예약하다,yeyakada,verb,society,đặt trước,"make a reservation, book",豫約,krdict,
왕,wang,noun,society,vua,"king, male monarch",王,krdict,
외국인 등록증,oegugin deungrokjeung,noun,society,thẻ đăng ký người nước ngoài,certificate of alien registration,外國人登錄證,krdict,
자기소개,jagisogae,noun,society,tự giới thiệu,self introduction,自己紹介,krdict,
잔치,janchi,noun,society,bữa tiệc,"party, feast, banquet",,krdict,
전하다,jeonhada,verb,society,"truyền lại, lưu truyền","remain, be passed on",傳,krdict,
집들이,jipdeuri,noun,society,"tiệc tân gia, tiệc khánh thành nhà mới",housewarming party,,krdict,
집들이하다,jipdeurihada,verb,society,tân gia,housewarming,,krdict,
찬성,chanseong,noun,society,"tán thành, đồng tình","agreement, consent",贊成,krdict,
찬성하다,chanseonghada,verb,society,"đồng tình, tán thành","agree, consent",贊成,krdict,
초대,chodae,noun,society,"mời, lời mời",invitation,招待,krdict,
초대되다,chodaedoeda,verb,society,được mời,be invited,招待,krdict,
초대하다,chodaehada,verb,society,mời,invite,招待,krdict,
출석하다,chulseokada,verb,society,có mặt,attend,出席,krdict,
취소,chwiso,noun,society,hủy bỏ,cancellation,取消,krdict,
취소되다,chwisodoeda,verb,society,bị hủy bỏ,be cancelled,取消,krdict,
취소하다,chwisohada,verb,society,hủy bỏ,cancel,取消,krdict,
크리스마스이브,keuriseumaseuibeu,noun,society,"đêm Giáng sinh, đêm Nô-en",Christmas Eve,,krdict,
파티,pati,noun,society,"buổi tiệc, buổi họp mặt",party,,krdict,
한턱,hanteok,noun,society,"khao, đãi",treat,,krdict,
한턱내다,hanteongnaeda,verb,society,"khao, đãi",treat,,krdict,
행사,haengsa,noun,society,"kiện, buổi lễ, tổ chức sự kiện","event, occasion, ceremony",行事,krdict,
노트북 컴퓨터,noteubuk keompyuteo,noun,science-tech,máy tính xách tay,laptop,,krdict,
데스크톱 컴퓨터,deseukeutop keompyuteo,noun,science-tech,máy vi tính để bàn,desktop computer,,krdict,
앱,aep,noun,science-tech,ứng dụng,app,,krdict,
와이파이,waipai,noun,science-tech,mạng không dây,Wi-Fi,,krdict,
인터넷,inteonet,noun,science-tech,mạng internet,Internet,,krdict,
인터넷 사이트,inteonet saiteu,noun,science-tech,trang web,internet site,,krdict,
컴퓨터,keompyuteo,noun,science-tech,máy vi tính,computer,,krdict,
피시,pisi,noun,science-tech,máy tính cá nhân,"PC, personal computer",,krdict,
국내,gungnae,noun,countries,"quốc nội, trong nước, nội địa","interior of a country, domestic territory",國內,krdict,
국적,gukjeok,noun,countries,quốc tịch,"nationality, citizenship",國籍,krdict,
나라,nara,noun,countries,"đất nước, quốc gia, nhà nước","country, nation, state",,krdict,
세계,segye,noun,countries,thế giới,"world, universe",世界,krdict,
외국,oeguk,noun,countries,ngoại quốc,foreign country,外國,krdict,
우리나라,urinara,noun,countries,"nước ta, Hàn Quốc",our country,,krdict,
해외,haeoe,noun,countries,"hải ngoại, nước ngoài","foreign country, overseas",海外,krdict,
가을,gaeul,noun,time,mùa thu,fall,,krdict,
가을날,gaeullal,noun,time,"ngày thu, trời thu",autumn day,,krdict,
가을밤,gaeulbam,noun,time,đêm thu,autumn night,,krdict,
겨울,gyeoul,noun,time,mùa đông,winter,,krdict,
겨울날,gyeoullal,noun,time,ngày đông,winter day,,krdict,
계속,gyesok,noun,time,liên tục,"continuance, succession",繼續,krdict,
계절,gyejeol,noun,time,mùa,season,季節,krdict,
곧,got,adverb,time,ngay,immediately,,krdict,
공휴일,gonghyuil,noun,time,ngày lễ,public holiday,公休日,krdict,
과거,gwageo,noun,time,quá khứ,past,過去,krdict,
구월,guwol,noun,time,tháng chín,September,九月,krdict,
그날,geunal,noun,time,"ngày đó, ngày ấy","that day, the day",,krdict,
그다음,geudaeum,noun,time,"sau đó, tiếp sau","next, following",,krdict,
그담,geudam,noun,time,"sau đó, tiếp sau","next, following",,krdict,
그동안,geudongan,noun,time,trong thời gian qua,"meantime, meanwhile",,krdict,
그때,geuttae,noun,time,"lúc đó, khi đó","that time, that moment, then",,krdict,
그저께,geujeokke,noun,time,hôm kia; ngày hôm kia,the day before yesterday; the day before yesterday,,krdict,
그해,geuhae,noun,time,"năm đó, năm ấy","that year, the year",,krdict,
금방,geumbang,adverb,time,"vừa mới đây, vừa khi nãy",moment ago,今方,krdict,
금요일,geumyoil,noun,time,thứ Sáu,Friday,金曜日,krdict,
기간,gigan,noun,time,"thời gian, khoảng thời gian","period, term",期間,krdict,
끝,kkeut,noun,time,"kết thúc, cuối cùng","end, final",,krdict,
나중,najung,noun,time,sau này,"next time, later",,krdict,
나흘,naheul,noun,time,Bốn ngày,four days,,krdict,
날,nal,noun,time,ngày,day,,krdict,
날짜,naljja,noun,time,ngày tháng; số ngày,date; number of days,,krdict,
낮,nat,noun,time,ban ngày,"day, daytime",,krdict,
내년,naenyeon,noun,time,"năm tới, năm sau",next year,來年,krdict,
내일,naeil,noun,time,ngày mai,"days to come, future",來日,krdict,
내일모레,naeilmore,noun,time,"ngày kia, ngày mốt",day after tomorrow,來日,krdict,
낼,nael,noun,time,ngày mai,tomorrow,,krdict,
늦다,neutda,verb,time,"muộn, trễ; trễ, muộn","be late; late, later",,krdict,
다음,daeum,noun,time,sau,"next, following",,krdict,
다음날,daeumnal,noun,time,ngày sau,someday,,krdict,
돌,dol,noun,time,sinh nhật đầu tiên (thôi nôi); tuổi (của trẻ),first birthday,,krdict,
동시,dongsi,noun,time,"đồng thời, cùng một lúc","simultaneousness, concurrence",同時,krdict,
동안,dongan,noun,time,"trong, trong suốt, trong khoảng",while,,krdict,
드디어,deudieo,adverb,time,"cuối cùng thì…, kết cuộc thì","at last, finally",,krdict,
때,ttae,noun,time,"khi, lúc",time,,krdict,
마지막,majimak,noun,time,cuối cùng,last,,krdict,
말,mal,noun,time,"cuối (kì, học kì, năm, thời kì…)",end,末,krdict,
매년,maenyeon,noun,time,hàng năm; mỗi năm,"being annual; year by year, annually",每年,krdict,
매달,maedal,noun,time,"hàng tháng, mỗi tháng; mỗi tháng",being monthly; every month,每,krdict,
매일,maeil,noun,time,mỗi ngày,everyday,每日,krdict,
매주,maeju,noun,time,mỗi tuần,being weekly,每週,krdict,
매해,maehae,noun,time,"hàng năm, mỗi năm",being annual,每,krdict,
먼저,meonjeo,noun,time,"trước, trước tiên","first, before",,krdict,
며칠,myeochil,noun,time,mấy ngày; ngày mấy,a few days; what day,,krdict,
모레,more,noun,time,"ngày mốt; Ngày mốt, ngày kia",day after tomorrow; the day after tomorrow,,krdict,
목요일,mogyoil,noun,time,thứ năm,Thursday,木曜日,krdict,
미래,mirae,noun,time,tương lai,"future, days ahead",未來,krdict,
미리,miri,adverb,time,trước,"in advance, ahead of time",,krdict,
반년,bannyeon,noun,time,nửa năm,"half year, six months",半年,krdict,
반달,bandal,noun,time,nửa tháng,half month,半,krdict,
밤,bam,noun,time,đêm,"night, evening",,krdict,
방금,banggeum,noun,time,"vừa mới, vừa nãy, hồi nãy",moment ago,方今,krdict,
벌써,beolsseo,adverb,time,đã,so soon,,krdict,
봄,bom,noun,time,mùa xuân,spring,,krdict,
사계절,sagyejeol,noun,time,bốn mùa,four seasons,四季節,krdict,
사월,sawol,noun,time,tháng tư,April,四月,krdict,
사흘,saheul,noun,time,ba ngày,three days,,krdict,
삼월,samwol,noun,time,tháng ba,March,三月,krdict,
새벽,saebyeok,noun,time,"bình minh, hừng đông",dawn,,krdict,
새해,saehae,noun,time,năm mới,new year,,krdict,
수,su,noun,time,thứ Tư (viết tắt),Wednesday,水,krdict,
수요일,suyoil,noun,time,thứ tư,Wednesday,水曜日,krdict,
시,si,noun,time,giờ,"o'clock, hour",時,krdict,
시작,sijak,noun,time,"bắt đầu, bước đầu","start, beginning",始作,krdict,
십이월,sibiwol,noun,time,tháng mười hai,December,十二月,krdict,
십일월,sibirwol,noun,time,tháng mười một,November,十一月,krdict,
아까,akka,noun,time,"lúc nãy, hồi nảy; lúc nãy, vừa mới đây","a moment ago; a little while ago, a moment ago",,krdict,
아직,ajik,adverb,time,"chưa, vẫn","yet, still",,krdict,
아침,achim,noun,time,buổi sáng; bữa sáng,morning; breakfast,,krdict,
어서,eoseo,adverb,time,"nhanh lên, mau lên","quickly, without hesitation, without delay",,krdict,
어제,eoje,noun,time,hôm qua,yesterday,,krdict,
어젯밤,eojebam,noun,time,đêm qua,last night,,krdict,
언제나,eonjena,adverb,time,"luôn luôn, bao giờ cũng","always, all the time",,krdict,
여름,yeoreum,noun,time,mùa hè,summer,,krdict,
연말,yeonmal,noun,time,cuối năm,end of the year,年末,krdict,
연휴,yeonhyu,noun,time,"nghỉ dài ngày, kỳ nghỉ dài ngày",consecutive holidays,連休,krdict,
열흘,yeolheul,noun,time,"mười ngày, 10 ngày",ten days,,krdict,
옛,yet,determiner,time,"của thuở xưa, của ngày trước","old, ancient",,krdict,
옛날,yennal,noun,time,"ngày xưa, thuở xa xưa","past, ancient times",,krdict,
오늘,oneul,noun,time,"ngày hôm nay, hôm nay; hôm nay, vào ngày hôm nay",today; today,,krdict,
오래,orae,adverb,time,lâu,long,,krdict,
오래간만,oraeganman,noun,time,lâu rồi mới lại~,being after a long time,,krdict,
오래되다,oraedoeda,adjective,time,"lâu năm, cũ","old, ancient",,krdict,
오랜만,oraenman,noun,time,lâu rồi mới lại~,being after a long time,,krdict,
오랫동안,oraedongan,noun,time,quá lâu,for ages,,krdict,
오월,owol,noun,time,tháng năm,May,五月,krdict,
오전,ojeon,noun,time,buổi sáng,morning,午前,krdict,
오후,ohu,noun,time,buổi chiều,afternoon,午後,krdict,
올해,olhae,noun,time,năm nay,this year,,krdict,
요일,yoil,noun,time,thứ,day of the week,曜日,krdict,
요즘,yojeum,noun,time,"gần đây, dạo gần đây, dạo này","nowadays, these days",,krdict,
월,wol,noun,time,thứ Hai (viết tắt),Monday,月,krdict,
월요일,woryoil,noun,time,thứ Hai,Monday,月曜日,krdict,
유월,yuwol,noun,time,tháng sáu,June,六月,krdict,
이날,inal,noun,time,ngày này,"that day, this day",,krdict,
이따가,ittaga,adverb,time,"lát nữa, chút nữa, chốc nữa","a little later, a short time later",,krdict,
이때,ittae,noun,time,lúc này,"this time, this moment, this instant",,krdict,
이르다,ireuda,adjective,time,sớm,"early, premature",,krdict,
이미,imi,adverb,time,"trước, rồi",already,,krdict,
이번,ibeon,noun,time,lần này,this time,番,krdict,
이월,iwol,noun,time,tháng 2,February,二月,krdict,
이전,ijeon,noun,time,trước đây,"previous time, before",以前,krdict,
이제,ije,noun,time,bây giờ,now,,krdict,
이틀,iteul,noun,time,"hai hôm, hai bữa",(no equivalent expression),,krdict,
이후,ihu,noun,time,"sau này, mai đây, mai sau","later time, the future",以後,krdict,
일,il,noun,time,Chủ nhật (viết tắt),Sunday,日,krdict,
일요일,iryoil,noun,time,ngày chủ nhật,Sunday,日曜日,krdict,
일월,irwol,noun,time,"tháng 1, tháng giêng",January,一月,krdict,
일주일,iljuil,noun,time,một tuần,"one week, a week",一週日,krdict,
일찍,iljjik,adverb,time,sớm,early,,krdict,
작년,jangnyeon,noun,time,năm trước,last year,昨年,krdict,
잠깐,jamkkan,noun,time,"chốc lát, một chốc, một lát; trong chốc lát, một chốc, một lát","while, moment; for a moment, for an instant, for a while",,krdict,
잠시,jamsi,noun,time,tạm thời,"moment, short while",暫時,krdict,
저녁,jeonyeok,noun,time,buổi tối,evening,,krdict,
저번,jeobeon,noun,time,"lần kia, lần nọ",the other time,番,krdict,
전,jeon,noun,time,"trước đây, ngày trước; trước, cũ",past; former,前,krdict,
전전,jeonjeon,determiner,time,rất lâu trước đây,before last,前前,krdict,
점심,jeomsim,noun,time,bữa trưa,lunch,點心,krdict,
점심시간,jeomsimsigan,noun,time,"giờ ăn trưa, thời gian ăn trưa",lunchtime,點心時間,krdict,
주말,jumal,noun,time,cuối tuần,weekend,週末,krdict,
중,jung,noun,time,"đang, trong khi; trong số","during, among",中,krdict,
지,ji,noun,time,kể từ khi (… được bao lâu),since,,krdict,
지금,jigeum,noun,time,bây giờ,now,只今,krdict,
지나다,jinada,verb,time,"qua, trôi qua","pass, elapse",,krdict,
지난달,jinandal,noun,time,"tháng rồi, tháng trước",last month,,krdict,
지난번,jinanbeon,noun,time,lần trước,"last time, the other day",番,krdict,
지난주,jinanju,noun,time,"tuần trước, tuần rồi",last week,週,krdict,
지난해,jinanhae,noun,time,"năm rồi, năm ngoái, năm trước",last year,,krdict,
처음,cheoeum,noun,time,"đầu tiên, lần đầu tiên","first, forefront",,krdict,
첫날,cheonnal,noun,time,"ngày đầu tiên, hôm đầu tiên",first day,,krdict,
첫해,cheotae,noun,time,năm đầu,first year,,krdict,
초,cho,noun,time,"sơ, đầu",beginning,初,krdict,
최근,choegeun,noun,time,Gần đây,"the latest, the most recent",最近,krdict,
칠월,chirwol,noun,time,tháng bảy,July,七月,krdict,
토요일,toyoil,noun,time,thứ bảy,Saturday,土曜日,krdict,
팔월,parwol,noun,time,tháng tám,August,八月,krdict,
평소,pyeongso,noun,time,"thường khi, thường ngày",ordinary times,平素,krdict,
평일,pyeongil,noun,time,"thường ngày, mọi khi",ordinary times,平日,krdict,
하루,haru,noun,time,một ngày,day,,krdict,
학기,hakgi,noun,time,học kì,"semester, term",學期,krdict,
학년,hangnyeon,noun,time,"niên học, năm học",school year,學年,krdict,
해마다,haemada,adverb,time,"mỗi năm, hàng năm","every year, each year",,krdict,
현재,hyeonjae,noun,time,hiện tại,"now, present, today",現在,krdict,
화요일,hwayoil,noun,time,thứ ba,Tuesday,火曜日,krdict,
후,hu,noun,time,phù (thở ra),phew,後,krdict,
가득,gadeuk,adverb,numbers,đầy,full,,krdict,
가장,gajang,adverb,numbers,nhất,best,,krdict,
가지,gaji,counter,numbers,"thứ, kiểu","kind, sort",,krdict,
각각,gakgak,noun,numbers,"từng, mỗi; mỗi một, riêng, từng","each, every single; each, every",各各,krdict,
개,gae,counter,numbers,cái,gae,個箇介,krdict,
개월,gaewol,counter,numbers,tháng,month,個月,krdict,
거리,geori,counter,numbers,"thứ, việc (để làm: 일거리, 먹을거리)",material for,,krdict,
거의,geoui,noun,numbers,"hầu hết, gần như; hầu hết, hầu như","most, almost; all but",,krdict,
구,gu,numeral,numbers,số chín,nine,九,krdict,
구십,gusip,numeral,numbers,"chín mươi, 90",ninety,九十,krdict,
권,gwon,counter,numbers,"cuốn, quyển","volume, book",卷,krdict,
그램,geuraem,counter,numbers,"gam, gram",gram,,krdict,
그루,geuru,counter,numbers,"cây, gốc",tree,,krdict,
길이,giri,noun,numbers,chiều dài,"length, distance",,krdict,
나머지,nameoji,noun,numbers,"phần còn lại, còn lại","the rest, remainder",,krdict,
네,ne,determiner,numbers,bốn,four,,krdict,
네다섯,nedaseot,numeral,numbers,"bốn năm; bốn năm, bốn hay năm",about four or five; four or five,,krdict,
넷,net,numeral,numbers,bốn,four,,krdict,
넷째,netjjae,noun,numbers,"bốn lần; thứ bốn, thứ tư",fourth; fourth,,krdict,
년,nyeon,counter,numbers,năm,nyeon,年,krdict,
높이,nopi,noun,numbers,"chiều cao, độ cao","height, depth",,krdict,
다,da,noun,numbers,"tất cả; hết, tất cả","all, everything; all, everything",,krdict,
다섯,daseot,numeral,numbers,số năm,five,,krdict,
다섯째,daseotjjae,noun,numbers,thứ năm,fifth,,krdict,
다시,dasi,adverb,numbers,lại,again,,krdict,
달,dal,noun,numbers,"trăng, mặt trăng, vầng trăng; tháng",moon; month,,krdict,
대,dae,counter,numbers,chiếc,dae,臺,krdict,
대부분,daebubun,noun,numbers,"đại bộ phận, đại đa số; đa số, phần lớn","most, bulk, majority; mostly, largely",大部分,krdict,
더,deo,adverb,numbers,"thêm nữa, hơn nữa",more,,krdict,
두,du,determiner,numbers,hai,two,,krdict,
두세,duse,determiner,numbers,hai ba,a couple of,,krdict,
두셋,duset,numeral,numbers,hai ba,about two or three,,krdict,
둘,dul,numeral,numbers,hai,two,,krdict,
둘째,duljjae,noun,numbers,"lần thứ hai, lần hai; thứ hai",second; second,,krdict,
마리,mari,counter,numbers,con,mari,,krdict,
마흔,maheun,numeral,numbers,bốn mươi,forty,,krdict,
만,man,numeral,numbers,"mười nghìn; mười nghìn, một vạn",ten thousand; ten thousand,,krdict,
많다,manta,adjective,numbers,nhiều,"plentiful, many, a lot of",,krdict,
많이,mani,adverb,numbers,nhiều,"much, in large numbers, in large amounts",,krdict,
명,myeong,counter,numbers,người,person,名,krdict,
모두,modu,noun,numbers,"tất cả, toàn thể; mọi",all; all of,,krdict,
모든,modeun,determiner,numbers,"tất cả, toàn bộ",every,,krdict,
모자라다,mojarada,verb,numbers,thiếu,"lack, be short, be insufficient",,krdict,
무게,muge,noun,numbers,"độ nặng, trọng lượng",weight,,krdict,
미터,miteo,counter,numbers,mét,meter,,krdict,
반,ban,noun,numbers,nửa,half,半,krdict,
배,bae,counter,numbers,lần (gấp ~ lần); chén,times (multiple),杯,krdict,
백,baek,numeral,numbers,"một trăm, 100",hundred,百,krdict,
백만,baengman,numeral,numbers,"triệu, một triệu",million,百萬,krdict,
번,beon,counter,numbers,lần,beon,番,krdict,
번째,beonjjae,counter,numbers,thứ,beonjjae,番,krdict,
번호,beonho,noun,numbers,số,number,番號,krdict,
벌,beol,noun,numbers,bộ,set,,krdict,
병,byeong,noun,numbers,"bình, chai, lọ",bottle,甁,krdict,
부족,bujok,noun,numbers,"thiếu hụt, thiếu thốn","shortage, lack",不足,krdict,
분,bun,counter,numbers,"vị, ngài, người; phút",(no equivalent expression); minute,,krdict,
비다,bida,verb,numbers,"trống không, trống rỗng","be empty, be vacant",,krdict,
사,sa,numeral,numbers,số bốn,four,四,krdict,
사십,sasip,numeral,numbers,bốn mươi,forty,四十,krdict,
살,sal,counter,numbers,tuổi,years old,,krdict,
삼,sam,numeral,numbers,ba,three,三,krdict,
삼십,samsip,numeral,numbers,ba mươi,thirty,三十,krdict,
상자,sangja,noun,numbers,"hộp, hòm, thùng",box,箱子,krdict,
서너,seoneo,determiner,numbers,ba bốn,three or four,,krdict,
서넛,seoneot,numeral,numbers,ba bốn,about three or four,,krdict,
서른,seoreun,numeral,numbers,ba mươi,thirty,,krdict,
세,se,determiner,numbers,ba; tuổi,three; se,,krdict,
센티,senti,counter,numbers,centimet,centimeter,,krdict,
센티미터,sentimiteo,counter,numbers,centimet,centimeter,,krdict,
셋,set,numeral,numbers,ba,three,,krdict,
셋째,setjjae,noun,numbers,"lần thứ ba, cái thứ ba",third,,krdict,
속도,sokdo,noun,numbers,tốc độ,speed,速度,krdict,
수,su,counter,numbers,"nước (cờ), bước",move (in a game),手,krdict,
순서,sunseo,noun,numbers,thứ tự,"order, sequence",順序,krdict,
숫자,suja,noun,numbers,chữ số,"number, figure",數字,krdict,
쉰,swin,numeral,numbers,năm mươi,fifty,,krdict,
스무,seumu,determiner,numbers,Hai mươi,twenty,,krdict,
스물,seumul,numeral,numbers,Hai mươi,twenty,,krdict,
시간,sigan,noun,numbers,"thời gian; giờ, tiếng",time; hour,時間,krdict,
시월,siwol,noun,numbers,tháng mười,October,十月,krdict,
십,sip,numeral,numbers,mười,ten,十,krdict,
십만,simman,numeral,numbers,"mười vạn, một trăm ngàn",hundred thousand,十萬,krdict,
아홉,ahop,numeral,numbers,chín,nine,,krdict,
아흔,aheun,numeral,numbers,chín mươi,ninety,,krdict,
억,eok,numeral,numbers,một trăm triệu,hundred million,億,krdict,
얼마나,eolmana,adverb,numbers,"biết bao, biết nhường nào",how,,krdict,
여덟,yeodeol,numeral,numbers,8; số 8,eight; eight,,krdict,
여든,yeodeun,numeral,numbers,tám mươi,eighty,,krdict,
여러,yeoreo,determiner,numbers,nhiều,"several, many, a lot of",,krdict,
여섯,yeoseot,numeral,numbers,"sáu, 6",six,,krdict,
열,yeol,numeral,numbers,số mười,ten,,krdict,
영,yeong,noun,numbers,số không,zero,零,krdict,
예순,yesun,numeral,numbers,sáu mươi,sixty,,krdict,
오,o,numeral,numbers,năm,five,五,krdict,
오십,osip,numeral,numbers,năm mươi,fifty,五十,krdict,
원,won,counter,numbers,Won,won,,krdict,
월,wol,noun,numbers,tháng,"month, being monthly",月,krdict,
육,yuk,numeral,numbers,sáu,six,六,krdict,
육십,yuksip,numeral,numbers,sáu mươi,sixty,六十,krdict,
이,i,numeral,numbers,hai,two,二貳,krdict,
이십,isip,numeral,numbers,hai mươi,twenty,二十,krdict,
인분,inbun,counter,numbers,"suất, phần",inbun,人分,krdict,
일,il,noun,numbers,"ngày; một, nhất",day; one,日,krdict,
일곱,ilgop,numeral,numbers,bảy,seven,,krdict,
일흔,ilheun,numeral,numbers,bảy mươi,seventy,,krdict,
잔,jan,noun,numbers,"cốc, tách, ly",cup,盞,krdict,
장,jang,counter,numbers,trang,"piece, sheet",張,krdict,
전부,jeonbu,noun,numbers,toàn bộ,everything,全部,krdict,
전체,jeonche,noun,numbers,toàn thể,whole,全體,krdict,
조금,jogeum,noun,numbers,"một chút, chút ít; một chút, một ít","a little, little; a little",,krdict,
조금씩,jogeumssik,adverb,numbers,"từng chút một, từng tý một, chút xíu một",little by little,,krdict,
주,ju,counter,numbers,tuần,week,週,krdict,
주일,juil,noun,numbers,tuần,week,週日,krdict,
줄다,julda,verb,numbers,"giảm, co, ngót","shrink, diminish",,krdict,
줄이다,jurida,verb,numbers,"làm giảm, rút ngắn, thu nhỏ","turn down, reduce, shorten",,krdict,
짝,jjak,noun,numbers,"một cặp, một đôi, một chiếc","couple, pair, piece",,krdict,
차례,charye,noun,numbers,"thứ tự, lượt; lễ cúng tổ tiên (charye)","order, turn",次例,krdict,
천,cheon,numeral,numbers,"một nghìn, một ngàn",thousand,千,krdict,
천만,cheonman,noun,numbers,"ngàn vạn, muôn vàn; mười triệu","ten million, millions of times; ten million",千萬,krdict,
첫,cheot,determiner,numbers,"đầu, đầu tiên, trước tiên",first,,krdict,
첫째,cheotjjae,noun,numbers,"thứ nhất; thứ nhất, trước tiên, trước nhất",first; first,,krdict,
초,cho,counter,numbers,giây,second,秒,krdict,
칠,chil,numeral,numbers,bảy,seven,七,krdict,
칠십,chilsip,numeral,numbers,bảy mươi,seventy,七十,krdict,
켤레,kyeolle,counter,numbers,đôi,pair,,krdict,
크기,keugi,noun,numbers,"độ lớn, kích cỡ",size,,krdict,
킬로,killo,counter,numbers,kí lô (gam),kilogram,,krdict,
킬로그램,killogeuraem,counter,numbers,kí lô gam,kilogram,,krdict,
킬로미터,killomiteo,counter,numbers,"kilomet, kí-lô-mét",kilometer,,krdict,
통,tong,noun,numbers,"cái, quả (đếm thư, cuộc gọi, trái cây)","counter for letters, calls",,krdict,
팔,pal,numeral,numbers,tám,eight,八,krdict,
팔십,palsip,numeral,numbers,tám mươi,eighty,八十,krdict,
하나,hana,noun,numbers,một (số thuần Hàn),one,,krdict,
한,han,determiner,numbers,một,one,,krdict,
한두,handu,determiner,numbers,một hai,"a couple of, one or two",,krdict,
한둘,handul,numeral,numbers,"một hai, một vài",about one or two,,krdict,
호,ho,counter,numbers,số,ho,號,krdict,
호선,hoseon,counter,numbers,tuyến số,line,號線,krdict,
갈색,galsaek,noun,colors,màu nâu,brown,褐色,krdict,
검은색,geomeunsaek,noun,colors,"màu đen, màu mun",black,色,krdict,
검정색,geomjeongsaek,noun,colors,màu đen,black,色,krdict,
까만색,kkamansaek,noun,colors,màu đen,black,色,krdict,
까맣다,kkamata,adjective,colors,"đen ngòm, đen sì sì",pitch-dark,,krdict,
노란색,noransaek,noun,colors,màu vàng,yellow,色,krdict,
노랗다,norata,adjective,colors,màu vàng,yellow,,krdict,
녹색,noksaek,noun,colors,"màu xanh lá cây, màu xanh lục",green,綠色,krdict,
밝은색,balgeunsaek,noun,colors,màu sáng,bright color,色,krdict,
보라색,borasaek,noun,colors,màu tím,"violet, purple",色,krdict,
분홍색,bunhongsaek,noun,colors,"sắc hồng, màu hồng",pink,粉紅色,krdict,
붉다,bukda,adjective,colors,"đỏ, đỏ tía, đỏ tươi",red,,krdict,
빨간색,ppalgansaek,noun,colors,màu đỏ,red color,色,krdict,
빨갛다,ppalgata,adjective,colors,đỏ sẫm,crimson,,krdict,
색,saek,noun,colors,"màu sắc, màu","color, tint, hue",色,krdict,
색깔,saekkkal,noun,colors,màu sắc,"color, hue, tint",色,krdict,
어두운색,eoduunsaek,noun,colors,màu tối,dark color,色,krdict,
주황색,juhwangsaek,noun,colors,màu cam,orange color,朱黃色,krdict,
초록색,choroksaek,noun,colors,"màu xanh lục, màu xanh lá cây",green,草綠色,krdict,
파란색,paransaek,noun,colors,"màu xanh da trời, màu xanh dương",blue,色,krdict,
파랗다,parata,adjective,colors,xanh dương,blue,,krdict,
푸르다,pureuda,adjective,colors,"xanh ngát, xanh thẫm, xanh tươi","blue, green",,krdict,
하늘색,haneulsaek,noun,colors,màu da trời,sky blue,色,krdict,
하얀색,hayansaek,noun,colors,màu trắng tinh,white,色,krdict,
하얗다,hayata,adjective,colors,"trắng tinh, trắng ngần",white,,krdict,
회색,hoesaek,noun,colors,màu xám tro,gray,灰色,krdict,
흰색,huinsaek,noun,colors,màu trắng,white,色,krdict,
가까워지다,gakkawojida,verb,position,"trở nên gần, gần lại","approach, draw near",,krdict,
가까이,gakkai,noun,position,chỗ gần; một cách gần,being closely; closely,,krdict,
가까이하다,gakkaihada,verb,position,gần gũi,"get along, mix with, associate with",,krdict,
가깝다,gakkapda,adjective,position,gần,"near, close, adjacent",,krdict,
가운데,gaunde,noun,position,"phần giữa, chỗ giữa","center, middle",,krdict,
겉,geot,noun,position,"bên ngoài, mặt ngoài","outside, surface, exterior",,krdict,
근처,geuncheo,noun,position,nơi gần,"vicinity, neighborhood",近處,krdict,
남쪽,namjjok,noun,position,"hướng nam, phía nam","south, southern area",南,krdict,
내려가다,naeryeogada,verb,position,đi xuống,"go down, step down, descend",,krdict,
돌아가다,doragada,verb,position,"quay về, trở về; xoay vòng","go back, return; spin",,krdict,
돌아오다,doraoda,verb,position,"quay về, trở lại","come back, return",,krdict,
동,dong,noun,position,Đông,east,東,krdict,
동쪽,dongjjok,noun,position,"phía đông, hướng đông",east,東,krdict,
뒤,dwi,noun,position,phía sau,back,,krdict,
뒤쪽,dwijjok,noun,position,phía sau,back,,krdict,
멀다,meolda,adjective,position,xa,"distant, far-off",,krdict,
멀리,meolli,noun,position,"nơi xa; xa, xa xôi",being far; far,,krdict,
문밖,munbak,noun,position,ngoài cửa,outside the door,門,krdict,
밑,mit,noun,position,dưới,bottom,,krdict,
바깥,bakkat,noun,position,bên ngoài,outside,,krdict,
바깥쪽,bakkatjjok,noun,position,"phía ngoài, mé ngoài","outside, exterior",,krdict,
밖,bak,noun,position,phía ngoài,outside,,krdict,
방향,banghyang,noun,position,phương hướng,"direction, side",方向,krdict,
북쪽,bukjjok,noun,position,phía Bắc,north,北,krdict,
사이,sai,noun,position,"khoảng cách, cự li","space, distance, gap",,krdict,
서쪽,seojjok,noun,position,phía Tây,west,西,krdict,
속,sok,noun,position,bên trong,"inside stuff, interior, flesh",,krdict,
아래,arae,noun,position,dưới,"bottom, lower part",,krdict,
아래위,araewi,noun,position,trên dưới,up and down,,krdict,
아래쪽,araejjok,noun,position,"phía dưới, bên dưới","lower part, downward",,krdict,
안,an,noun,position,"trong, phía trong",inside,,krdict,
안쪽,anjjok,noun,position,"phía trong, bên trong","the inside, the interior, inner part",,krdict,
앞,ap,noun,position,"trước, phía trước, đằng trước",front,,krdict,
앞쪽,apjjok,noun,position,phía trước,"front, forward",,krdict,
여기저기,yeogijeogi,noun,position,"đây đó, chỗ này chỗ kia","being here and there, being place to place, everywhere",,krdict,
옆,yeop,noun,position,bên cạnh,side,,krdict,
옆쪽,yeopjjok,noun,position,"phía bên, bên cạnh",side,,krdict,
오른쪽,oreunjjok,noun,position,phía bên phải,right,,krdict,
왼쪽,oenjjok,noun,position,bên trái,"left, left side",,krdict,
위,wi,noun,position,trên,"top, higher part",,krdict,
위쪽,wijjok,noun,position,"phía trên, bên trên, đằng trên","upper part, upward",,krdict,
위치,wichi,noun,position,"tọa lạc, vị trí","location, situation",位置,krdict,
위치하다,wichihada,verb,position,"tọa lạc, nằm ở vị trí","be situated, be located",位置,krdict,
이쪽,ijjok,pronoun,position,"bên này, phía này",this side,,krdict,
자리,jari,noun,position,chỗ,"space, place",,krdict,
자리하다,jarihada,verb,position,"có, có ở","be located, be situated",,krdict,
주변,jubyeon,noun,position,xung quanh,being around,周邊,krdict,
주위,juwi,noun,position,xung quanh,surrounding area,周圍,krdict,
중간,junggan,noun,position,"trung gian, ở giữa",middle,中間,krdict,
중심,jungsim,noun,position,trung tâm,center,中心,krdict,
중앙,jungang,noun,position,"giữa, trung tâm",middle,中央,krdict,
쪽,jjok,noun,position,"hướng, phía","direction, way",,krdict,
가다,gada,verb,verbs,đi,"go, travel",,krdict,
가리키다,garikida,verb,verbs,"chỉ, chỉ trỏ","point, gesture, indicate",,krdict,
가벼워지다,gabyeowojida,verb,verbs,"trở nên nhẹ nhàng, trở nên nhẹ nhõm",lighten,,krdict,
가위질하다,gawijilhada,verb,verbs,"dùng kéo, cắt xén, cắt tỉa",cut,,krdict,
가져가다,gajyeogada,verb,verbs,"mang đi, đem đi",bring,,krdict,
가져오다,gajyeooda,verb,verbs,"mang đến, đem đến",bring,,krdict,
가지다,gajida,verb,verbs,"có, mang, cầm","have, hold",,krdict,
감다,gamda,verb,verbs,nhắm (mắt),"close, shut eyes",,krdict,
감사하다,gamsahada,verb,verbs,"cảm tạ, cảm ơn",appreciate,感謝,krdict,
같아지다,gatajida,verb,verbs,"trở nên giống nhau, trở nên tương tự nhau","become alike, become even",,krdict,
건너오다,geonneooda,verb,verbs,qua,come across,,krdict,
걷다,geotda,verb,verbs,"bước đi, đi bộ",walk,,krdict,
걸어가다,georeogada,verb,verbs,bước đi,"walk, tread, stride",,krdict,
걸어오다,georeooda,verb,verbs,bước đến,"walk, come on foot",,krdict,
걸음,georeum,noun,verbs,"bước chân, bước đi","step, walk",,krdict,
결심하다,gyeolsimhada,verb,verbs,quyết tâm,"determine, resolve",決心,krdict,
결정되다,gyeoljeongdoeda,verb,verbs,được quyết định,be decided,決定,krdict,
결정하다,gyeoljeonghada,verb,verbs,quyết định,decide,決定,krdict,
경험되다,gyeongheomdoeda,verb,verbs,"được trải nghiệm, được kinh nghiệm qua",be experienced,經驗,krdict,
경험하다,gyeongheomhada,verb,verbs,"trải nghiệm, kinh qua",experience,經驗,krdict,
계산되다,gyesandoeda,verb,verbs,được tính,be calculated,計算,krdict,
계산하다,gyesanhada,verb,verbs,tính,calculate,計算,krdict,
계속되다,gyesokdoeda,verb,verbs,được liên tục,continue,繼續,krdict,
계속하다,gyesokada,verb,verbs,liên tục,continue,繼續,krdict,
계획되다,gyehoekdoeda,verb,verbs,được lên kế hoạch,be planned,計劃計畫,krdict,
계획하다,gyehoekada,verb,verbs,lên kế hoạch,"plan, scheme",計劃計畫,krdict,
고르다,goreuda,verb,verbs,chọn,"choose, select",,krdict,
고민되다,gomindoeda,verb,verbs,trở nên lo lắng,"agonize, writhe",苦悶,krdict,
고민하다,gominhada,verb,verbs,"lo lắng, khổ tâm","agonize, writhe",苦悶,krdict,
관계되다,gwangyedoeda,verb,verbs,"có liên quan, có quan hệ","be related, have relation",關係,krdict,
기다리다,gidarida,verb,verbs,"chờ đợi, đợi chờ, đợi",wait,,krdict,
기르다,gireuda,verb,verbs,nuôi,"breed, grow, cultivate",,krdict,
기억나다,gieongnada,verb,verbs,"nhớ, nhớ ra","remember, recall",記憶,krdict,
기억되다,gieokdoeda,verb,verbs,"được nhớ, được ghi nhớ, được nhớ lại","be remembered, be recalled",記憶,krdict,
기억하다,gieokada,verb,verbs,"nhớ, nhớ lại, ghi nhớ","remember, recall",記憶,krdict,
길어지다,gireojida,verb,verbs,dài ra,"lengthen, be prolonged",,krdict,
꺼내다,kkeonaeda,verb,verbs,"rút ra, lôi ra, lấy ra","take out, carry out",,krdict,
끝나다,kkeunnada,verb,verbs,"xong, kết thúc","end, finish",,krdict,
끝내다,kkeunnaeda,verb,verbs,"kết thúc, chấm dứt, ngừng","complete, finish",,krdict,
나가다,nagada,verb,verbs,ra khỏi,"go out, leave",,krdict,
나누다,nanuda,verb,verbs,"chia, phân, phân chia","divide, split",,krdict,
나오다,naoda,verb,verbs,ra,"come out, get out",,krdict,
남기다,namgida,verb,verbs,"để thừa, để lại",leave,,krdict,
남다,namda,verb,verbs,"còn lại, thừa lại","remain, be left",,krdict,
낳다,nata,verb,verbs,"sinh, đẻ","give birth, deliver",,krdict,
내다,naeda,verb,verbs,"nộp, trả (tiền); tạo ra, gây ra","pay, submit; make",,krdict,
내려오다,naeryeooda,verb,verbs,xuống,step down,,krdict,
넘다,neomda,verb,verbs,"qua, vượt qua","exceed, go beyond",,krdict,
넘어지다,neomeojida,verb,verbs,"ngã, đổ","fall down, trip over, tumble over",,krdict,
넣다,neota,verb,verbs,"đặt vào, để vào","put, insert",,krdict,
노력하다,noryeokada,verb,verbs,"nỗ lực, cố gắng","make effort, endeavor, work hard",努力,krdict,
놓다,nota,verb,verbs,"đặt, để","let go, let loose",,krdict,
누르다,nureuda,verb,verbs,"ấn, đè, dí","press, push",,krdict,
늘다,neulda,verb,verbs,tăng lên,increase,,krdict,
다하다,dahada,verb,verbs,"hết, tất","exhaust, use up",,krdict,
닫다,datda,verb,verbs,đóng,shut,,krdict,
달리기하다,dalligihada,verb,verbs,chạy,"run, dash",,krdict,
달리다,dallida,verb,verbs,chạy,run,,krdict,
닮다,damda,verb,verbs,giống,resemble,,krdict,
던지다,deonjida,verb,verbs,ném,throw,,krdict,
도시하다,dosihada,verb,verbs,"minh họa bằng đồ thị, vẽ đồ thị","illustrate, show",圖示,krdict,
도와주다,dowajuda,verb,verbs,"giúp cho, giúp đỡ","help, assist",,krdict,
돌다,dolda,verb,verbs,"quay, xoay","go round, rotate",,krdict,
돌려주다,dollyeojuda,verb,verbs,trả lại,"give back, return",,krdict,
돌리다,dollida,verb,verbs,xoay,"turn, spin",,krdict,
돌아가시다,doragasida,verb,verbs,qua đời,"pass away, decease",,krdict,
돕다,dopda,verb,verbs,"giúp, giúp đỡ","help, assist",,krdict,
되다,doeda,verb,verbs,trở thành,become,,krdict,
두다,duda,verb,verbs,"đặt, để","put, place, lay",,krdict,
드리다,deurida,verb,verbs,"biếu, dâng (kính ngữ của 주다)","give, offer",,krdict,
듣다,deutda,verb,verbs,nghe,"hear, listen",,krdict,
들다,deulda,verb,verbs,"cầm, xách; nâng lên","hold, take, carry",,krdict,
들어가다,deureogada,verb,verbs,"đi vào, bước vào","enter, go into",,krdict,
들어오다,deureooda,verb,verbs,"đi vào, tiến vào","come in, get in, enter",,krdict,
떠나다,tteonada,verb,verbs,"rời, rời khỏi","leave, depart",,krdict,
떨어지다,tteoreojida,verb,verbs,"rơi, rớt","fall, drop",,krdict,
뛰다,ttwida,verb,verbs,chạy,"run, race, dash",,krdict,
뛰어가다,ttwieogada,verb,verbs,chạy đi,"run, go running",,krdict,
뜨다,tteuda,verb,verbs,mở (mắt),open,,krdict,
마치다,machida,verb,verbs,"kết thúc, chấm dứt, làm xong","complete, finish",,krdict,
만나다,mannada,verb,verbs,gặp,"meet, join",,krdict,
만들다,mandeulda,verb,verbs,"làm ra, tạo ra, chế tạo","make, create, produce",,krdict,
만지다,manjida,verb,verbs,"sờ, sờ mó, mó máy",touch,,krdict,
말다,malda,verb,verbs,"đừng, thôi (làm gì)","stop, choose not to",,krdict,
맞다,matda,verb,verbs,đúng,be correct,,krdict,
멀리하다,meollihada,verb,verbs,"để cách xa, cách ly, để ra xa",distance,,krdict,
명하다,myeonghada,verb,verbs,"lệnh, ra lệnh, ra mệnh lệnh","order, command",命,krdict,
모르다,moreuda,verb,verbs,không biết,not know,,krdict,
모이다,moida,verb,verbs,"tập hợp, gom lại","be gathered, be collected",,krdict,
목적하다,mokjeokada,verb,verbs,"nhắm đích, có mục đích",have a purpose,目的,krdict,
못하다,motada,verb,verbs,"làm không được, không làm được","be incapable, fail to",,krdict,
무거워지다,mugeowojida,verb,verbs,trở nên nặng nề,become heavy,,krdict,
미끄러지다,mikkeureojida,verb,verbs,trượt ngã,"slip, skid",,krdict,
믿다,mitda,verb,verbs,tin,"believe, trust",,krdict,
밀다,milda,verb,verbs,đẩy,push,,krdict,
바꾸다,bakkuda,verb,verbs,"đổi, thay đổi","change, exchange, replace",,krdict,
바뀌다,bakkwida,verb,verbs,"bị thay, bị đổi, bị thay đổi","be changed, be replaced",,krdict,
바라다,barada,verb,verbs,"mong, mong cầu","want, hope, wish",,krdict,
바라보다,baraboda,verb,verbs,nhìn thẳng,"look, stare, gaze",,krdict,
박수하다,baksuhada,verb,verbs,vỗ tay,"applaud, clap",拍手,krdict,
반대되다,bandaedoeda,verb,verbs,bị trái ngược,be opposite,反對,krdict,
받다,batda,verb,verbs,nhận,"receive, get",,krdict,
밝다,bakda,verb,verbs,(trời) sáng,"dawn, be light",,krdict,
변하다,byeonhada,verb,verbs,"biến đổi, biến hóa","change, turn, become different",變,krdict,
보내다,bonaeda,verb,verbs,gửi; trải qua (thời gian),send,,krdict,
보다,boda,verb,verbs,"nhìn, ngắm, xem","see, look at, notice",,krdict,
보이다,boida,verb,verbs,"được thấy, được trông thấy","be viewed, be visible, be in sight",,krdict,
붙다,butda,verb,verbs,dính,"stick to, cling to",,krdict,
붙이다,buchida,verb,verbs,"gắn, dán","stick, paste",,krdict,
비교되다,bigyodoeda,verb,verbs,được so sánh,be compared,比較,krdict,
비교하다,bigyohada,verb,verbs,so sánh,compare,比較,krdict,
빠지다,ppajida,verb,verbs,rơi,"sink down into, be thrown into",,krdict,
빼다,ppaeda,verb,verbs,"rút ra, lấy ra; giảm (cân)","take out, draw, pull out",,krdict,
뽑다,ppopda,verb,verbs,nhổ,"pull, pick, pluck",,krdict,
살다,salda,verb,verbs,sống,"live, be alive",,krdict,
생각나다,saenggangnada,verb,verbs,nghĩ ra,occur,,krdict,
생각되다,saenggakdoeda,verb,verbs,"được nghĩ là, được coi là, được xem là","look, appear",,krdict,
생각하다,saenggakada,verb,verbs,"nghĩ, suy nghĩ",think,,krdict,
생기다,saenggida,verb,verbs,"sinh ra, nảy sinh","be formed, come into being",,krdict,
생활하다,saenghwalhada,verb,verbs,sống,live,生活,krdict,
서다,seoda,verb,verbs,đứng,stand,,krdict,
서두르다,seodureuda,verb,verbs,vội vàng,"hurry, rush",,krdict,
성공하다,seonggonghada,verb,verbs,thành công,succeed,成功,krdict,
세배하다,sebaehada,verb,verbs,lạy chào,perform new year's bow,歲拜,krdict,
수고하다,sugohada,verb,verbs,"khổ công, mất công sức, bỏ công sức",take the trouble,,krdict,
쉬다,swida,verb,verbs,thở; nghỉ ngơi,breathe,,krdict,
쉬워지다,swiwojida,verb,verbs,trở nên dễ dàng,become easier,,krdict,
시작되다,sijakdoeda,verb,verbs,được bắt đầu,start,始作,krdict,
시작하다,sijakada,verb,verbs,bắt đầu,"start, begin, initiate",始作,krdict,
싣다,sitda,verb,verbs,"chất, xếp","load, lade, freight",,krdict,
실패하다,silpaehada,verb,verbs,thất bại,fail,失敗,krdict,
싸다,ssada,verb,verbs,"gói, bọc; đóng gói",wrap,,krdict,
쌓다,ssata,verb,verbs,"chất, chồng","pile, heap",,krdict,
안다,anda,verb,verbs,ôm,"embrace, hug, hold someone in one's arms",,krdict,
앉다,anda,verb,verbs,ngồi,"sit, be seated",,krdict,
알다,alda,verb,verbs,biết,"know, understand",,krdict,
알리다,allida,verb,verbs,"cho biết, cho hay","inform, tell, notify",,krdict,
알아보다,araboda,verb,verbs,tìm hiểu,"investigate, examine, look into",,krdict,
얻다,eotda,verb,verbs,"nhận được, có được","get, receive",,krdict,
연결되다,yeongyeoldoeda,verb,verbs,"được kết nối, được nối, được liên kết",be connected,連結,krdict,
연결하다,yeongyeolhada,verb,verbs,"liên kết, kết nối",connect,連結,krdict,
열리다,yeollida,verb,verbs,được mở ra,"open, be unlocked, unlock",,krdict,
오다,oda,verb,verbs,đến,come,,krdict,
오르다,oreuda,verb,verbs,"leo lên, trèo lên","go up, get on, climb",,krdict,
올라가다,ollagada,verb,verbs,"trèo lên, leo lên","go up, rise, ascend",,krdict,
올라오다,ollaoda,verb,verbs,"đi lên, leo lên","come up, rise, ascend",,krdict,
외우다,oeuda,verb,verbs,học thuộc,memorize,,krdict,
우선하다,useonhada,verb,verbs,"ưu tiên, ưu đãi",prioritize,優先,krdict,
울다,ulda,verb,verbs,khóc,cry,,krdict,
움직이다,umjigida,verb,verbs,"động đậy, cựa quậy, nhúc nhích","move, budge, be in motion",,krdict,
웃다,utda,verb,verbs,cười,smile,,krdict,
원하다,wonhada,verb,verbs,muốn,"want, wish, hope",願,krdict,
의미하다,uimihada,verb,verbs,"có nghĩa, mang nghĩa","mean, signify, imply",意味,krdict,
이해되다,ihaedoeda,verb,verbs,"được lý giải, được hiểu","be understood, come to comprehend, be figured out",理解,krdict,
이해하다,ihaehada,verb,verbs,"hiểu biết, thông hiểu","understand, comprehend, figure out",理解,krdict,
익숙해지다,iksukaejida,verb,verbs,"trở nên quen thuộc, trở nên thành thục","become experienced, become skilled",,krdict,
일어나다,ireonada,verb,verbs,dậy,"stand up, rise, sit up",,krdict,
일어서다,ireoseoda,verb,verbs,đứng dậy,"stand up, rise to one's feet, get to one's feet",,krdict,
잃다,ilta,verb,verbs,"mất, đánh mất",lose,,krdict,
잃어버리다,ireobeorida,verb,verbs,"mất, đánh mất, đánh rơi",lose,,krdict,
있다,itda,verb,verbs,"ở, ở lại","stay, be",,krdict,
잊다,itda,verb,verbs,quên,"forget, be forgetful of",,krdict,
잊어버리다,ijeobeorida,verb,verbs,quên mất,"forget, be forgetful of",,krdict,
자라다,jarada,verb,verbs,"lớn lên, phát triển",grow,,krdict,
작아지다,jagajida,verb,verbs,"trở nên nhỏ đi, trở nên bé đi","get smaller, diminish in size",,krdict,
잘되다,jaldoeda,verb,verbs,"suôn sẻ, trôi chảy, trơn tru","go well, work well, work out",,krdict,
잘못되다,jalmotdoeda,verb,verbs,"bị sai lầm, bị hỏng",go wrong,,krdict,
잘못하다,jalmotada,verb,verbs,"sai lầm, sai sót","commit an error, blunder, misdo",,krdict,
잘하다,jalhada,verb,verbs,"giỏi giang, làm tốt","do a right thing, do right",,krdict,
잡다,japda,verb,verbs,"nắm, cầm","hold, grab, seize",,krdict,
적다,jeokda,verb,verbs,"ghi, chép",write down,,krdict,
접다,jeopda,verb,verbs,"gấp, gập",fold,,krdict,
정하다,jeonghada,verb,verbs,"định, chọn",decide,定,krdict,
젖다,jeotda,verb,verbs,ẩm ướt,get wet,,krdict,
좁아지다,jobajida,verb,verbs,trở nên hẹp,narrow,,krdict,
주다,juda,verb,verbs,cho,give,,krdict,
죽다,jukda,verb,verbs,chết,die,,krdict,
줍다,jupda,verb,verbs,"nhặt, lượm lặt",pick up,,krdict,
중심되다,jungsimdoeda,verb,verbs,trở thành trung tâm,"be main, be central",中心,krdict,
중심하다,jungsimhada,verb,verbs,chú trọng,prioritize,中心,krdict,
지나가다,jinagada,verb,verbs,"đi qua, qua","pass, go by",,krdict,
지내다,jinaeda,verb,verbs,trải qua,live,,krdict,
지르다,jireuda,verb,verbs,"gào, thét, hét","yell, shout",,krdict,
지우다,jiuda,verb,verbs,"bôi, xóa, lau",erase,,krdict,
지키다,jikida,verb,verbs,"gìn giữ, bảo vệ","guard, defend",,krdict,
짓다,jitda,verb,verbs,"nấu, may, xây",make,,krdict,
짧아지다,jjalbajida,verb,verbs,"ngắn lại, ngắn đi",be shortened,,krdict,
차다,chada,verb,verbs,đá,kick,,krdict,
참다,chamda,verb,verbs,chịu đựng,"endure, withstand, fight back",,krdict,
찾아가다,chajagada,verb,verbs,"tìm đến, tìm gặp",go visiting,,krdict,
찾아오다,chajaoda,verb,verbs,"tìm đến, đến",come visiting,,krdict,
쳐다보다,chyeodaboda,verb,verbs,ngước nhìn,look up,,krdict,
출입하다,churipada,verb,verbs,ra vào,"go in and out, enter",出入,krdict,
취직되다,chwijikdoeda,verb,verbs,"tìm được việc, có được việc làm","get a job, be hired, be employed",就職,krdict,
취직하다,chwijikada,verb,verbs,"tìm được việc, có được việc làm","get a job, be hired, be employed",就職,krdict,
치다,chida,verb,verbs,"tát, vả, đập","hit, strike",,krdict,
크다,keuda,verb,verbs,lớn lên,grow up,,krdict,
키우다,kiuda,verb,verbs,"nuôi, trồng; nuôi dạy","grow, raise",,krdict,
태어나다,taeeonada,verb,verbs,"sinh ra, ra đời",be born,,krdict,
틀다,teulda,verb,verbs,"vặn, xoay, ngoái (đầu,cổ)",twist,,krdict,
틀리다,teullida,verb,verbs,sai,"be wrong, be incorrect",,krdict,
펴다,pyeoda,verb,verbs,"giang, xòe, mở","open, spread out",,krdict,
포장되다,pojangdoeda,verb,verbs,"được đóng gói, được bao gói","be wrapped, be gift-wrapped, be packed",包裝,krdict,
하다,hada,verb,verbs,"làm, tiến hành","do, perform",,krdict,
행동하다,haengdonghada,verb,verbs,hành động,"act, behave",行動,krdict,
흐르다,heureuda,verb,verbs,chảy; trôi qua (thời gian),"flow, run",,krdict,
흔들다,heundeulda,verb,verbs,"rung, lắc, nhún","wave, sway, flap",,krdict,
희망하다,huimanghada,verb,verbs,"hi vọng, mong mỏi","hope, wish",希望,krdict,
힘내다,himnaeda,verb,verbs,"cố gắng, cố sức","take heart, cheer up",,krdict,
힘들어지다,himdeureojida,verb,verbs,bị mất sức,"strenuous, laborious",,krdict,
가늘다,ganeulda,adjective,adjectives,"mỏng manh, mảnh dẻ, thanh mảnh",thin,,krdict,
가볍다,gabyeopda,adjective,adjectives,nhẹ,light,,krdict,
간단하다,gandanhada,adjective,adjectives,đơn giản,simple,簡單,krdict,
강하다,ganghada,adjective,adjectives,"cứng, rắn, chắc; mạnh","hard, solid; strong, powerful",剛,krdict,
같다,gatda,adjective,adjectives,giống,"same, identical, equal",,krdict,
굵다,gukda,adjective,adjectives,"to, lớn, thô",thick,,krdict,
궁금하다,gunggeumhada,adjective,adjectives,tò mò,curious,,krdict,
급하다,geupada,adjective,adjectives,"gấp, khẩn cấp",urgent,急,krdict,
길다,gilda,adjective,adjectives,dài,"long, lengthy, extensive",,krdict,
깊다,gipda,adjective,adjectives,sâu,deep,,krdict,
나쁘다,nappeuda,adjective,adjectives,"xấu, tệ",bad,,krdict,
낫다,natda,adjective,adjectives,"hơn, khá hơn, tốt hơn",better,,krdict,
낮다,natda,adjective,adjectives,thấp,low,,krdict,
넓다,neolda,adjective,adjectives,rộng,broad,,krdict,
높다,nopda,adjective,adjectives,cao,"high, lofty",,krdict,
느리다,neurida,adjective,adjectives,"chậm, chậm chạp","slow, sluggish",,krdict,
다르다,dareuda,adjective,adjectives,khác biệt,"different, other",,krdict,
다양하다,dayanghada,adjective,adjectives,đa dạng,"various, diverse",多樣,krdict,
단순하다,dansunhada,adjective,adjectives,"đơn giản, mộc mạc, đơn sơ",simple,單純,krdict,
두껍다,dukkeopda,adjective,adjectives,dày,thick,,krdict,
똑같다,ttokgatda,adjective,adjectives,"giống hệt, y hệt, y chang","exactly the same, equivalent to",,krdict,
똑똑하다,ttokttokada,adjective,adjectives,"thông minh, giỏi; rõ ràng","smart, bright",,krdict,
멋있다,meoditda,adjective,adjectives,"tuyệt, đẹp đẽ","nice, stylish, elegant",,krdict,
못하다,motada,adjective,adjectives,"kém, thua","worse than, not as good as",,krdict,
무겁다,mugeopda,adjective,adjectives,nặng,"heavy, weighty",,krdict,
바쁘다,bappeuda,adjective,adjectives,bận,"busy, hectic",,krdict,
밝다,bakda,adjective,adjectives,"sáng, tỏ","light, brilliant, luminous",,krdict,
복잡하다,bokjapada,adjective,adjectives,phức tạp; đông đúc,"complex, complicated",複雜,krdict,
부드럽다,budeureopda,adjective,adjectives,"mềm, mềm mại","soft, smooth",,krdict,
부족하다,bujokada,adjective,adjectives,"thiếu, thiếu hụt, thiếu thốn",insufficient,不足,krdict,
분명하다,bunmyeonghada,adjective,adjectives,"rõ ràng, rành mạch",distinct,分明,krdict,
불편하다,bulpyeonhada,adjective,adjectives,bất tiện,inconvenient,不便,krdict,
비슷하다,biseutada,adjective,adjectives,tương tự,similar,,krdict,
빠르다,ppareuda,adjective,adjectives,nhanh,"fast, quick",,krdict,
새롭다,saeropda,adjective,adjectives,mới,"new, fresh",,krdict,
세다,seda,adjective,adjectives,mạnh mẽ,"strong, powerful",,krdict,
쉽다,swipda,adjective,adjectives,dễ,easy,,krdict,
시원하다,siwonhada,adjective,adjectives,mát mẻ; sảng khoái,cool,,krdict,
신선하다,sinseonhada,adjective,adjectives,"tươi mới, sảng khoái, khoan khoái","novel, original",新鮮,krdict,
심하다,simhada,adjective,adjectives,nghiêm trọng,"severe, harsh",甚,krdict,
안전하다,anjeonhada,adjective,adjectives,an toàn,safe,安全,krdict,
알맞다,almatda,adjective,adjectives,"phù hợp, thích hợp","appropriate, proper, suitable",,krdict,
얇다,yalda,adjective,adjectives,mỏng,thin,,krdict,
얕다,yatda,adjective,adjectives,"cạn, nông",shallow,,krdict,
어둡다,eodupda,adjective,adjectives,tối,"dark, dim",,krdict,
어렵다,eoryeopda,adjective,adjectives,"khó, khó khăn","difficult, challenging",,krdict,
없다,eopda,adjective,adjectives,không có,non-existent,,krdict,
옳다,olta,adjective,adjectives,"đúng đắn, đúng mực","right, righteous",,krdict,
위험하다,wiheomhada,adjective,adjectives,nguy hiểm,"dangerous, risky",危險,krdict,
유명하다,yumyeonghada,adjective,adjectives,"nổi tiếng, nổi danh, trứ danh","famous, popular",有名,krdict,
이상하다,isanghada,adjective,adjectives,khác thường,"strange, unusual",異常,krdict,
익숙하다,iksukada,adjective,adjectives,"quen thuộc, thành thục","trained, experienced, skilled",,krdict,
있다,itda,adjective,adjectives,có; ở,"have, there is",,krdict,
작다,jakda,adjective,adjectives,"nhỏ, bé","small, little",,krdict,
적다,jeokda,adjective,adjectives,ít,"little, a little",,krdict,
적당하다,jeokdanghada,adjective,adjectives,"vừa phải, phải chăng, thích hợp",adequate,適當,krdict,
정확하다,jeonghwakada,adjective,adjectives,"chính xác, chuẩn xác",accurate,正確,krdict,
조용하다,joyonghada,adjective,adjectives,"yên tĩnh, tĩnh mịch, im ắng",quiet,,krdict,
좁다,jopda,adjective,adjectives,hẹp,narrow,,krdict,
중요하다,jungyohada,adjective,adjectives,"cần thiết, quan trọng, trọng yếu",important,重要,krdict,
진하다,jinhada,adjective,adjectives,"đặc, đậm đặc","thick, strong",津,krdict,
짧다,jjalda,adjective,adjectives,ngắn,short,,krdict,
최고,choego,noun,adjectives,"tốt nhất, cao nhất","the highest, top",最高,krdict,
최저,choejeo,noun,adjectives,thấp nhất,"the lowest, bottom",最低,krdict,
충분하다,chungbunhada,adjective,adjectives,"đủ, đầy đủ","sufficient, enough",充分,krdict,
크다,keuda,adjective,adjectives,"to, lớn","big, large",,krdict,
특별하다,teukbyeolhada,adjective,adjectives,đặc biệt,special,特別,krdict,
편리하다,pyeollihada,adjective,adjectives,tiện lợi,"convenient, handy",便利,krdict,
필요하다,piryohada,adjective,adjectives,"tất yếu, thiết yếu, cần thiết","necessary, needed",必要,krdict,
한가하다,hangahada,adjective,adjectives,"nhàn rỗi, nhàn nhã","leisurely, unhurried, relaxed",閑暇,krdict,
행복하다,haengbokada,adjective,adjectives,hạnh phúc,"happy, content, joyful",幸福,krdict,
화려하다,hwaryeohada,adjective,adjectives,"hoa lệ, tráng lệ, sặc sỡ","colorful, flashy, splendid",華麗,krdict,
훌륭하다,hullyunghada,adjective,adjectives,xuất sắc,"great, excellent, outstanding",,krdict,
힘들다,himdeulda,adjective,adjectives,"mất sức, mệt mỏi","strenuous, laborious",,krdict,
가끔,gakkeum,adverb,adverbs,"thỉnh thoảng, đôi lúc",sometimes,,krdict,
간단히,gandanhi,adverb,adverbs,một cách đơn giản,briefly,簡單,krdict,
갑자기,gapjagi,adverb,adverbs,"đột ngột, bất thình lình, bỗng nhiên","suddenly, all of a sudden",,krdict,
같이,gachi,adverb,adverbs,"cùng, cùng nhau",together,,krdict,
그냥,geunyang,adverb,adverbs,"cứ thế, chỉ là","as it is, as it stands",,krdict,
깊이,gipi,adverb,adverbs,một cách sâu,"deeply, deep",,krdict,
깜짝,kkamjjak,adverb,adverbs,"giật mình, hết hồn",with a startle,,krdict,
꼭,kkok,adverb,adverbs,nhất định,"without fail, at any cost, certainly",,krdict,
너무,neomu,adverb,adverbs,quá,too,,krdict,
높이,nopi,adverb,adverbs,cao,"high, aloft",,krdict,
늘,neul,adverb,adverbs,luôn,always,,krdict,
더욱,deouk,adverb,adverbs,"hơn nữa, càng","more, further",,krdict,
따로,ttaro,adverb,adverbs,"riêng, riêng lẻ",separately,,krdict,
또,tto,adverb,adverbs,lại,once more,,krdict,
똑같이,ttokgachi,adverb,adverbs,"một cách giống hệt, một cách y hệt","equally, evenly",,krdict,
똑바로,ttokbaro,adverb,adverbs,"một cách ngay ngắn, một cách thẳng tắp","straight, upright",,krdict,
매우,maeu,adverb,adverbs,"rất, lắm","very, very much, greatly",,krdict,
못,mot,adverb,adverbs,không… được,not,,krdict,
무척,mucheok,adverb,adverbs,"rất, lắm, quá","very, extremely",,krdict,
바로,baro,adverb,adverbs,thẳng,"straight, upright",,krdict,
반드시,bandeusi,adverb,adverbs,nhất thiết,"without fail, certainly",,krdict,
별로,byeollo,adverb,adverbs,không … lắm (đi với phủ định),not particularly,別,krdict,
보다,boda,adverb,adverbs,hơn (so sánh),more,,krdict,
보통,botong,adverb,adverbs,thông thường,"usually, in general",普通,krdict,
빨리,ppalli,adverb,adverbs,nhanh,quickly,,krdict,
사실,sasil,adverb,adverbs,"thật ra, thực ra","actually, as a matter of fact, de facto",事實,krdict,
새로,saero,adverb,adverbs,mới,newly,,krdict,
아마,ama,adverb,adverbs,có lẽ,"maybe, likely",,krdict,
아무리,amuri,adverb,adverbs,cho dù,no matter how,,krdict,
아주,aju,adverb,adverbs,rất,"very, so, extremely",,krdict,
안,an,adverb,adverbs,không,not,,krdict,
약간,yakgan,adverb,adverbs,"hơi, chút đỉnh, một chút","a little, a bit",若干,krdict,
완전히,wanjeonhi,adverb,adverbs,"một cách hoàn chỉnh, một cách hoàn thiện","completely, perfectly",完全,krdict,
우선,useon,noun,adverbs,"trước hết, trước tiên",first of all,優先,krdict,
자꾸,jakku,adverb,adverbs,cứ,"frequently, repeatedly, again and again",,krdict,
자세히,jasehi,adverb,adverbs,"một cách chi tiết, một cách cụ thể","in detail, minutely",仔細子細,krdict,
자주,jaju,adverb,adverbs,"thường xuyên, hay","often, frequently",,krdict,
잘,jal,adverb,adverbs,"giỏi, tốt; kỹ",well,,krdict,
잘못,jalmot,adverb,adverbs,"sai, nhầm","wrongly, incorrectly",,krdict,
전혀,jeonhyeo,adverb,adverbs,hoàn toàn,"(not) at all, completely",全,krdict,
점점,jeomjeom,adverb,adverbs,"dần dần, dần",gradually,漸漸,krdict,
정말,jeongmal,adverb,adverbs,"thật sự, thực sự",really,正,krdict,
제일,jeil,adverb,adverbs,"thứ nhất, số một, đầu tiên",most,第一,krdict,
조용히,joyonghi,adverb,adverbs,một cách yên tĩnh,quietly,,krdict,
좀,jom,adverb,adverbs,"một chút, một ít",a little,,krdict,
주로,juro,adverb,adverbs,chủ yếu,usually,主,krdict,
진짜,jinjja,adverb,adverbs,"thực sự, quả thật, quả thực","genuinely, really",眞,krdict,
천천히,cheoncheonhi,adverb,adverbs,một cách chậm rãi,slowly,,krdict,
특별히,teukbyeolhi,adverb,adverbs,một cách đặc biệt,"specially, particularly, especially",特別,krdict,
특히,teuki,adverb,adverbs,một cách đặc biệt,"specially, particularly, especially",特,krdict,
푹,puk,adverb,adverbs,"(ngủ) say, ngon giấc; (nghỉ) thoả thích","soundly, deeply",,krdict,
한번,hanbeon,adverb,adverbs,một lần; thử (làm) xem,once; try,番,krdict,
함께,hamkke,adverb,adverbs,cùng,"together, along with",,krdict,
항상,hangsang,adverb,adverbs,luôn luôn,"always, all the time",恒常,krdict,
혹시,hoksi,adverb,adverbs,"biết đâu, không chừng",by any chance,或是,krdict,
훨씬,hwolssin,adverb,adverbs,"hơn hẳn, rất","by far, much, a lot",,krdict,
거,geo,noun,function-words,"cái, điều",thing,,krdict,
거기,geogi,pronoun,function-words,nơi đó,there,,krdict,
것,geot,noun,function-words,"cái, điều",something,,krdict,
그,geu,pronoun,function-words,"đó, ấy (chỉ định); người đó",that; he,,krdict,
그거,geugeo,pronoun,function-words,"cái đó, cái đấy",that,,krdict,
그것,geugeot,pronoun,function-words,cái đó,that,,krdict,
그곳,geugot,pronoun,function-words,"nơi đó, chỗ đó",there,,krdict,
그래서,geuraeseo,adverb,function-words,"vì vậy, vì thế, cho nên","so, therefore",,krdict,
그러나,geureona,adverb,function-words,"nhưng…, thế nhưng","but, however",,krdict,
그러니까,geureonikka,adverb,function-words,"vì vậy, vì thế, bởi vậy",so,,krdict,
그러면,geureomyeon,adverb,function-words,"nếu vậy, như vậy, vậy thì",if so,,krdict,
그러므로,geureomeuro,adverb,function-words,"vì thế, do đó","therefore, so, hence",,krdict,
그런,geureon,determiner,function-words,như vậy,like that,,krdict,
그런데,geureonde,adverb,function-words,"nhưng mà, thế nhưng",by the way,,krdict,
그럼,geureom,adverb,function-words,nếu vậy thì,"if so, in that case",,krdict,
그렇다,geureota,adjective,function-words,"cũng vậy, cũng thế, như vậy","so, as such, like that",,krdict,
그렇지만,geureochiman,adverb,function-words,"nhưng, tuy nhiên","but, however, nevertheless",,krdict,
그리고,geurigo,adverb,function-words,"và, với, với cả",and,,krdict,
그분,geubun,pronoun,function-words,"vị đó, vị kia",geubun,,krdict,
그쪽,geujjok,pronoun,function-words,hướng đó,there,,krdict,
글쎄,geulsse,interjection,function-words,"để xem, xem nào","well, hm",,krdict,
글쎄요,geulsseyo,interjection,function-words,"để xem đã…, xem nào","well, hm",,krdict,
나,na,pronoun,function-words,"tôi, mình, anh",I,,krdict,
내,nae,pronoun,function-words,tôi,I,,krdict,
너,neo,pronoun,function-words,"bạn, cậu, mày",you (casual),,krdict,
너희,neohui,pronoun,function-words,"các em, các bạn, các cậu",you,,krdict,
네,ne,pronoun,function-words,"bạn, cậu (thân mật); của bạn",you; your,,krdict,
누가,nuga,pronoun,function-words,ai (làm chủ ngữ),who (subject),,krdict,
누구,nugu,pronoun,function-words,ai,who,,krdict,
다른,dareun,determiner,function-words,khác,"different, other",,krdict,
댁,daek,pronoun,function-words,"ông/bà (ngôi thứ hai, lịch sự)",you (polite),宅,krdict,
또는,ttoneun,adverb,function-words,"hoặc, hay, hay là",or,,krdict,
만약,manyak,noun,function-words,"nếu, giả sử","if, supposing",萬若,krdict,
몇,myeot,numeral,function-words,"mấy; mấy, vài","some, several; some, several",,krdict,
무슨,museun,determiner,function-words,gì,what,,krdict,
무엇,mueot,pronoun,function-words,"cái gì, gì",what,,krdict,
뭐,mwo,pronoun,function-words,"cái gì đó, điều gì đấy",what,,krdict,
뭔,mwon,determiner,function-words,gì thế,what,,krdict,
새,sae,determiner,function-words,mới,new,,krdict,
씨,ssi,noun,function-words,"anh, chị, cô","Mr., Ms., Mrs",氏,krdict,
아니,ani,adverb,function-words,không (phủ định),not,,krdict,
아니다,anida,adjective,function-words,không phải (là),be not,,krdict,
아무,amu,pronoun,function-words,"bất cứ ai, bất kì ai","anybody, anyone",,krdict,
아무것,amugeot,noun,function-words,"bất cứ cái nào, bất kì cái nào",anything,,krdict,
약,yak,determiner,function-words,"khoảng, chừng",about,約,krdict,
어느,eoneu,determiner,function-words,nào,which,,krdict,
어디,eodi,pronoun,function-words,đâu đó,where,,krdict,
어떠하다,eotteohada,adjective,function-words,"thế nào, ra sao",such,,krdict,
어떤,eotteon,determiner,function-words,như thế nào,what,,krdict,
어떻다,eotteota,adjective,function-words,như thế nào,such,,krdict,
언제,eonje,pronoun,function-words,"bao giờ, lúc nào; bao giờ, khi nào","when, what time; when, at what time",,krdict,
얼마,eolma,noun,function-words,bao nhiêu,"what amount, what number, what price",,krdict,
여기,yeogi,pronoun,function-words,"nơi này, ở đây","here, this",,krdict,
여러분,yeoreobun,pronoun,function-words,"các bạn, các quí vị","everyone, everybody",,krdict,
역시,yeoksi,adverb,function-words,"quả là, đúng là","also, as well",亦是,krdict,
왜,wae,adverb,function-words,"tại sao, vì sao",why,,krdict,
왜냐하면,waenyahamyeon,adverb,function-words,"bởi vì, tại vì, là do","because, since, by reason of",,krdict,
우리,uri,pronoun,function-words,chúng ta,we,,krdict,
이,i,pronoun,function-words,"cái này, điều này",this,,krdict,
이거,igeo,pronoun,function-words,cái này,this,,krdict,
이것,igeot,pronoun,function-words,cái này,this,,krdict,
이곳,igot,pronoun,function-words,nơi này,here,,krdict,
이런,ireon,determiner,function-words,như thế này,"this, such, of this kind",,krdict,
이렇다,ireota,adjective,function-words,như thế này,"so, like this",,krdict,
이분,ibun,pronoun,function-words,vị này,"this gentleman, this lady, this",,krdict,
자신,jasin,noun,function-words,"tự thân, chính mình, tự mình","self, oneself",自身,krdict,
저,jeo,pronoun,function-words,"em, con, cháu; kia, nọ; ờ…","I, me; that; um, uh, erm",,krdict,
저거,jeogeo,pronoun,function-words,"cái kia, cái nọ",that,,krdict,
저것,jeogeot,pronoun,function-words,"cái kia, cái nọ",that,,krdict,
저곳,jeogot,pronoun,function-words,"chỗ kia, nơi đó, chỗ đó",that place,,krdict,
저기,jeogi,pronoun,function-words,"đằng kia, chỗ đó, chỗ ấy",that place,,krdict,
저런,jeoreon,determiner,function-words,"đó, kia","that, that kind of",,krdict,
저렇다,jeoreota,adjective,function-words,"như thế này, như thế kia","that, like that",,krdict,
저분,jeobun,pronoun,function-words,vị kia,"that gentleman, that lady",,krdict,
저쪽,jeojjok,pronoun,function-words,"đằng kia, chỗ ấy, phía đó",that side,,krdict,
저희,jeohui,pronoun,function-words,"chúng tôi, chúng em, chúng con",our,,krdict,
전,jeon,pronoun,function-words,tôi (rút gọn của 저는),I (short for 저는),,krdict,
절,jeol,pronoun,function-words,tôi (rút gọn của 저를),me (short for 저를),,krdict,
제,je,pronoun,function-words,tôi; của tôi (khiêm nhường),I; my (humble),,krdict,
주,ju,determiner,function-words,"chủ yếu, chính",main,主,krdict,
하지만,hajiman,adverb,function-words,"nhưng, mà, nhưng mà","but, however",,krdict,
결과,gyeolgwa,noun,ideas,kết quả,"result, outcome",結果,krdict,
결심,gyeolsim,noun,ideas,"quyết tâm, lòng quyết tâm","decision, resolution, determination",決心,krdict,
결정,gyeoljeong,noun,ideas,quyết định,decision,決定,krdict,
경험,gyeongheom,noun,ideas,kinh nghiệm,experience,經驗,krdict,
계획,gyehoek,noun,ideas,kế hoạch,"plan, program, scheme",計劃計畫,krdict,
고민,gomin,noun,ideas,"lo lắng, khổ tâm","worry, anguish",苦悶,krdict,
그대로,geudaero,noun,ideas,"cứ vậy, đúng như",itself,,krdict,
금지,geumji,noun,ideas,"cấm chỉ, cấm đoán",ban,禁止,krdict,
기억,gieok,noun,ideas,"ghi nhớ, trí nhớ",memory,記憶,krdict,
기회,gihoe,noun,ideas,cơ hội,"chance, opportunity",機會,krdict,
노력,noryeok,noun,ideas,"cố gắng, nỗ lực","effort, endeavor, hard work",努力,krdict,
능력,neungnyeok,noun,ideas,"khả năng, năng lực","ability, capability, competence",能力,krdict,
단순,dansun,noun,ideas,"đơn giản, đơn thuần",simpleness,單純,krdict,
때문,ttaemun,noun,ideas,"tại vì, vì","because, because of",,krdict,
뜻,tteut,noun,ideas,"ý, ý muốn","intention, opinion, wish",,krdict,
마음,maeum,noun,ideas,"lòng, tấm lòng, tâm trí","heart, mind",,krdict,
모습,moseup,noun,ideas,"hình dáng, hình dạng","appearance, look",,krdict,
모양,moyang,noun,ideas,"hình dáng, hình dạng",shape,模樣,krdict,
목적,mokjeok,noun,ideas,mục đích,purpose,目的,krdict,
물론,mullon,noun,ideas,"tất nhiên, đương nhiên",of course,勿論,krdict,
반대,bandae,noun,ideas,sự trái ngược; sự phản đối,"opposite, contrary",反對,krdict,
방법,bangbeop,noun,ideas,phương pháp,"way, means, manner",方法,krdict,
부분,bubun,noun,ideas,"bộ phận, phần",part,部分,krdict,
비교,bigyo,noun,ideas,so sánh,comparison,比較,krdict,
사실,sasil,noun,ideas,"sự thật, thực tế",fact,事實,krdict,
새것,saegeot,noun,ideas,Cái mới,"new thing, new one",,krdict,
생각,saenggak,noun,ideas,suy nghĩ,thought,,krdict,
생활,saenghwal,noun,ideas,"sinh sống, cuộc sống",life,生活,krdict,
성공,seonggong,noun,ideas,thành công,success,成功,krdict,
수,su,noun,ideas,có thể (cấu trúc -ㄹ 수 있다); cách,"way, possibility",,krdict,
수고,sugo,noun,ideas,vất vả,"trouble, effort",,krdict,
스스로,seuseuro,noun,ideas,tự mình,oneself,,krdict,
신선도,sinseondo,noun,ideas,độ tươi,freshness,新鮮度,krdict,
실수,silsu,noun,ideas,"sai sót, sơ xuất, sai lầm","mistake, blunder",失手,krdict,
실패,silpae,noun,ideas,thất bại,failure,失敗,krdict,
아름다움,areumdaum,noun,ideas,"vẻ đẹp, nét đẹp, cái đẹp",beauty,,krdict,
유명,yumyeong,noun,ideas,"nổi tiếng, nổi danh","being famous, being popular",有名,krdict,
이상,isang,noun,ideas,khác thường,abnormality,異常,krdict,
이유,iyu,noun,ideas,lý do,reason,理由,krdict,
이해,ihae,noun,ideas,"lý giải, hiểu","understanding, comprehension",理解,krdict,
일부,ilbu,noun,ideas,một phần,"part, some, portion",一部,krdict,
자유,jayu,noun,ideas,tự do,freedom,自由,krdict,
잘못,jalmot,noun,ideas,"lỗi, sai lầm","fault, mistake, misstep",,krdict,
정도,jeongdo,noun,ideas,"mức độ, độ, mức",degree,程度,krdict,
정확,jeonghwak,noun,ideas,"chính xác, độ chính xác",accuracy,正確,krdict,
종류,jongnyu,noun,ideas,"chủng loại, loại, loài","kind, sort",種類,krdict,
중요,jungyo,noun,ideas,"trọng yếu, quan trọng",importance,重要,krdict,
직접,jikjeop,noun,ideas,trực tiếp,direct relationship,直接,krdict,
패키지,paekiji,noun,ideas,"gói (dịch vụ, du lịch); bưu kiện",package,,krdict,
편리,pyeolli,noun,ideas,sự tiện lợi,"convenience, handiness",便利,krdict,
필요,piryo,noun,ideas,tất yếu,"need, necessity, requirement",必要,krdict,
행동,haengdong,noun,ideas,hành động,"action, movement behavior, deed",行動,krdict,
혼자,honja,noun,ideas,một mình,"being alone, being by oneself",,krdict,
